
libgomp: Invalid value for environment variable OMP_NUM_THREADS

libgomp: Invalid value for environment variable OMP_NUM_THREADS

libgomp: Invalid value for environment variable OMP_NUM_THREADS

libgomp: Invalid value for environment variable OMP_NUM_THREADS

libgomp: Invalid value for environment variable OMP_NUM_THREADS

libgomp: Invalid value for environment variable OMP_NUM_THREADS

libgomp: Invalid value for environment variable OMP_NUM_THREADS

libgomp: Invalid value for environment variable OMP_NUM_THREADS

libgomp: Invalid value for environment variable OMP_NUM_THREADS

libgomp: 
libgomp: Invalid value for environment variable OMP_NUM_THREADSInvalid value for environment variable OMP_NUM_THREADS


libgomp: Invalid value for environment variable OMP_NUM_THREADS

libgomp: Invalid value for environment variable OMP_NUM_THREADS
TensorBoard is not installed; continuing without tensorboard logging.
Using cpu device
========================================================================
  Shepherding RL v3 – Recurrent PPO
  Run name         : recurrent_seed2
  Seed             : 2
  Scenario         : train
  Parallel envs    : 12
  Total timesteps  : 600,000
========================================================================
---------------------------------
| curriculum/        |          |
|    stage           | 0        |
| time/              |          |
|    fps             | 2598     |
|    iterations      | 1        |
|    time_elapsed    | 1        |
|    total_timesteps | 3072     |
---------------------------------
[Step     6144] SR=1.000 | FracGoal=1.000 | Ret=468.30 | Vis=0.50 | Prog=0.093 | CollEvt=29.00 | Stage=0.00
--------------------------------------------
| curriculum/               |              |
|    stage                  | 0            |
| research/                 |              |
|    collision_count        | 58           |
|    collision_event_count  | 29           |
|    curriculum_stage       | 0            |
|    episode_length         | 346          |
|    episode_return         | 468          |
|    fraction_at_goal       | 1            |
|    reward_collision       | -0.0193      |
|    reward_progress        | 0.0929       |
|    reward_zero_visibility | -0.0751      |
|    stray_count            | 0            |
|    success_rate           | 1            |
|    visibility_ratio       | 0.502        |
| rollout/                  |              |
|    ep_len_mean            | 346          |
|    ep_rew_mean            | 468          |
| time/                     |              |
|    fps                    | 184          |
|    iterations             | 2            |
|    time_elapsed           | 33           |
|    total_timesteps        | 6144         |
| train/                    |              |
|    approx_kl              | 0.0060871067 |
|    clip_fraction          | 0.0276       |
|    clip_range             | 0.2          |
|    entropy_loss           | -2.84        |
|    explained_variance     | 0.00256      |
|    learning_rate          | 0.000298     |
|    loss                   | 0.306        |
|    n_updates              | 10           |
|    policy_gradient_loss   | -0.00354     |
|    std                    | 1            |
|    value_loss             | 0.921        |
--------------------------------------------
-----------------------------------------
| curriculum/             |             |
|    stage                | 0           |
| rollout/                |             |
|    ep_len_mean          | 670         |
|    ep_rew_mean          | 520         |
| time/                   |             |
|    fps                  | 226         |
|    iterations           | 3           |
|    time_elapsed         | 40          |
|    total_timesteps      | 9216        |
| train/                  |             |
|    approx_kl            | 0.009317862 |
|    clip_fraction        | 0.0769      |
|    clip_range           | 0.2         |
|    entropy_loss         | -2.84       |
|    explained_variance   | 0.667       |
|    learning_rate        | 0.000297    |
|    loss                 | -0.0172     |
|    n_updates            | 20          |
|    policy_gradient_loss | -0.0118     |
|    std                  | 1           |
|    value_loss           | 0.0658      |
-----------------------------------------
[Step    12288] SR=0.154 | FracGoal=0.185 | Ret=512.03 | Vis=0.36 | Prog=0.020 | CollEvt=30.77 | Stage=0.00
-------------------------------------------
| curriculum/               |             |
|    stage                  | 0           |
| research/                 |             |
|    collision_count        | 63.4        |
|    collision_event_count  | 30.8        |
|    curriculum_stage       | 0           |
|    episode_length         | 640         |
|    episode_return         | 512         |
|    fraction_at_goal       | 0.185       |
|    reward_collision       | -0.012      |
|    reward_progress        | 0.0199      |
|    reward_zero_visibility | -0.123      |
|    stray_count            | 0.846       |
|    success_rate           | 0.154       |
|    visibility_ratio       | 0.364       |
| rollout/                  |             |
|    ep_len_mean            | 640         |
|    ep_rew_mean            | 512         |
| time/                     |             |
|    fps                    | 182         |
|    iterations             | 4           |
|    time_elapsed           | 67          |
|    total_timesteps        | 12288       |
| train/                    |             |
|    approx_kl              | 0.015190585 |
|    clip_fraction          | 0.154       |
|    clip_range             | 0.2         |
|    entropy_loss           | -2.84       |
|    explained_variance     | 0.85        |
|    learning_rate          | 0.000295    |
|    loss                   | -0.017      |
|    n_updates              | 30          |
|    policy_gradient_loss   | -0.0191     |
|    std                    | 1           |
|    value_loss             | 0.058       |
-------------------------------------------
-----------------------------------------
| curriculum/             |             |
|    stage                | 0           |
| rollout/                |             |
|    ep_len_mean          | 633         |
|    ep_rew_mean          | 527         |
| time/                   |             |
|    fps                  | 205         |
|    iterations           | 5           |
|    time_elapsed         | 74          |
|    total_timesteps      | 15360       |
| train/                  |             |
|    approx_kl            | 0.016062252 |
|    clip_fraction        | 0.176       |
|    clip_range           | 0.2         |
|    entropy_loss         | -2.84       |
|    explained_variance   | 0.791       |
|    learning_rate        | 0.000294    |
|    loss                 | -0.0294     |
|    n_updates            | 40          |
|    policy_gradient_loss | -0.0213     |
|    std                  | 0.996       |
|    value_loss           | 0.0609      |
-----------------------------------------
[Step    18432] SR=0.125 | FracGoal=0.208 | Ret=608.19 | Vis=0.38 | Prog=0.028 | CollEvt=38.96 | Stage=0.00
-------------------------------------------
| curriculum/               |             |
|    stage                  | 0           |
| research/                 |             |
|    collision_count        | 81.7        |
|    collision_event_count  | 39          |
|    curriculum_stage       | 0           |
|    episode_length         | 658         |
|    episode_return         | 608         |
|    fraction_at_goal       | 0.208       |
|    reward_collision       | -0.0144     |
|    reward_progress        | 0.0276      |
|    reward_zero_visibility | -0.114      |
|    stray_count            | 0.5         |
|    success_rate           | 0.125       |
|    visibility_ratio       | 0.378       |
| rollout/                  |             |
|    ep_len_mean            | 658         |
|    ep_rew_mean            | 608         |
| time/                     |             |
|    fps                    | 215         |
|    iterations             | 6           |
|    time_elapsed           | 85          |
|    total_timesteps        | 18432       |
| train/                    |             |
|    approx_kl              | 0.012567213 |
|    clip_fraction          | 0.152       |
|    clip_range             | 0.2         |
|    entropy_loss           | -2.82       |
|    explained_variance     | 0.816       |
|    learning_rate          | 0.000292    |
|    loss                   | -0.0319     |
|    n_updates              | 50          |
|    policy_gradient_loss   | -0.0209     |
|    std                    | 0.99        |
|    value_loss             | 0.0422      |
-------------------------------------------
-----------------------------------------
| curriculum/             |             |
|    stage                | 0           |
| rollout/                |             |
|    ep_len_mean          | 645         |
|    ep_rew_mean          | 606         |
| time/                   |             |
|    fps                  | 209         |
|    iterations           | 7           |
|    time_elapsed         | 102         |
|    total_timesteps      | 21504       |
| train/                  |             |
|    approx_kl            | 0.021617692 |
|    clip_fraction        | 0.214       |
|    clip_range           | 0.2         |
|    entropy_loss         | -2.81       |
|    explained_variance   | 0.81        |
|    learning_rate        | 0.000291    |
|    loss                 | -0.0407     |
|    n_updates            | 60          |
|    policy_gradient_loss | -0.0215     |
|    std                  | 0.979       |
|    value_loss           | 0.0381      |
-----------------------------------------
[Step    24576] SR=0.172 | FracGoal=0.279 | Ret=618.57 | Vis=0.41 | Prog=0.033 | CollEvt=41.45 | Stage=0.00
-------------------------------------------
| curriculum/               |             |
|    stage                  | 0           |
| research/                 |             |
|    collision_count        | 87.9        |
|    collision_event_count  | 41.4        |
|    curriculum_stage       | 0           |
|    episode_length         | 640         |
|    episode_return         | 619         |
|    fraction_at_goal       | 0.279       |
|    reward_collision       | -0.0156     |
|    reward_progress        | 0.0329      |
|    reward_zero_visibility | -0.103      |
|    stray_count            | 0.414       |
|    success_rate           | 0.172       |
|    visibility_ratio       | 0.407       |
| rollout/                  |             |
|    ep_len_mean            | 640         |
|    ep_rew_mean            | 619         |
| time/                     |             |
|    fps                    | 217         |
|    iterations             | 8           |
|    time_elapsed           | 112         |
|    total_timesteps        | 24576       |
| train/                    |             |
|    approx_kl              | 0.022497263 |
|    clip_fraction          | 0.208       |
|    clip_range             | 0.2         |
|    entropy_loss           | -2.8        |
|    explained_variance     | 0.649       |
|    learning_rate          | 0.000289    |
|    loss                   | -0.0575     |
|    n_updates              | 70          |
|    policy_gradient_loss   | -0.0211     |
|    std                    | 0.979       |
|    value_loss             | 0.0386      |
-------------------------------------------
[validation @ 25,008] SR=0.067 | FracGoal=0.125 | MeanDist=6.75 | best=0.125
-----------------------------------------
| curriculum/             |             |
|    stage                | 0           |
| rollout/                |             |
|    ep_len_mean          | 652         |
|    ep_rew_mean          | 657         |
| time/                   |             |
|    fps                  | 178         |
|    iterations           | 9           |
|    time_elapsed         | 154         |
|    total_timesteps      | 27648       |
| train/                  |             |
|    approx_kl            | 0.018764202 |
|    clip_fraction        | 0.188       |
|    clip_range           | 0.2         |
|    entropy_loss         | -2.79       |
|    explained_variance   | 0.643       |
|    learning_rate        | 0.000288    |
|    loss                 | -0.0296     |
|    n_updates            | 80          |
|    policy_gradient_loss | -0.0247     |
|    std                  | 0.974       |
|    value_loss           | 0.0348      |
| validation/             |             |
|    episode_length       | 660         |
|    fraction_at_goal     | 0.125       |
|    mean_dist_to_goal    | 6.75        |
|    success_rate         | 0.0667      |
-----------------------------------------
[Step    30720] SR=0.167 | FracGoal=0.274 | Ret=647.15 | Vis=0.42 | Prog=0.038 | CollEvt=45.64 | Stage=0.00
-------------------------------------------
| curriculum/               |             |
|    stage                  | 0           |
| research/                 |             |
|    collision_count        | 99.1        |
|    collision_event_count  | 45.6        |
|    curriculum_stage       | 0           |
|    episode_length         | 636         |
|    episode_return         | 647         |
|    fraction_at_goal       | 0.274       |
|    reward_collision       | -0.0169     |
|    reward_progress        | 0.0377      |
|    reward_zero_visibility | -0.0959     |
|    stray_count            | 0.286       |
|    success_rate           | 0.167       |
|    visibility_ratio       | 0.422       |
| rollout/                  |             |
|    ep_len_mean            | 636         |
|    ep_rew_mean            | 647         |
| time/                     |             |
|    fps                    | 174         |
|    iterations             | 10          |
|    time_elapsed           | 175         |
|    total_timesteps        | 30720       |
| train/                    |             |
|    approx_kl              | 0.018963467 |
|    clip_fraction          | 0.16        |
|    clip_range             | 0.2         |
|    entropy_loss           | -2.78       |
|    explained_variance     | 0.812       |
|    learning_rate          | 0.000286    |
|    loss                   | -0.0258     |
|    n_updates              | 90          |
|    policy_gradient_loss   | -0.0182     |
|    std                    | 0.966       |
|    value_loss             | 0.0318      |
-------------------------------------------
-----------------------------------------
| curriculum/             |             |
|    stage                | 0           |
| rollout/                |             |
|    ep_len_mean          | 645         |
|    ep_rew_mean          | 643         |
| time/                   |             |
|    fps                  | 174         |
|    iterations           | 11          |
|    time_elapsed         | 193         |
|    total_timesteps      | 33792       |
| train/                  |             |
|    approx_kl            | 0.021780735 |
|    clip_fraction        | 0.223       |
|    clip_range           | 0.2         |
|    entropy_loss         | -2.77       |
|    explained_variance   | 0.835       |
|    learning_rate        | 0.000285    |
|    loss                 | -0.0349     |
|    n_updates            | 100         |
|    policy_gradient_loss | -0.0192     |
|    std                  | 0.966       |
|    value_loss           | 0.0532      |
-----------------------------------------
[Step    36864] SR=0.170 | FracGoal=0.270 | Ret=645.70 | Vis=0.45 | Prog=0.039 | CollEvt=46.15 | Stage=0.00
-------------------------------------------
| curriculum/               |             |
|    stage                  | 0           |
| research/                 |             |
|    collision_count        | 101         |
|    collision_event_count  | 46.2        |
|    curriculum_stage       | 0           |
|    episode_length         | 633         |
|    episode_return         | 646         |
|    fraction_at_goal       | 0.27        |
|    reward_collision       | -0.0169     |
|    reward_progress        | 0.0391      |
|    reward_zero_visibility | -0.09       |
|    stray_count            | 0.226       |
|    success_rate           | 0.17        |
|    visibility_ratio       | 0.45        |
| rollout/                  |             |
|    ep_len_mean            | 633         |
|    ep_rew_mean            | 646         |
| time/                     |             |
|    fps                    | 169         |
|    iterations             | 12          |
|    time_elapsed           | 217         |
|    total_timesteps        | 36864       |
| train/                    |             |
|    approx_kl              | 0.018999325 |
|    clip_fraction          | 0.199       |
|    clip_range             | 0.2         |
|    entropy_loss           | -2.77       |
|    explained_variance     | 0.906       |
|    learning_rate          | 0.000283    |
|    loss                   | -0.0381     |
|    n_updates              | 110         |
|    policy_gradient_loss   | -0.0262     |
|    std                    | 0.962       |
|    value_loss             | 0.0268      |
-------------------------------------------
-----------------------------------------
| curriculum/             |             |
|    stage                | 0           |
| rollout/                |             |
|    ep_len_mean          | 599         |
|    ep_rew_mean          | 632         |
| time/                   |             |
|    fps                  | 171         |
|    iterations           | 13          |
|    time_elapsed         | 233         |
|    total_timesteps      | 39936       |
| train/                  |             |
|    approx_kl            | 0.023955218 |
|    clip_fraction        | 0.214       |
|    clip_range           | 0.2         |
|    entropy_loss         | -2.76       |
|    explained_variance   | 0.704       |
|    learning_rate        | 0.000282    |
|    loss                 | -0.0314     |
|    n_updates            | 120         |
|    policy_gradient_loss | -0.0267     |
|    std                  | 0.957       |
|    value_loss           | 0.0452      |
-----------------------------------------
[Step    43008] SR=0.250 | FracGoal=0.333 | Ret=633.02 | Vis=0.49 | Prog=0.048 | CollEvt=44.64 | Stage=0.00
-------------------------------------------
| curriculum/               |             |
|    stage                  | 0           |
| research/                 |             |
|    collision_count        | 103         |
|    collision_event_count  | 44.6        |
|    curriculum_stage       | 0           |
|    episode_length         | 602         |
|    episode_return         | 633         |
|    fraction_at_goal       | 0.333       |
|    reward_collision       | -0.0173     |
|    reward_progress        | 0.0475      |
|    reward_zero_visibility | -0.0813     |
|    stray_count            | 0.234       |
|    success_rate           | 0.25        |
|    visibility_ratio       | 0.489       |
| rollout/                  |             |
|    ep_len_mean            | 602         |
|    ep_rew_mean            | 633         |
| time/                     |             |
|    fps                    | 166         |
|    iterations             | 14          |
|    time_elapsed           | 257         |
|    total_timesteps        | 43008       |
| train/                    |             |
|    approx_kl              | 0.022597557 |
|    clip_fraction          | 0.175       |
|    clip_range             | 0.2         |
|    entropy_loss           | -2.75       |
|    explained_variance     | 0.608       |
|    learning_rate          | 0.00028     |
|    loss                   | -0.0278     |
|    n_updates              | 130         |
|    policy_gradient_loss   | -0.02       |
|    std                    | 0.958       |
|    value_loss             | 0.0656      |
-------------------------------------------
-----------------------------------------
| curriculum/             |             |
|    stage                | 0           |
| rollout/                |             |
|    ep_len_mean          | 593         |
|    ep_rew_mean          | 633         |
| time/                   |             |
|    fps                  | 172         |
|    iterations           | 15          |
|    time_elapsed         | 267         |
|    total_timesteps      | 46080       |
| train/                  |             |
|    approx_kl            | 0.021783073 |
|    clip_fraction        | 0.22        |
|    clip_range           | 0.2         |
|    entropy_loss         | -2.75       |
|    explained_variance   | 0.879       |
|    learning_rate        | 0.000278    |
|    loss                 | -0.0608     |
|    n_updates            | 140         |
|    policy_gradient_loss | -0.0222     |
|    std                  | 0.954       |
|    value_loss           | 0.0275      |
-----------------------------------------
[Step    49152] SR=0.263 | FracGoal=0.346 | Ret=639.57 | Vis=0.49 | Prog=0.053 | CollEvt=43.96 | Stage=0.00
-----------------------------------------
| curriculum/               |           |
|    stage                  | 0         |
| research/                 |           |
|    collision_count        | 104       |
|    collision_event_count  | 44        |
|    curriculum_stage       | 0         |
|    episode_length         | 597       |
|    episode_return         | 640       |
|    fraction_at_goal       | 0.346     |
|    reward_collision       | -0.017    |
|    reward_progress        | 0.0527    |
|    reward_zero_visibility | -0.0834   |
|    stray_count            | 0.197     |
|    success_rate           | 0.263     |
|    visibility_ratio       | 0.485     |
| rollout/                  |           |
|    ep_len_mean            | 597       |
|    ep_rew_mean            | 640       |
| time/                     |           |
|    fps                    | 168       |
|    iterations             | 16        |
|    time_elapsed           | 292       |
|    total_timesteps        | 49152     |
| train/                    |           |
|    approx_kl              | 0.0265789 |
|    clip_fraction          | 0.251     |
|    clip_range             | 0.2       |
|    entropy_loss           | -2.74     |
|    explained_variance     | 0.872     |
|    learning_rate          | 0.000277  |
|    loss                   | -0.0513   |
|    n_updates              | 150       |
|    policy_gradient_loss   | -0.0212   |
|    std                    | 0.949     |
|    value_loss             | 0.0482    |
-----------------------------------------
[validation @ 50,016] SR=0.067 | FracGoal=0.129 | MeanDist=6.13 | best=0.129
-----------------------------------------
| curriculum/             |             |
|    stage                | 0           |
| rollout/                |             |
|    ep_len_mean          | 594         |
|    ep_rew_mean          | 638         |
| time/                   |             |
|    fps                  | 154         |
|    iterations           | 17          |
|    time_elapsed         | 337         |
|    total_timesteps      | 52224       |
| train/                  |             |
|    approx_kl            | 0.026815347 |
|    clip_fraction        | 0.236       |
|    clip_range           | 0.2         |
|    entropy_loss         | -2.73       |
|    explained_variance   | 0.878       |
|    learning_rate        | 0.000275    |
|    loss                 | -0.043      |
|    n_updates            | 160         |
|    policy_gradient_loss | -0.0225     |
|    std                  | 0.943       |
|    value_loss           | 0.0308      |
| validation/             |             |
|    episode_length       | 666         |
|    fraction_at_goal     | 0.129       |
|    mean_dist_to_goal    | 6.13        |
|    success_rate         | 0.0667      |
-----------------------------------------
[Step    55296] SR=0.281 | FracGoal=0.365 | Ret=654.11 | Vis=0.49 | Prog=0.052 | CollEvt=41.71 | Stage=0.00
-------------------------------------------
| curriculum/               |             |
|    stage                  | 0           |
| research/                 |             |
|    collision_count        | 98.6        |
|    collision_event_count  | 41.7        |
|    curriculum_stage       | 0           |
|    episode_length         | 596         |
|    episode_return         | 654         |
|    fraction_at_goal       | 0.365       |
|    reward_collision       | -0.0162     |
|    reward_progress        | 0.0523      |
|    reward_zero_visibility | -0.0812     |
|    stray_count            | 0.258       |
|    success_rate           | 0.281       |
|    visibility_ratio       | 0.492       |
| rollout/                  |             |
|    ep_len_mean            | 596         |
|    ep_rew_mean            | 654         |
| time/                     |             |
|    fps                    | 157         |
|    iterations             | 18          |
|    time_elapsed           | 351         |
|    total_timesteps        | 55296       |
| train/                    |             |
|    approx_kl              | 0.037799664 |
|    clip_fraction          | 0.233       |
|    clip_range             | 0.2         |
|    entropy_loss           | -2.71       |
|    explained_variance     | 0.683       |
|    learning_rate          | 0.000274    |
|    loss                   | -0.0428     |
|    n_updates              | 170         |
|    policy_gradient_loss   | -0.0258     |
|    std                    | 0.936       |
|    value_loss             | 0.0577      |
-------------------------------------------
-----------------------------------------
| curriculum/             |             |
|    stage                | 0           |
| rollout/                |             |
|    ep_len_mean          | 578         |
|    ep_rew_mean          | 641         |
| time/                   |             |
|    fps                  | 158         |
|    iterations           | 19          |
|    time_elapsed         | 369         |
|    total_timesteps      | 58368       |
| train/                  |             |
|    approx_kl            | 0.042382084 |
|    clip_fraction        | 0.248       |
|    clip_range           | 0.2         |
|    entropy_loss         | -2.7        |
|    explained_variance   | 0.796       |
|    learning_rate        | 0.000272    |
|    loss                 | -0.0356     |
|    n_updates            | 180         |
|    policy_gradient_loss | -0.0251     |
|    std                  | 0.93        |
|    value_loss           | 0.0271      |
-----------------------------------------
[Step    61440] SR=0.330 | FracGoal=0.411 | Ret=641.73 | Vis=0.51 | Prog=0.061 | CollEvt=39.25 | Stage=0.00
------------------------------------------
| curriculum/               |            |
|    stage                  | 0          |
| research/                 |            |
|    collision_count        | 92.5       |
|    collision_event_count  | 39.2       |
|    curriculum_stage       | 0          |
|    episode_length         | 572        |
|    episode_return         | 642        |
|    fraction_at_goal       | 0.411      |
|    reward_collision       | -0.0156    |
|    reward_progress        | 0.0608     |
|    reward_zero_visibility | -0.0782    |
|    stray_count            | 0.24       |
|    success_rate           | 0.33       |
|    visibility_ratio       | 0.506      |
| rollout/                  |            |
|    ep_len_mean            | 572        |
|    ep_rew_mean            | 642        |
| time/                     |            |
|    fps                    | 159        |
|    iterations             | 20         |
|    time_elapsed           | 384        |
|    total_timesteps        | 61440      |
| train/                    |            |
|    approx_kl              | 0.03603796 |
|    clip_fraction          | 0.242      |
|    clip_range             | 0.2        |
|    entropy_loss           | -2.7       |
|    explained_variance     | 0.625      |
|    learning_rate          | 0.000271   |
|    loss                   | -0.0317    |
|    n_updates              | 190        |
|    policy_gradient_loss   | -0.0178    |
|    std                    | 0.931      |
|    value_loss             | 0.05       |
------------------------------------------
----------------------------------------
| curriculum/             |            |
|    stage                | 0          |
| rollout/                |            |
|    ep_len_mean          | 555        |
|    ep_rew_mean          | 656        |
| time/                   |            |
|    fps                  | 160        |
|    iterations           | 21         |
|    time_elapsed         | 402        |
|    total_timesteps      | 64512      |
| train/                  |            |
|    approx_kl            | 0.03437151 |
|    clip_fraction        | 0.241      |
|    clip_range           | 0.2        |
|    entropy_loss         | -2.69      |
|    explained_variance   | 0.707      |
|    learning_rate        | 0.000269   |
|    loss                 | -0.0357    |
|    n_updates            | 200        |
|    policy_gradient_loss | -0.0221    |
|    std                  | 0.929      |
|    value_loss           | 0.0441     |
----------------------------------------
[Step    67584] SR=0.390 | FracGoal=0.484 | Ret=655.35 | Vis=0.53 | Prog=0.070 | CollEvt=39.37 | Stage=0.00
-------------------------------------------
| curriculum/               |             |
|    stage                  | 0           |
| research/                 |             |
|    collision_count        | 93.8        |
|    collision_event_count  | 39.4        |
|    curriculum_stage       | 0           |
|    episode_length         | 548         |
|    episode_return         | 655         |
|    fraction_at_goal       | 0.484       |
|    reward_collision       | -0.016      |
|    reward_progress        | 0.0702      |
|    reward_zero_visibility | -0.0715     |
|    stray_count            | 0.13        |
|    success_rate           | 0.39        |
|    visibility_ratio       | 0.529       |
| rollout/                  |             |
|    ep_len_mean            | 548         |
|    ep_rew_mean            | 655         |
| time/                     |             |
|    fps                    | 159         |
|    iterations             | 22          |
|    time_elapsed           | 422         |
|    total_timesteps        | 67584       |
| train/                    |             |
|    approx_kl              | 0.029563943 |
|    clip_fraction          | 0.278       |
|    clip_range             | 0.2         |
|    entropy_loss           | -2.69       |
|    explained_variance     | 0.864       |
|    learning_rate          | 0.000268    |
|    loss                   | -0.0411     |
|    n_updates              | 210         |
|    policy_gradient_loss   | -0.0193     |
|    std                    | 0.922       |
|    value_loss             | 0.0293      |
-------------------------------------------
-----------------------------------------
| curriculum/             |             |
|    stage                | 0           |
| rollout/                |             |
|    ep_len_mean          | 550         |
|    ep_rew_mean          | 657         |
| time/                   |             |
|    fps                  | 161         |
|    iterations           | 23          |
|    time_elapsed         | 437         |
|    total_timesteps      | 70656       |
| train/                  |             |
|    approx_kl            | 0.019797612 |
|    clip_fraction        | 0.183       |
|    clip_range           | 0.2         |
|    entropy_loss         | -2.66       |
|    explained_variance   | 0.637       |
|    learning_rate        | 0.000266    |
|    loss                 | -0.037      |
|    n_updates            | 220         |
|    policy_gradient_loss | -0.0161     |
|    std                  | 0.911       |
|    value_loss           | 0.0396      |
-----------------------------------------
[Step    73728] SR=0.390 | FracGoal=0.505 | Ret=659.80 | Vis=0.52 | Prog=0.072 | CollEvt=38.94 | Stage=0.00
-------------------------------------------
| curriculum/               |             |
|    stage                  | 0           |
| research/                 |             |
|    collision_count        | 93.3        |
|    collision_event_count  | 38.9        |
|    curriculum_stage       | 0           |
|    episode_length         | 545         |
|    episode_return         | 660         |
|    fraction_at_goal       | 0.505       |
|    reward_collision       | -0.0158     |
|    reward_progress        | 0.0724      |
|    reward_zero_visibility | -0.0763     |
|    stray_count            | 0.13        |
|    success_rate           | 0.39        |
|    visibility_ratio       | 0.519       |
| rollout/                  |             |
|    ep_len_mean            | 545         |
|    ep_rew_mean            | 660         |
| time/                     |             |
|    fps                    | 163         |
|    iterations             | 24          |
|    time_elapsed           | 450         |
|    total_timesteps        | 73728       |
| train/                    |             |
|    approx_kl              | 0.027610896 |
|    clip_fraction          | 0.235       |
|    clip_range             | 0.2         |
|    entropy_loss           | -2.65       |
|    explained_variance     | 0.879       |
|    learning_rate          | 0.000265    |
|    loss                   | -0.042      |
|    n_updates              | 230         |
|    policy_gradient_loss   | -0.0151     |
|    std                    | 0.908       |
|    value_loss             | 0.0125      |
-------------------------------------------
[validation @ 75,024] SR=0.067 | FracGoal=0.135 | MeanDist=6.12 | best=0.135
----------------------------------------
| curriculum/             |            |
|    stage                | 0          |
| rollout/                |            |
|    ep_len_mean          | 544        |
|    ep_rew_mean          | 660        |
| time/                   |            |
|    fps                  | 152        |
|    iterations           | 25         |
|    time_elapsed         | 502        |
|    total_timesteps      | 76800      |
| train/                  |            |
|    approx_kl            | 0.03178759 |
|    clip_fraction        | 0.254      |
|    clip_range           | 0.2        |
|    entropy_loss         | -2.64      |
|    explained_variance   | 0.907      |
|    learning_rate        | 0.000263   |
|    loss                 | -0.0306    |
|    n_updates            | 240        |
|    policy_gradient_loss | -0.0202    |
|    std                  | 0.903      |
|    value_loss           | 0.0239     |
| validation/             |            |
|    episode_length       | 660        |
|    fraction_at_goal     | 0.135      |
|    mean_dist_to_goal    | 6.12       |
|    success_rate         | 0.0667     |
----------------------------------------
[Step    79872] SR=0.410 | FracGoal=0.511 | Ret=657.85 | Vis=0.52 | Prog=0.073 | CollEvt=36.73 | Stage=0.00
-------------------------------------------
| curriculum/               |             |
|    stage                  | 0           |
| research/                 |             |
|    collision_count        | 87.8        |
|    collision_event_count  | 36.7        |
|    curriculum_stage       | 0           |
|    episode_length         | 541         |
|    episode_return         | 658         |
|    fraction_at_goal       | 0.511       |
|    reward_collision       | -0.0152     |
|    reward_progress        | 0.0732      |
|    reward_zero_visibility | -0.0781     |
|    stray_count            | 0.13        |
|    success_rate           | 0.41        |
|    visibility_ratio       | 0.516       |
| rollout/                  |             |
|    ep_len_mean            | 541         |
|    ep_rew_mean            | 658         |
| time/                     |             |
|    fps                    | 155         |
|    iterations             | 26          |
|    time_elapsed           | 515         |
|    total_timesteps        | 79872       |
| train/                    |             |
|    approx_kl              | 0.029926455 |
|    clip_fraction          | 0.236       |
|    clip_range             | 0.2         |
|    entropy_loss           | -2.63       |
|    explained_variance     | 0.837       |
|    learning_rate          | 0.000262    |
|    loss                   | -0.0196     |
|    n_updates              | 250         |
|    policy_gradient_loss   | -0.0221     |
|    std                    | 0.902       |
|    value_loss             | 0.02        |
-------------------------------------------
-----------------------------------------
| curriculum/             |             |
|    stage                | 0           |
| rollout/                |             |
|    ep_len_mean          | 537         |
|    ep_rew_mean          | 654         |
| time/                   |             |
|    fps                  | 154         |
|    iterations           | 27          |
|    time_elapsed         | 536         |
|    total_timesteps      | 82944       |
| train/                  |             |
|    approx_kl            | 0.029684752 |
|    clip_fraction        | 0.233       |
|    clip_range           | 0.2         |
|    entropy_loss         | -2.63       |
|    explained_variance   | 0.807       |
|    learning_rate        | 0.00026     |
|    loss                 | -0.0647     |
|    n_updates            | 260         |
|    policy_gradient_loss | -0.0229     |
|    std                  | 0.902       |
|    value_loss           | 0.0255      |
-----------------------------------------
[Step    86016] SR=0.470 | FracGoal=0.595 | Ret=659.95 | Vis=0.53 | Prog=0.081 | CollEvt=33.38 | Stage=0.00
-------------------------------------------
| curriculum/               |             |
|    stage                  | 0           |
| research/                 |             |
|    collision_count        | 81.1        |
|    collision_event_count  | 33.4        |
|    curriculum_stage       | 0           |
|    episode_length         | 518         |
|    episode_return         | 660         |
|    fraction_at_goal       | 0.595       |
|    reward_collision       | -0.0145     |
|    reward_progress        | 0.0814      |
|    reward_zero_visibility | -0.0763     |
|    stray_count            | 0.14        |
|    success_rate           | 0.47        |
|    visibility_ratio       | 0.526       |
| rollout/                  |             |
|    ep_len_mean            | 518         |
|    ep_rew_mean            | 660         |
| time/                     |             |
|    fps                    | 155         |
|    iterations             | 28          |
|    time_elapsed           | 553         |
|    total_timesteps        | 86016       |
| train/                    |             |
|    approx_kl              | 0.033728547 |
|    clip_fraction          | 0.265       |
|    clip_range             | 0.2         |
|    entropy_loss           | -2.62       |
|    explained_variance     | 0.793       |
|    learning_rate          | 0.000259    |
|    loss                   | -0.0362     |
|    n_updates              | 270         |
|    policy_gradient_loss   | -0.0284     |
|    std                    | 0.891       |
|    value_loss             | 0.0387      |
-------------------------------------------
-----------------------------------------
| curriculum/             |             |
|    stage                | 0           |
| rollout/                |             |
|    ep_len_mean          | 514         |
|    ep_rew_mean          | 656         |
| time/                   |             |
|    fps                  | 153         |
|    iterations           | 29          |
|    time_elapsed         | 578         |
|    total_timesteps      | 89088       |
| train/                  |             |
|    approx_kl            | 0.030376038 |
|    clip_fraction        | 0.246       |
|    clip_range           | 0.2         |
|    entropy_loss         | -2.6        |
|    explained_variance   | 0.751       |
|    learning_rate        | 0.000257    |
|    loss                 | -0.0445     |
|    n_updates            | 280         |
|    policy_gradient_loss | -0.028      |
|    std                  | 0.889       |
|    value_loss           | 0.0671      |
-----------------------------------------
[Step    92160] SR=0.470 | FracGoal=0.591 | Ret=656.60 | Vis=0.53 | Prog=0.085 | CollEvt=32.43 | Stage=0.00
------------------------------------------
| curriculum/               |            |
|    stage                  | 0          |
| research/                 |            |
|    collision_count        | 78.6       |
|    collision_event_count  | 32.4       |
|    curriculum_stage       | 0          |
|    episode_length         | 514        |
|    episode_return         | 657        |
|    fraction_at_goal       | 0.591      |
|    reward_collision       | -0.0137    |
|    reward_progress        | 0.085      |
|    reward_zero_visibility | -0.074     |
|    stray_count            | 0.14       |
|    success_rate           | 0.47       |
|    visibility_ratio       | 0.534      |
| rollout/                  |            |
|    ep_len_mean            | 514        |
|    ep_rew_mean            | 657        |
| time/                     |            |
|    fps                    | 154        |
|    iterations             | 30         |
|    time_elapsed           | 594        |
|    total_timesteps        | 92160      |
| train/                    |            |
|    approx_kl              | 0.04046785 |
|    clip_fraction          | 0.254      |
|    clip_range             | 0.2        |
|    entropy_loss           | -2.6       |
|    explained_variance     | 0.69       |
|    learning_rate          | 0.000255   |
|    loss                   | -0.0311    |
|    n_updates              | 290        |
|    policy_gradient_loss   | -0.0237    |
|    std                    | 0.89       |
|    value_loss             | 0.0587     |
------------------------------------------
-----------------------------------------
| curriculum/             |             |
|    stage                | 0           |
| rollout/                |             |
|    ep_len_mean          | 499         |
|    ep_rew_mean          | 651         |
| time/                   |             |
|    fps                  | 154         |
|    iterations           | 31          |
|    time_elapsed         | 614         |
|    total_timesteps      | 95232       |
| train/                  |             |
|    approx_kl            | 0.044395577 |
|    clip_fraction        | 0.245       |
|    clip_range           | 0.2         |
|    entropy_loss         | -2.61       |
|    explained_variance   | 0.841       |
|    learning_rate        | 0.000254    |
|    loss                 | -0.0224     |
|    n_updates            | 300         |
|    policy_gradient_loss | -0.0252     |
|    std                  | 0.89        |
|    value_loss           | 0.025       |
-----------------------------------------
[Step    98304] SR=0.490 | FracGoal=0.631 | Ret=646.83 | Vis=0.56 | Prog=0.093 | CollEvt=29.38 | Stage=0.00
-------------------------------------------
| curriculum/               |             |
|    stage                  | 0           |
| research/                 |             |
|    collision_count        | 68.5        |
|    collision_event_count  | 29.4        |
|    curriculum_stage       | 0           |
|    episode_length         | 494         |
|    episode_return         | 647         |
|    fraction_at_goal       | 0.631       |
|    reward_collision       | -0.0128     |
|    reward_progress        | 0.093       |
|    reward_zero_visibility | -0.0659     |
|    stray_count            | 0.11        |
|    success_rate           | 0.49        |
|    visibility_ratio       | 0.556       |
| rollout/                  |             |
|    ep_len_mean            | 494         |
|    ep_rew_mean            | 647         |
| time/                     |             |
|    fps                    | 154         |
|    iterations             | 32          |
|    time_elapsed           | 635         |
|    total_timesteps        | 98304       |
| train/                    |             |
|    approx_kl              | 0.034220196 |
|    clip_fraction          | 0.255       |
|    clip_range             | 0.2         |
|    entropy_loss           | -2.6        |
|    explained_variance     | 0.699       |
|    learning_rate          | 0.000252    |
|    loss                   | -0.0408     |
|    n_updates              | 310         |
|    policy_gradient_loss   | -0.0268     |
|    std                    | 0.888       |
|    value_loss             | 0.0561      |
-------------------------------------------
[validation @ 100,032] SR=0.100 | FracGoal=0.151 | MeanDist=6.37 | best=0.151
Adaptive curriculum advanced to stage 0.33 at timestep 100,200
-----------------------------------------
| curriculum/             |             |
|    stage                | 0.33        |
| rollout/                |             |
|    ep_len_mean          | 492         |
|    ep_rew_mean          | 646         |
| time/                   |             |
|    fps                  | 149         |
|    iterations           | 33          |
|    time_elapsed         | 679         |
|    total_timesteps      | 101376      |
| train/                  |             |
|    approx_kl            | 0.030576011 |
|    clip_fraction        | 0.242       |
|    clip_range           | 0.2         |
|    entropy_loss         | -2.6        |
|    explained_variance   | 0.857       |
|    learning_rate        | 0.000251    |
|    loss                 | -0.0616     |
|    n_updates            | 320         |
|    policy_gradient_loss | -0.0331     |
|    std                  | 0.888       |
|    value_loss           | 0.0231      |
| validation/             |             |
|    episode_length       | 656         |
|    fraction_at_goal     | 0.151       |
|    mean_dist_to_goal    | 6.37        |
|    success_rate         | 0.1         |
-----------------------------------------
[Step   104448] SR=0.470 | FracGoal=0.616 | Ret=650.30 | Vis=0.56 | Prog=0.094 | CollEvt=29.13 | Stage=0.30
-------------------------------------------
| curriculum/               |             |
|    stage                  | 0.33        |
| research/                 |             |
|    collision_count        | 70.2        |
|    collision_event_count  | 29.1        |
|    curriculum_stage       | 0.297       |
|    episode_length         | 497         |
|    episode_return         | 650         |
|    fraction_at_goal       | 0.616       |
|    reward_collision       | -0.0127     |
|    reward_progress        | 0.0945      |
|    reward_zero_visibility | -0.065      |
|    stray_count            | 0.06        |
|    success_rate           | 0.47        |
|    visibility_ratio       | 0.561       |
| rollout/                  |             |
|    ep_len_mean            | 497         |
|    ep_rew_mean            | 650         |
| time/                     |             |
|    fps                    | 149         |
|    iterations             | 34          |
|    time_elapsed           | 697         |
|    total_timesteps        | 104448      |
| train/                    |             |
|    approx_kl              | 0.033067495 |
|    clip_fraction          | 0.247       |
|    clip_range             | 0.2         |
|    entropy_loss           | -2.6        |
|    explained_variance     | 0.789       |
|    learning_rate          | 0.000249    |
|    loss                   | -0.0643     |
|    n_updates              | 330         |
|    policy_gradient_loss   | -0.0201     |
|    std                    | 0.883       |
|    value_loss             | 0.0397      |
-------------------------------------------
-----------------------------------------
| curriculum/             |             |
|    stage                | 0.33        |
| rollout/                |             |
|    ep_len_mean          | 497         |
|    ep_rew_mean          | 650         |
| time/                   |             |
|    fps                  | 150         |
|    iterations           | 35          |
|    time_elapsed         | 713         |
|    total_timesteps      | 107520      |
| train/                  |             |
|    approx_kl            | 0.036382116 |
|    clip_fraction        | 0.268       |
|    clip_range           | 0.2         |
|    entropy_loss         | -2.58       |
|    explained_variance   | 0.894       |
|    learning_rate        | 0.000248    |
|    loss                 | -0.0431     |
|    n_updates            | 340         |
|    policy_gradient_loss | -0.0303     |
|    std                  | 0.878       |
|    value_loss           | 0.0152      |
-----------------------------------------
[Step   110592] SR=0.430 | FracGoal=0.587 | Ret=664.38 | Vis=0.56 | Prog=0.090 | CollEvt=29.36 | Stage=0.33
-------------------------------------------
| curriculum/               |             |
|    stage                  | 0.33        |
| research/                 |             |
|    collision_count        | 72.7        |
|    collision_event_count  | 29.4        |
|    curriculum_stage       | 0.33        |
|    episode_length         | 513         |
|    episode_return         | 664         |
|    fraction_at_goal       | 0.587       |
|    reward_collision       | -0.0127     |
|    reward_progress        | 0.0905      |
|    reward_zero_visibility | -0.0622     |
|    stray_count            | 0.05        |
|    success_rate           | 0.43        |
|    visibility_ratio       | 0.562       |
| rollout/                  |             |
|    ep_len_mean            | 513         |
|    ep_rew_mean            | 664         |
| time/                     |             |
|    fps                    | 153         |
|    iterations             | 36          |
|    time_elapsed           | 721         |
|    total_timesteps        | 110592      |
| train/                    |             |
|    approx_kl              | 0.043059364 |
|    clip_fraction          | 0.283       |
|    clip_range             | 0.2         |
|    entropy_loss           | -2.57       |
|    explained_variance     | 0.854       |
|    learning_rate          | 0.000246    |
|    loss                   | -0.0193     |
|    n_updates              | 350         |
|    policy_gradient_loss   | -0.0198     |
|    std                    | 0.874       |
|    value_loss             | 0.019       |
-------------------------------------------
-----------------------------------------
| curriculum/             |             |
|    stage                | 0.33        |
| rollout/                |             |
|    ep_len_mean          | 527         |
|    ep_rew_mean          | 675         |
| time/                   |             |
|    fps                  | 153         |
|    iterations           | 37          |
|    time_elapsed         | 739         |
|    total_timesteps      | 113664      |
| train/                  |             |
|    approx_kl            | 0.043672357 |
|    clip_fraction        | 0.261       |
|    clip_range           | 0.2         |
|    entropy_loss         | -2.56       |
|    explained_variance   | 0.895       |
|    learning_rate        | 0.000245    |
|    loss                 | -0.0503     |
|    n_updates            | 360         |
|    policy_gradient_loss | -0.0233     |
|    std                  | 0.871       |
|    value_loss           | 0.0258      |
-----------------------------------------
[Step   116736] SR=0.400 | FracGoal=0.563 | Ret=675.35 | Vis=0.56 | Prog=0.086 | CollEvt=29.15 | Stage=0.33
-------------------------------------------
| curriculum/               |             |
|    stage                  | 0.33        |
| research/                 |             |
|    collision_count        | 74.9        |
|    collision_event_count  | 29.1        |
|    curriculum_stage       | 0.33        |
|    episode_length         | 527         |
|    episode_return         | 675         |
|    fraction_at_goal       | 0.563       |
|    reward_collision       | -0.0125     |
|    reward_progress        | 0.0862      |
|    reward_zero_visibility | -0.0623     |
|    stray_count            | 0.04        |
|    success_rate           | 0.4         |
|    visibility_ratio       | 0.561       |
| rollout/                  |             |
|    ep_len_mean            | 527         |
|    ep_rew_mean            | 675         |
| time/                     |             |
|    fps                    | 154         |
|    iterations             | 38          |
|    time_elapsed           | 756         |
|    total_timesteps        | 116736      |
| train/                    |             |
|    approx_kl              | 0.038231753 |
|    clip_fraction          | 0.26        |
|    clip_range             | 0.2         |
|    entropy_loss           | -2.56       |
|    explained_variance     | 0.701       |
|    learning_rate          | 0.000243    |
|    loss                   | -0.0527     |
|    n_updates              | 370         |
|    policy_gradient_loss   | -0.0238     |
|    std                    | 0.868       |
|    value_loss             | 0.0374      |
-------------------------------------------
----------------------------------------
| curriculum/             |            |
|    stage                | 0.33       |
| rollout/                |            |
|    ep_len_mean          | 546        |
|    ep_rew_mean          | 696        |
| time/                   |            |
|    fps                  | 157        |
|    iterations           | 39         |
|    time_elapsed         | 761        |
|    total_timesteps      | 119808     |
| train/                  |            |
|    approx_kl            | 0.03573243 |
|    clip_fraction        | 0.278      |
|    clip_range           | 0.2        |
|    entropy_loss         | -2.55      |
|    explained_variance   | 0.705      |
|    learning_rate        | 0.000242   |
|    loss                 | -0.0374    |
|    n_updates            | 380        |
|    policy_gradient_loss | -0.0222    |
|    std                  | 0.863      |
|    value_loss           | 0.0109     |
----------------------------------------
[Step   122880] SR=0.350 | FracGoal=0.518 | Ret=696.09 | Vis=0.57 | Prog=0.081 | CollEvt=27.81 | Stage=0.33
-------------------------------------------
| curriculum/               |             |
|    stage                  | 0.33        |
| research/                 |             |
|    collision_count        | 79.1        |
|    collision_event_count  | 27.8        |
|    curriculum_stage       | 0.33        |
|    episode_length         | 546         |
|    episode_return         | 696         |
|    fraction_at_goal       | 0.518       |
|    reward_collision       | -0.0119     |
|    reward_progress        | 0.0815      |
|    reward_zero_visibility | -0.0576     |
|    stray_count            | 0.07        |
|    success_rate           | 0.35        |
|    visibility_ratio       | 0.571       |
| rollout/                  |             |
|    ep_len_mean            | 546         |
|    ep_rew_mean            | 696         |
| time/                     |             |
|    fps                    | 156         |
|    iterations             | 40          |
|    time_elapsed           | 786         |
|    total_timesteps        | 122880      |
| train/                    |             |
|    approx_kl              | 0.046991933 |
|    clip_fraction          | 0.287       |
|    clip_range             | 0.2         |
|    entropy_loss           | -2.54       |
|    explained_variance     | 0.826       |
|    learning_rate          | 0.00024     |
|    loss                   | -0.0493     |
|    n_updates              | 390         |
|    policy_gradient_loss   | -0.0253     |
|    std                    | 0.857       |
|    value_loss             | 0.0162      |
-------------------------------------------
[validation @ 125,040] SR=0.200 | FracGoal=0.312 | MeanDist=5.17 | best=0.312
-----------------------------------------
| curriculum/             |             |
|    stage                | 0.33        |
| rollout/                |             |
|    ep_len_mean          | 546         |
|    ep_rew_mean          | 694         |
| time/                   |             |
|    fps                  | 152         |
|    iterations           | 41          |
|    time_elapsed         | 825         |
|    total_timesteps      | 125952      |
| train/                  |             |
|    approx_kl            | 0.044873364 |
|    clip_fraction        | 0.277       |
|    clip_range           | 0.2         |
|    entropy_loss         | -2.53       |
|    explained_variance   | 0.817       |
|    learning_rate        | 0.000239    |
|    loss                 | -0.0242     |
|    n_updates            | 400         |
|    policy_gradient_loss | -0.0302     |
|    std                  | 0.854       |
|    value_loss           | 0.0285      |
| validation/             |             |
|    episode_length       | 617         |
|    fraction_at_goal     | 0.312       |
|    mean_dist_to_goal    | 5.17        |
|    success_rate         | 0.2         |
-----------------------------------------
[Step   129024] SR=0.330 | FracGoal=0.482 | Ret=700.35 | Vis=0.61 | Prog=0.078 | CollEvt=27.02 | Stage=0.33
-------------------------------------------
| curriculum/               |             |
|    stage                  | 0.33        |
| research/                 |             |
|    collision_count        | 81          |
|    collision_event_count  | 27          |
|    curriculum_stage       | 0.33        |
|    episode_length         | 556         |
|    episode_return         | 700         |
|    fraction_at_goal       | 0.482       |
|    reward_collision       | -0.0116     |
|    reward_progress        | 0.0778      |
|    reward_zero_visibility | -0.0456     |
|    stray_count            | 0.11        |
|    success_rate           | 0.33        |
|    visibility_ratio       | 0.612       |
| rollout/                  |             |
|    ep_len_mean            | 556         |
|    ep_rew_mean            | 700         |
| time/                     |             |
|    fps                    | 154         |
|    iterations             | 42          |
|    time_elapsed           | 836         |
|    total_timesteps        | 129024      |
| train/                    |             |
|    approx_kl              | 0.038568847 |
|    clip_fraction          | 0.286       |
|    clip_range             | 0.2         |
|    entropy_loss           | -2.52       |
|    explained_variance     | 0.878       |
|    learning_rate          | 0.000237    |
|    loss                   | -0.0383     |
|    n_updates              | 410         |
|    policy_gradient_loss   | -0.0248     |
|    std                    | 0.853       |
|    value_loss             | 0.0177      |
-------------------------------------------
-----------------------------------------
| curriculum/             |             |
|    stage                | 0.33        |
| rollout/                |             |
|    ep_len_mean          | 549         |
|    ep_rew_mean          | 697         |
| time/                   |             |
|    fps                  | 153         |
|    iterations           | 43          |
|    time_elapsed         | 859         |
|    total_timesteps      | 132096      |
| train/                  |             |
|    approx_kl            | 0.050516225 |
|    clip_fraction        | 0.301       |
|    clip_range           | 0.2         |
|    entropy_loss         | -2.52       |
|    explained_variance   | 0.825       |
|    learning_rate        | 0.000235    |
|    loss                 | -0.0319     |
|    n_updates            | 420         |
|    policy_gradient_loss | -0.0271     |
|    std                  | 0.851       |
|    value_loss           | 0.0132      |
-----------------------------------------
[Step   135168] SR=0.330 | FracGoal=0.480 | Ret=699.94 | Vis=0.63 | Prog=0.079 | CollEvt=25.57 | Stage=0.33
-------------------------------------------
| curriculum/               |             |
|    stage                  | 0.33        |
| research/                 |             |
|    collision_count        | 78          |
|    collision_event_count  | 25.6        |
|    curriculum_stage       | 0.33        |
|    episode_length         | 552         |
|    episode_return         | 700         |
|    fraction_at_goal       | 0.48        |
|    reward_collision       | -0.011      |
|    reward_progress        | 0.0789      |
|    reward_zero_visibility | -0.0415     |
|    stray_count            | 0.11        |
|    success_rate           | 0.33        |
|    visibility_ratio       | 0.628       |
| rollout/                  |             |
|    ep_len_mean            | 552         |
|    ep_rew_mean            | 700         |
| time/                     |             |
|    fps                    | 154         |
|    iterations             | 44          |
|    time_elapsed           | 874         |
|    total_timesteps        | 135168      |
| train/                    |             |
|    approx_kl              | 0.034679305 |
|    clip_fraction          | 0.316       |
|    clip_range             | 0.2         |
|    entropy_loss           | -2.52       |
|    explained_variance     | 0.752       |
|    learning_rate          | 0.000234    |
|    loss                   | -0.0392     |
|    n_updates              | 430         |
|    policy_gradient_loss   | -0.0157     |
|    std                    | 0.851       |
|    value_loss             | 0.0274      |
-------------------------------------------
-----------------------------------------
| curriculum/             |             |
|    stage                | 0.33        |
| rollout/                |             |
|    ep_len_mean          | 561         |
|    ep_rew_mean          | 715         |
| time/                   |             |
|    fps                  | 155         |
|    iterations           | 45          |
|    time_elapsed         | 888         |
|    total_timesteps      | 138240      |
| train/                  |             |
|    approx_kl            | 0.040054105 |
|    clip_fraction        | 0.26        |
|    clip_range           | 0.2         |
|    entropy_loss         | -2.51       |
|    explained_variance   | 0.737       |
|    learning_rate        | 0.000232    |
|    loss                 | -0.069      |
|    n_updates            | 440         |
|    policy_gradient_loss | -0.029      |
|    std                  | 0.848       |
|    value_loss           | 0.0186      |
-----------------------------------------
[Step   141312] SR=0.310 | FracGoal=0.455 | Ret=715.62 | Vis=0.64 | Prog=0.074 | CollEvt=24.41 | Stage=0.33
------------------------------------------
| curriculum/               |            |
|    stage                  | 0.33       |
| research/                 |            |
|    collision_count        | 75.2       |
|    collision_event_count  | 24.4       |
|    curriculum_stage       | 0.33       |
|    episode_length         | 565        |
|    episode_return         | 716        |
|    fraction_at_goal       | 0.455      |
|    reward_collision       | -0.0101    |
|    reward_progress        | 0.0738     |
|    reward_zero_visibility | -0.0358    |
|    stray_count            | 0.14       |
|    success_rate           | 0.31       |
|    visibility_ratio       | 0.64       |
| rollout/                  |            |
|    ep_len_mean            | 565        |
|    ep_rew_mean            | 716        |
| time/                     |            |
|    fps                    | 155        |
|    iterations             | 46         |
|    time_elapsed           | 911        |
|    total_timesteps        | 141312     |
| train/                    |            |
|    approx_kl              | 0.03224487 |
|    clip_fraction          | 0.25       |
|    clip_range             | 0.2        |
|    entropy_loss           | -2.5       |
|    explained_variance     | 0.772      |
|    learning_rate          | 0.000231   |
|    loss                   | -0.0579    |
|    n_updates              | 450        |
|    policy_gradient_loss   | -0.0318    |
|    std                    | 0.845      |
|    value_loss             | 0.0244     |
------------------------------------------
-----------------------------------------
| curriculum/             |             |
|    stage                | 0.33        |
| rollout/                |             |
|    ep_len_mean          | 561         |
|    ep_rew_mean          | 709         |
| time/                   |             |
|    fps                  | 155         |
|    iterations           | 47          |
|    time_elapsed         | 928         |
|    total_timesteps      | 144384      |
| train/                  |             |
|    approx_kl            | 0.033830963 |
|    clip_fraction        | 0.25        |
|    clip_range           | 0.2         |
|    entropy_loss         | -2.5        |
|    explained_variance   | 0.81        |
|    learning_rate        | 0.000229    |
|    loss                 | -0.0397     |
|    n_updates            | 460         |
|    policy_gradient_loss | -0.0318     |
|    std                  | 0.843       |
|    value_loss           | 0.0724      |
-----------------------------------------
[Step   147456] SR=0.270 | FracGoal=0.406 | Ret=727.58 | Vis=0.63 | Prog=0.069 | CollEvt=25.14 | Stage=0.33
-------------------------------------------
| curriculum/               |             |
|    stage                  | 0.33        |
| research/                 |             |
|    collision_count        | 81.7        |
|    collision_event_count  | 25.1        |
|    curriculum_stage       | 0.33        |
|    episode_length         | 580         |
|    episode_return         | 728         |
|    fraction_at_goal       | 0.406       |
|    reward_collision       | -0.0105     |
|    reward_progress        | 0.0688      |
|    reward_zero_visibility | -0.0364     |
|    stray_count            | 0.16        |
|    success_rate           | 0.27        |
|    visibility_ratio       | 0.632       |
| rollout/                  |             |
|    ep_len_mean            | 580         |
|    ep_rew_mean            | 728         |
| time/                     |             |
|    fps                    | 156         |
|    iterations             | 48          |
|    time_elapsed           | 942         |
|    total_timesteps        | 147456      |
| train/                    |             |
|    approx_kl              | 0.043721035 |
|    clip_fraction          | 0.283       |
|    clip_range             | 0.2         |
|    entropy_loss           | -2.49       |
|    explained_variance     | 0.748       |
|    learning_rate          | 0.000228    |
|    loss                   | -0.0432     |
|    n_updates              | 470         |
|    policy_gradient_loss   | -0.0243     |
|    std                    | 0.836       |
|    value_loss             | 0.0373      |
-------------------------------------------
[validation @ 150,048] SR=0.100 | FracGoal=0.203 | MeanDist=6.01 | best=0.312
-----------------------------------------
| curriculum/             |             |
|    stage                | 0.33        |
| rollout/                |             |
|    ep_len_mean          | 580         |
|    ep_rew_mean          | 727         |
| time/                   |             |
|    fps                  | 150         |
|    iterations           | 49          |
|    time_elapsed         | 997         |
|    total_timesteps      | 150528      |
| train/                  |             |
|    approx_kl            | 0.033697985 |
|    clip_fraction        | 0.265       |
|    clip_range           | 0.2         |
|    entropy_loss         | -2.48       |
|    explained_variance   | 0.829       |
|    learning_rate        | 0.000226    |
|    loss                 | -0.0629     |
|    n_updates            | 480         |
|    policy_gradient_loss | -0.0234     |
|    std                  | 0.836       |
|    value_loss           | 0.0373      |
| validation/             |             |
|    episode_length       | 651         |
|    fraction_at_goal     | 0.203       |
|    mean_dist_to_goal    | 6.01        |
|    success_rate         | 0.1         |
-----------------------------------------
[Step   153600] SR=0.260 | FracGoal=0.401 | Ret=737.18 | Vis=0.63 | Prog=0.064 | CollEvt=25.03 | Stage=0.33
-------------------------------------------
| curriculum/               |             |
|    stage                  | 0.33        |
| research/                 |             |
|    collision_count        | 83.2        |
|    collision_event_count  | 25          |
|    curriculum_stage       | 0.33        |
|    episode_length         | 589         |
|    episode_return         | 737         |
|    fraction_at_goal       | 0.401       |
|    reward_collision       | -0.0106     |
|    reward_progress        | 0.064       |
|    reward_zero_visibility | -0.0356     |
|    stray_count            | 0.19        |
|    success_rate           | 0.26        |
|    visibility_ratio       | 0.625       |
| rollout/                  |             |
|    ep_len_mean            | 589         |
|    ep_rew_mean            | 737         |
| time/                     |             |
|    fps                    | 151         |
|    iterations             | 50          |
|    time_elapsed           | 1016        |
|    total_timesteps        | 153600      |
| train/                    |             |
|    approx_kl              | 0.052351348 |
|    clip_fraction          | 0.256       |
|    clip_range             | 0.2         |
|    entropy_loss           | -2.48       |
|    explained_variance     | 0.719       |
|    learning_rate          | 0.000225    |
|    loss                   | -0.0655     |
|    n_updates              | 490         |
|    policy_gradient_loss   | -0.0341     |
|    std                    | 0.837       |
|    value_loss             | 0.0433      |
-------------------------------------------
-----------------------------------------
| curriculum/             |             |
|    stage                | 0.33        |
| rollout/                |             |
|    ep_len_mean          | 600         |
|    ep_rew_mean          | 750         |
| time/                   |             |
|    fps                  | 151         |
|    iterations           | 51          |
|    time_elapsed         | 1032        |
|    total_timesteps      | 156672      |
| train/                  |             |
|    approx_kl            | 0.049465798 |
|    clip_fraction        | 0.315       |
|    clip_range           | 0.2         |
|    entropy_loss         | -2.48       |
|    explained_variance   | 0.815       |
|    learning_rate        | 0.000223    |
|    loss                 | -0.0579     |
|    n_updates            | 500         |
|    policy_gradient_loss | -0.0333     |
|    std                  | 0.833       |
|    value_loss           | 0.0267      |
-----------------------------------------
[Step   159744] SR=0.210 | FracGoal=0.366 | Ret=771.57 | Vis=0.62 | Prog=0.053 | CollEvt=24.81 | Stage=0.33
-------------------------------------------
| curriculum/               |             |
|    stage                  | 0.33        |
| research/                 |             |
|    collision_count        | 85.4        |
|    collision_event_count  | 24.8        |
|    curriculum_stage       | 0.33        |
|    episode_length         | 617         |
|    episode_return         | 772         |
|    fraction_at_goal       | 0.366       |
|    reward_collision       | -0.0104     |
|    reward_progress        | 0.0529      |
|    reward_zero_visibility | -0.0365     |
|    stray_count            | 0.2         |
|    success_rate           | 0.21        |
|    visibility_ratio       | 0.617       |
| rollout/                  |             |
|    ep_len_mean            | 617         |
|    ep_rew_mean            | 772         |
| time/                     |             |
|    fps                    | 151         |
|    iterations             | 52          |
|    time_elapsed           | 1052        |
|    total_timesteps        | 159744      |
| train/                    |             |
|    approx_kl              | 0.049960412 |
|    clip_fraction          | 0.287       |
|    clip_range             | 0.2         |
|    entropy_loss           | -2.47       |
|    explained_variance     | 0.884       |
|    learning_rate          | 0.000222    |
|    loss                   | -0.0563     |
|    n_updates              | 510         |
|    policy_gradient_loss   | -0.0365     |
|    std                    | 0.827       |
|    value_loss             | 0.0187      |
-------------------------------------------
----------------------------------------
| curriculum/             |            |
|    stage                | 0.33       |
| rollout/                |            |
|    ep_len_mean          | 622        |
|    ep_rew_mean          | 775        |
| time/                   |            |
|    fps                  | 151        |
|    iterations           | 53         |
|    time_elapsed         | 1075       |
|    total_timesteps      | 162816     |
| train/                  |            |
|    approx_kl            | 0.04233601 |
|    clip_fraction        | 0.3        |
|    clip_range           | 0.2        |
|    entropy_loss         | -2.45      |
|    explained_variance   | 0.793      |
|    learning_rate        | 0.00022    |
|    loss                 | -0.0505    |
|    n_updates            | 520        |
|    policy_gradient_loss | -0.0279    |
|    std                  | 0.823      |
|    value_loss           | 0.0271     |
----------------------------------------
[Step   165888] SR=0.210 | FracGoal=0.388 | Ret=775.66 | Vis=0.62 | Prog=0.054 | CollEvt=23.40 | Stage=0.33
-------------------------------------------
| curriculum/               |             |
|    stage                  | 0.33        |
| research/                 |             |
|    collision_count        | 79.2        |
|    collision_event_count  | 23.4        |
|    curriculum_stage       | 0.33        |
|    episode_length         | 617         |
|    episode_return         | 776         |
|    fraction_at_goal       | 0.388       |
|    reward_collision       | -0.0099     |
|    reward_progress        | 0.054       |
|    reward_zero_visibility | -0.0357     |
|    stray_count            | 0.18        |
|    success_rate           | 0.21        |
|    visibility_ratio       | 0.617       |
| rollout/                  |             |
|    ep_len_mean            | 617         |
|    ep_rew_mean            | 776         |
| time/                     |             |
|    fps                    | 152         |
|    iterations             | 54          |
|    time_elapsed           | 1086        |
|    total_timesteps        | 165888      |
| train/                    |             |
|    approx_kl              | 0.049517937 |
|    clip_fraction          | 0.305       |
|    clip_range             | 0.2         |
|    entropy_loss           | -2.44       |
|    explained_variance     | 0.824       |
|    learning_rate          | 0.000219    |
|    loss                   | -0.0473     |
|    n_updates              | 530         |
|    policy_gradient_loss   | -0.032      |
|    std                    | 0.817       |
|    value_loss             | 0.0112      |
-------------------------------------------
----------------------------------------
| curriculum/             |            |
|    stage                | 0.33       |
| rollout/                |            |
|    ep_len_mean          | 611        |
|    ep_rew_mean          | 775        |
| time/                   |            |
|    fps                  | 152        |
|    iterations           | 55         |
|    time_elapsed         | 1106       |
|    total_timesteps      | 168960     |
| train/                  |            |
|    approx_kl            | 0.05262389 |
|    clip_fraction        | 0.299      |
|    clip_range           | 0.2        |
|    entropy_loss         | -2.43      |
|    explained_variance   | 0.762      |
|    learning_rate        | 0.000217   |
|    loss                 | -0.0456    |
|    n_updates            | 540        |
|    policy_gradient_loss | -0.0252    |
|    std                  | 0.815      |
|    value_loss           | 0.0336     |
----------------------------------------
[Step   172032] SR=0.240 | FracGoal=0.406 | Ret=772.72 | Vis=0.62 | Prog=0.055 | CollEvt=23.37 | Stage=0.33
-------------------------------------------
| curriculum/               |             |
|    stage                  | 0.33        |
| research/                 |             |
|    collision_count        | 81.3        |
|    collision_event_count  | 23.4        |
|    curriculum_stage       | 0.33        |
|    episode_length         | 610         |
|    episode_return         | 773         |
|    fraction_at_goal       | 0.406       |
|    reward_collision       | -0.0101     |
|    reward_progress        | 0.0553      |
|    reward_zero_visibility | -0.0333     |
|    stray_count            | 0.22        |
|    success_rate           | 0.24        |
|    visibility_ratio       | 0.624       |
| rollout/                  |             |
|    ep_len_mean            | 610         |
|    ep_rew_mean            | 773         |
| time/                     |             |
|    fps                    | 152         |
|    iterations             | 56          |
|    time_elapsed           | 1125        |
|    total_timesteps        | 172032      |
| train/                    |             |
|    approx_kl              | 0.038799718 |
|    clip_fraction          | 0.281       |
|    clip_range             | 0.2         |
|    entropy_loss           | -2.43       |
|    explained_variance     | 0.778       |
|    learning_rate          | 0.000216    |
|    loss                   | -0.0617     |
|    n_updates              | 550         |
|    policy_gradient_loss   | -0.0243     |
|    std                    | 0.814       |
|    value_loss             | 0.0396      |
-------------------------------------------
[validation @ 175,056] SR=0.167 | FracGoal=0.207 | MeanDist=5.29 | best=0.312
----------------------------------------
| curriculum/             |            |
|    stage                | 0.33       |
| rollout/                |            |
|    ep_len_mean          | 609        |
|    ep_rew_mean          | 783        |
| time/                   |            |
|    fps                  | 149        |
|    iterations           | 57         |
|    time_elapsed         | 1171       |
|    total_timesteps      | 175104     |
| train/                  |            |
|    approx_kl            | 0.05844447 |
|    clip_fraction        | 0.299      |
|    clip_range           | 0.2        |
|    entropy_loss         | -2.42      |
|    explained_variance   | 0.709      |
|    learning_rate        | 0.000214   |
|    loss                 | -0.0467    |
|    n_updates            | 560        |
|    policy_gradient_loss | -0.0317    |
|    std                  | 0.812      |
|    value_loss           | 0.0316     |
| validation/             |            |
|    episode_length       | 605        |
|    fraction_at_goal     | 0.207      |
|    mean_dist_to_goal    | 5.29       |
|    success_rate         | 0.167      |
----------------------------------------
[Step   178176] SR=0.280 | FracGoal=0.436 | Ret=774.16 | Vis=0.64 | Prog=0.058 | CollEvt=23.91 | Stage=0.33
-------------------------------------------
| curriculum/               |             |
|    stage                  | 0.33        |
| research/                 |             |
|    collision_count        | 80.2        |
|    collision_event_count  | 23.9        |
|    curriculum_stage       | 0.33        |
|    episode_length         | 599         |
|    episode_return         | 774         |
|    fraction_at_goal       | 0.436       |
|    reward_collision       | -0.0105     |
|    reward_progress        | 0.0582      |
|    reward_zero_visibility | -0.0283     |
|    stray_count            | 0.22        |
|    success_rate           | 0.28        |
|    visibility_ratio       | 0.64        |
| rollout/                  |             |
|    ep_len_mean            | 599         |
|    ep_rew_mean            | 774         |
| time/                     |             |
|    fps                    | 149         |
|    iterations             | 58          |
|    time_elapsed           | 1189        |
|    total_timesteps        | 178176      |
| train/                    |             |
|    approx_kl              | 0.060094353 |
|    clip_fraction          | 0.303       |
|    clip_range             | 0.2         |
|    entropy_loss           | -2.42       |
|    explained_variance     | 0.606       |
|    learning_rate          | 0.000212    |
|    loss                   | -0.0468     |
|    n_updates              | 570         |
|    policy_gradient_loss   | -0.0246     |
|    std                    | 0.807       |
|    value_loss             | 0.0589      |
-------------------------------------------
-----------------------------------------
| curriculum/             |             |
|    stage                | 0.33        |
| rollout/                |             |
|    ep_len_mean          | 590         |
|    ep_rew_mean          | 769         |
| time/                   |             |
|    fps                  | 150         |
|    iterations           | 59          |
|    time_elapsed         | 1205        |
|    total_timesteps      | 181248      |
| train/                  |             |
|    approx_kl            | 0.041582152 |
|    clip_fraction        | 0.275       |
|    clip_range           | 0.2         |
|    entropy_loss         | -2.41       |
|    explained_variance   | 0.755       |
|    learning_rate        | 0.000211    |
|    loss                 | -0.0585     |
|    n_updates            | 580         |
|    policy_gradient_loss | -0.0299     |
|    std                  | 0.807       |
|    value_loss           | 0.0313      |
-----------------------------------------
[Step   184320] SR=0.330 | FracGoal=0.481 | Ret=766.37 | Vis=0.64 | Prog=0.065 | CollEvt=21.70 | Stage=0.33
------------------------------------------
| curriculum/               |            |
|    stage                  | 0.33       |
| research/                 |            |
|    collision_count        | 71.6       |
|    collision_event_count  | 21.7       |
|    curriculum_stage       | 0.33       |
|    episode_length         | 580        |
|    episode_return         | 766        |
|    fraction_at_goal       | 0.481      |
|    reward_collision       | -0.00972   |
|    reward_progress        | 0.0645     |
|    reward_zero_visibility | -0.0281    |
|    stray_count            | 0.21       |
|    success_rate           | 0.33       |
|    visibility_ratio       | 0.641      |
| rollout/                  |            |
|    ep_len_mean            | 580        |
|    ep_rew_mean            | 766        |
| time/                     |            |
|    fps                    | 150        |
|    iterations             | 60         |
|    time_elapsed           | 1227       |
|    total_timesteps        | 184320     |
| train/                    |            |
|    approx_kl              | 0.03795786 |
|    clip_fraction          | 0.253      |
|    clip_range             | 0.2        |
|    entropy_loss           | -2.41      |
|    explained_variance     | 0.603      |
|    learning_rate          | 0.000209   |
|    loss                   | -0.0296    |
|    n_updates              | 590        |
|    policy_gradient_loss   | -0.0307    |
|    std                    | 0.806      |
|    value_loss             | 0.0532     |
------------------------------------------
-----------------------------------------
| curriculum/             |             |
|    stage                | 0.33        |
| rollout/                |             |
|    ep_len_mean          | 572         |
|    ep_rew_mean          | 764         |
| time/                   |             |
|    fps                  | 150         |
|    iterations           | 61          |
|    time_elapsed         | 1245        |
|    total_timesteps      | 187392      |
| train/                  |             |
|    approx_kl            | 0.049430788 |
|    clip_fraction        | 0.301       |
|    clip_range           | 0.2         |
|    entropy_loss         | -2.4        |
|    explained_variance   | 0.807       |
|    learning_rate        | 0.000208    |
|    loss                 | -0.0259     |
|    n_updates            | 600         |
|    policy_gradient_loss | -0.0249     |
|    std                  | 0.802       |
|    value_loss           | 0.0352      |
-----------------------------------------
[Step   190464] SR=0.330 | FracGoal=0.516 | Ret=780.40 | Vis=0.64 | Prog=0.064 | CollEvt=20.27 | Stage=0.33
------------------------------------------
| curriculum/               |            |
|    stage                  | 0.33       |
| research/                 |            |
|    collision_count        | 68.6       |
|    collision_event_count  | 20.3       |
|    curriculum_stage       | 0.33       |
|    episode_length         | 582        |
|    episode_return         | 780        |
|    fraction_at_goal       | 0.516      |
|    reward_collision       | -0.00928   |
|    reward_progress        | 0.0643     |
|    reward_zero_visibility | -0.0277    |
|    stray_count            | 0.17       |
|    success_rate           | 0.33       |
|    visibility_ratio       | 0.636      |
| rollout/                  |            |
|    ep_len_mean            | 582        |
|    ep_rew_mean            | 780        |
| time/                     |            |
|    fps                    | 151        |
|    iterations             | 62         |
|    time_elapsed           | 1258       |
|    total_timesteps        | 190464     |
| train/                    |            |
|    approx_kl              | 0.05273446 |
|    clip_fraction          | 0.291      |
|    clip_range             | 0.2        |
|    entropy_loss           | -2.4       |
|    explained_variance     | 0.691      |
|    learning_rate          | 0.000206   |
|    loss                   | -0.0564    |
|    n_updates              | 610        |
|    policy_gradient_loss   | -0.0246    |
|    std                    | 0.804      |
|    value_loss             | 0.039      |
------------------------------------------
Adaptive curriculum advanced to stage 0.66 at timestep 193,416
-----------------------------------------
| curriculum/             |             |
|    stage                | 0.66        |
| rollout/                |             |
|    ep_len_mean          | 554         |
|    ep_rew_mean          | 748         |
| time/                   |             |
|    fps                  | 151         |
|    iterations           | 63          |
|    time_elapsed         | 1280        |
|    total_timesteps      | 193536      |
| train/                  |             |
|    approx_kl            | 0.045521967 |
|    clip_fraction        | 0.298       |
|    clip_range           | 0.2         |
|    entropy_loss         | -2.4        |
|    explained_variance   | 0.906       |
|    learning_rate        | 0.000205    |
|    loss                 | -0.0524     |
|    n_updates            | 620         |
|    policy_gradient_loss | -0.0321     |
|    std                  | 0.801       |
|    value_loss           | 0.0115      |
-----------------------------------------
[Step   196608] SR=0.380 | FracGoal=0.565 | Ret=749.94 | Vis=0.65 | Prog=0.073 | CollEvt=19.89 | Stage=0.46
------------------------------------------
| curriculum/               |            |
|    stage                  | 0.66       |
| research/                 |            |
|    collision_count        | 69.4       |
|    collision_event_count  | 19.9       |
|    curriculum_stage       | 0.462      |
|    episode_length         | 552        |
|    episode_return         | 750        |
|    fraction_at_goal       | 0.565      |
|    reward_collision       | -0.00974   |
|    reward_progress        | 0.0733     |
|    reward_zero_visibility | -0.0256    |
|    stray_count            | 0.13       |
|    success_rate           | 0.38       |
|    visibility_ratio       | 0.654      |
| rollout/                  |            |
|    ep_len_mean            | 552        |
|    ep_rew_mean            | 750        |
| time/                     |            |
|    fps                    | 150        |
|    iterations             | 64         |
|    time_elapsed           | 1303       |
|    total_timesteps        | 196608     |
| train/                    |            |
|    approx_kl              | 0.04652424 |
|    clip_fraction          | 0.264      |
|    clip_range             | 0.2        |
|    entropy_loss           | -2.4       |
|    explained_variance     | 0.653      |
|    learning_rate          | 0.000203   |
|    loss                   | -0.0435    |
|    n_updates              | 630        |
|    policy_gradient_loss   | -0.0287    |
|    std                    | 0.802      |
|    value_loss             | 0.0682     |
------------------------------------------
-----------------------------------------
| curriculum/             |             |
|    stage                | 0.66        |
| rollout/                |             |
|    ep_len_mean          | 569         |
|    ep_rew_mean          | 774         |
| time/                   |             |
|    fps                  | 151         |
|    iterations           | 65          |
|    time_elapsed         | 1319        |
|    total_timesteps      | 199680      |
| train/                  |             |
|    approx_kl            | 0.057708286 |
|    clip_fraction        | 0.311       |
|    clip_range           | 0.2         |
|    entropy_loss         | -2.4        |
|    explained_variance   | 0.853       |
|    learning_rate        | 0.000202    |
|    loss                 | -0.0102     |
|    n_updates            | 640         |
|    policy_gradient_loss | -0.0242     |
|    std                  | 0.801       |
|    value_loss           | 0.0375      |
-----------------------------------------
[validation @ 200,064] SR=0.200 | FracGoal=0.275 | MeanDist=5.21 | best=0.312
[Step   202752] SR=0.390 | FracGoal=0.586 | Ret=770.30 | Vis=0.66 | Prog=0.069 | CollEvt=20.29 | Stage=0.66
-----------------------------------------
| curriculum/               |           |
|    stage                  | 0.66      |
| research/                 |           |
|    collision_count        | 67.1      |
|    collision_event_count  | 20.3      |
|    curriculum_stage       | 0.66      |
|    episode_length         | 562       |
|    episode_return         | 770       |
|    fraction_at_goal       | 0.586     |
|    reward_collision       | -0.00971  |
|    reward_progress        | 0.0694    |
|    reward_zero_visibility | -0.0217   |
|    stray_count            | 0.15      |
|    success_rate           | 0.39      |
|    visibility_ratio       | 0.664     |
| rollout/                  |           |
|    ep_len_mean            | 562       |
|    ep_rew_mean            | 770       |
| time/                     |           |
|    fps                    | 147       |
|    iterations             | 66        |
|    time_elapsed           | 1371      |
|    total_timesteps        | 202752    |
| train/                    |           |
|    approx_kl              | 0.1124337 |
|    clip_fraction          | 0.358     |
|    clip_range             | 0.2       |
|    entropy_loss           | -2.4      |
|    explained_variance     | 0.718     |
|    learning_rate          | 0.0002    |
|    loss                   | -0.033    |
|    n_updates              | 650       |
|    policy_gradient_loss   | -0.0173   |
|    std                    | 0.802     |
|    value_loss             | 0.0719    |
| validation/               |           |
|    episode_length         | 591       |
|    fraction_at_goal       | 0.275     |
|    mean_dist_to_goal      | 5.21      |
|    success_rate           | 0.2       |
-----------------------------------------
----------------------------------------
| curriculum/             |            |
|    stage                | 0.66       |
| rollout/                |            |
|    ep_len_mean          | 573        |
|    ep_rew_mean          | 780        |
| time/                   |            |
|    fps                  | 148        |
|    iterations           | 67         |
|    time_elapsed         | 1388       |
|    total_timesteps      | 205824     |
| train/                  |            |
|    approx_kl            | 0.08137123 |
|    clip_fraction        | 0.351      |
|    clip_range           | 0.2        |
|    entropy_loss         | -2.4       |
|    explained_variance   | 0.712      |
|    learning_rate        | 0.000199   |
|    loss                 | -0.028     |
|    n_updates            | 660        |
|    policy_gradient_loss | -0.0105    |
|    std                  | 0.803      |
|    value_loss           | 0.038      |
----------------------------------------
[Step   208896] SR=0.360 | FracGoal=0.554 | Ret=783.32 | Vis=0.68 | Prog=0.067 | CollEvt=20.55 | Stage=0.66
------------------------------------------
| curriculum/               |            |
|    stage                  | 0.66       |
| research/                 |            |
|    collision_count        | 69.1       |
|    collision_event_count  | 20.5       |
|    curriculum_stage       | 0.66       |
|    episode_length         | 578        |
|    episode_return         | 783        |
|    fraction_at_goal       | 0.554      |
|    reward_collision       | -0.0097    |
|    reward_progress        | 0.0665     |
|    reward_zero_visibility | -0.0229    |
|    stray_count            | 0.11       |
|    success_rate           | 0.36       |
|    visibility_ratio       | 0.677      |
| rollout/                  |            |
|    ep_len_mean            | 578        |
|    ep_rew_mean            | 783        |
| time/                     |            |
|    fps                    | 149        |
|    iterations             | 68         |
|    time_elapsed           | 1401       |
|    total_timesteps        | 208896     |
| train/                    |            |
|    approx_kl              | 0.07817164 |
|    clip_fraction          | 0.349      |
|    clip_range             | 0.2        |
|    entropy_loss           | -2.4       |
|    explained_variance     | 0.765      |
|    learning_rate          | 0.000197   |
|    loss                   | -0.0151    |
|    n_updates              | 670        |
|    policy_gradient_loss   | -0.00813   |
|    std                    | 0.802      |
|    value_loss             | 0.0171     |
------------------------------------------
-----------------------------------------
| curriculum/             |             |
|    stage                | 0.66        |
| rollout/                |             |
|    ep_len_mean          | 571         |
|    ep_rew_mean          | 774         |
| time/                   |             |
|    fps                  | 148         |
|    iterations           | 69          |
|    time_elapsed         | 1423        |
|    total_timesteps      | 211968      |
| train/                  |             |
|    approx_kl            | 0.048142858 |
|    clip_fraction        | 0.313       |
|    clip_range           | 0.2         |
|    entropy_loss         | -2.39       |
|    explained_variance   | 0.698       |
|    learning_rate        | 0.000196    |
|    loss                 | -0.0477     |
|    n_updates            | 680         |
|    policy_gradient_loss | -0.0333     |
|    std                  | 0.8         |
|    value_loss           | 0.03        |
-----------------------------------------
[Step   215040] SR=0.420 | FracGoal=0.588 | Ret=756.11 | Vis=0.68 | Prog=0.075 | CollEvt=20.65 | Stage=0.66
------------------------------------------
| curriculum/               |            |
|    stage                  | 0.66       |
| research/                 |            |
|    collision_count        | 68.3       |
|    collision_event_count  | 20.6       |
|    curriculum_stage       | 0.66       |
|    episode_length         | 558        |
|    episode_return         | 756        |
|    fraction_at_goal       | 0.588      |
|    reward_collision       | -0.00975   |
|    reward_progress        | 0.0748     |
|    reward_zero_visibility | -0.0217    |
|    stray_count            | 0.16       |
|    success_rate           | 0.42       |
|    visibility_ratio       | 0.682      |
| rollout/                  |            |
|    ep_len_mean            | 558        |
|    ep_rew_mean            | 756        |
| time/                     |            |
|    fps                    | 149        |
|    iterations             | 70         |
|    time_elapsed           | 1436       |
|    total_timesteps        | 215040     |
| train/                    |            |
|    approx_kl              | 0.08210259 |
|    clip_fraction          | 0.329      |
|    clip_range             | 0.2        |
|    entropy_loss           | -2.39      |
|    explained_variance     | 0.766      |
|    learning_rate          | 0.000194   |
|    loss                   | -0.0344    |
|    n_updates              | 690        |
|    policy_gradient_loss   | -0.0185    |
|    std                    | 0.799      |
|    value_loss             | 0.0324     |
------------------------------------------
-----------------------------------------
| curriculum/             |             |
|    stage                | 0.66        |
| rollout/                |             |
|    ep_len_mean          | 558         |
|    ep_rew_mean          | 752         |
| time/                   |             |
|    fps                  | 149         |
|    iterations           | 71          |
|    time_elapsed         | 1457        |
|    total_timesteps      | 218112      |
| train/                  |             |
|    approx_kl            | 0.058710545 |
|    clip_fraction        | 0.262       |
|    clip_range           | 0.2         |
|    entropy_loss         | -2.39       |
|    explained_variance   | 0.566       |
|    learning_rate        | 0.000192    |
|    loss                 | -0.0562     |
|    n_updates            | 700         |
|    policy_gradient_loss | -0.0336     |
|    std                  | 0.797       |
|    value_loss           | 0.0798      |
-----------------------------------------
[Step   221184] SR=0.420 | FracGoal=0.570 | Ret=755.50 | Vis=0.68 | Prog=0.073 | CollEvt=20.23 | Stage=0.66
------------------------------------------
| curriculum/               |            |
|    stage                  | 0.66       |
| research/                 |            |
|    collision_count        | 66         |
|    collision_event_count  | 20.2       |
|    curriculum_stage       | 0.66       |
|    episode_length         | 560        |
|    episode_return         | 755        |
|    fraction_at_goal       | 0.57       |
|    reward_collision       | -0.00948   |
|    reward_progress        | 0.0725     |
|    reward_zero_visibility | -0.0216    |
|    stray_count            | 0.18       |
|    success_rate           | 0.42       |
|    visibility_ratio       | 0.68       |
| rollout/                  |            |
|    ep_len_mean            | 560        |
|    ep_rew_mean            | 755        |
| time/                     |            |
|    fps                    | 150        |
|    iterations             | 72         |
|    time_elapsed           | 1472       |
|    total_timesteps        | 221184     |
| train/                    |            |
|    approx_kl              | 0.05372659 |
|    clip_fraction          | 0.299      |
|    clip_range             | 0.2        |
|    entropy_loss           | -2.38      |
|    explained_variance     | 0.876      |
|    learning_rate          | 0.000191   |
|    loss                   | -0.0646    |
|    n_updates              | 710        |
|    policy_gradient_loss   | -0.0317    |
|    std                    | 0.794      |
|    value_loss             | 0.0121     |
------------------------------------------
-----------------------------------------
| curriculum/             |             |
|    stage                | 0.66        |
| rollout/                |             |
|    ep_len_mean          | 542         |
|    ep_rew_mean          | 727         |
| time/                   |             |
|    fps                  | 151         |
|    iterations           | 73          |
|    time_elapsed         | 1483        |
|    total_timesteps      | 224256      |
| train/                  |             |
|    approx_kl            | 0.045472607 |
|    clip_fraction        | 0.304       |
|    clip_range           | 0.2         |
|    entropy_loss         | -2.37       |
|    explained_variance   | 0.8         |
|    learning_rate        | 0.000189    |
|    loss                 | -0.0536     |
|    n_updates            | 720         |
|    policy_gradient_loss | -0.0282     |
|    std                  | 0.79        |
|    value_loss           | 0.0275      |
-----------------------------------------
[validation @ 225,072] SR=0.233 | FracGoal=0.287 | MeanDist=4.24 | best=0.312
[Step   227328] SR=0.450 | FracGoal=0.597 | Ret=710.05 | Vis=0.69 | Prog=0.080 | CollEvt=20.81 | Stage=0.66
------------------------------------------
| curriculum/               |            |
|    stage                  | 0.66       |
| research/                 |            |
|    collision_count        | 63.9       |
|    collision_event_count  | 20.8       |
|    curriculum_stage       | 0.66       |
|    episode_length         | 535        |
|    episode_return         | 710        |
|    fraction_at_goal       | 0.597      |
|    reward_collision       | -0.01      |
|    reward_progress        | 0.0795     |
|    reward_zero_visibility | -0.0223    |
|    stray_count            | 0.15       |
|    success_rate           | 0.45       |
|    visibility_ratio       | 0.688      |
| rollout/                  |            |
|    ep_len_mean            | 535        |
|    ep_rew_mean            | 710        |
| time/                     |            |
|    fps                    | 147        |
|    iterations             | 74         |
|    time_elapsed           | 1541       |
|    total_timesteps        | 227328     |
| train/                    |            |
|    approx_kl              | 0.03492314 |
|    clip_fraction          | 0.273      |
|    clip_range             | 0.2        |
|    entropy_loss           | -2.37      |
|    explained_variance     | 0.7        |
|    learning_rate          | 0.000188   |
|    loss                   | -0.0481    |
|    n_updates              | 730        |
|    policy_gradient_loss   | -0.0293    |
|    std                    | 0.788      |
|    value_loss             | 0.0612     |
| validation/               |            |
|    episode_length         | 621        |
|    fraction_at_goal       | 0.287      |
|    mean_dist_to_goal      | 4.24       |
|    success_rate           | 0.233      |
------------------------------------------
-----------------------------------------
| curriculum/             |             |
|    stage                | 0.66        |
| rollout/                |             |
|    ep_len_mean          | 537         |
|    ep_rew_mean          | 711         |
| time/                   |             |
|    fps                  | 147         |
|    iterations           | 75          |
|    time_elapsed         | 1562        |
|    total_timesteps      | 230400      |
| train/                  |             |
|    approx_kl            | 0.043865543 |
|    clip_fraction        | 0.275       |
|    clip_range           | 0.2         |
|    entropy_loss         | -2.36       |
|    explained_variance   | 0.773       |
|    learning_rate        | 0.000186    |
|    loss                 | -0.0248     |
|    n_updates            | 740         |
|    policy_gradient_loss | -0.0351     |
|    std                  | 0.789       |
|    value_loss           | 0.0403      |
-----------------------------------------
[Step   233472] SR=0.410 | FracGoal=0.567 | Ret=716.42 | Vis=0.67 | Prog=0.078 | CollEvt=20.92 | Stage=0.66
-------------------------------------------
| curriculum/               |             |
|    stage                  | 0.66        |
| research/                 |             |
|    collision_count        | 69.3        |
|    collision_event_count  | 20.9        |
|    curriculum_stage       | 0.66        |
|    episode_length         | 544         |
|    episode_return         | 716         |
|    fraction_at_goal       | 0.567       |
|    reward_collision       | -0.00995    |
|    reward_progress        | 0.0778      |
|    reward_zero_visibility | -0.0249     |
|    stray_count            | 0.14        |
|    success_rate           | 0.41        |
|    visibility_ratio       | 0.673       |
| rollout/                  |             |
|    ep_len_mean            | 544         |
|    ep_rew_mean            | 716         |
| time/                     |             |
|    fps                    | 148         |
|    iterations             | 76          |
|    time_elapsed           | 1577        |
|    total_timesteps        | 233472      |
| train/                    |             |
|    approx_kl              | 0.072262906 |
|    clip_fraction          | 0.326       |
|    clip_range             | 0.2         |
|    entropy_loss           | -2.36       |
|    explained_variance     | 0.897       |
|    learning_rate          | 0.000185    |
|    loss                   | -0.0522     |
|    n_updates              | 750         |
|    policy_gradient_loss   | -0.0191     |
|    std                    | 0.789       |
|    value_loss             | 0.0161      |
-------------------------------------------
-----------------------------------------
| curriculum/             |             |
|    stage                | 0.66        |
| rollout/                |             |
|    ep_len_mean          | 550         |
|    ep_rew_mean          | 716         |
| time/                   |             |
|    fps                  | 148         |
|    iterations           | 77          |
|    time_elapsed         | 1596        |
|    total_timesteps      | 236544      |
| train/                  |             |
|    approx_kl            | 0.054396927 |
|    clip_fraction        | 0.295       |
|    clip_range           | 0.2         |
|    entropy_loss         | -2.36       |
|    explained_variance   | 0.912       |
|    learning_rate        | 0.000183    |
|    loss                 | -0.00746    |
|    n_updates            | 760         |
|    policy_gradient_loss | -0.0222     |
|    std                  | 0.787       |
|    value_loss           | 0.0256      |
-----------------------------------------
[Step   239616] SR=0.390 | FracGoal=0.539 | Ret=726.30 | Vis=0.67 | Prog=0.073 | CollEvt=21.72 | Stage=0.66
------------------------------------------
| curriculum/               |            |
|    stage                  | 0.66       |
| research/                 |            |
|    collision_count        | 74.8       |
|    collision_event_count  | 21.7       |
|    curriculum_stage       | 0.66       |
|    episode_length         | 559        |
|    episode_return         | 726        |
|    fraction_at_goal       | 0.539      |
|    reward_collision       | -0.0103    |
|    reward_progress        | 0.0727     |
|    reward_zero_visibility | -0.0241    |
|    stray_count            | 0.15       |
|    success_rate           | 0.39       |
|    visibility_ratio       | 0.671      |
| rollout/                  |            |
|    ep_len_mean            | 559        |
|    ep_rew_mean            | 726        |
| time/                     |            |
|    fps                    | 148        |
|    iterations             | 78         |
|    time_elapsed           | 1612       |
|    total_timesteps        | 239616     |
| train/                    |            |
|    approx_kl              | 0.06932253 |
|    clip_fraction          | 0.292      |
|    clip_range             | 0.2        |
|    entropy_loss           | -2.36      |
|    explained_variance     | 0.932      |
|    learning_rate          | 0.000182   |
|    loss                   | -0.0632    |
|    n_updates              | 770        |
|    policy_gradient_loss   | -0.027     |
|    std                    | 0.784      |
|    value_loss             | 0.00989    |
------------------------------------------
-----------------------------------------
| curriculum/             |             |
|    stage                | 0.66        |
| rollout/                |             |
|    ep_len_mean          | 562         |
|    ep_rew_mean          | 729         |
| time/                   |             |
|    fps                  | 148         |
|    iterations           | 79          |
|    time_elapsed         | 1632        |
|    total_timesteps      | 242688      |
| train/                  |             |
|    approx_kl            | 0.035905764 |
|    clip_fraction        | 0.295       |
|    clip_range           | 0.2         |
|    entropy_loss         | -2.35       |
|    explained_variance   | 0.821       |
|    learning_rate        | 0.00018     |
|    loss                 | -0.0474     |
|    n_updates            | 780         |
|    policy_gradient_loss | -0.0206     |
|    std                  | 0.78        |
|    value_loss           | 0.0172      |
-----------------------------------------
[Step   245760] SR=0.400 | FracGoal=0.516 | Ret=721.63 | Vis=0.68 | Prog=0.072 | CollEvt=23.74 | Stage=0.66
-------------------------------------------
| curriculum/               |             |
|    stage                  | 0.66        |
| research/                 |             |
|    collision_count        | 78.4        |
|    collision_event_count  | 23.7        |
|    curriculum_stage       | 0.66        |
|    episode_length         | 559         |
|    episode_return         | 722         |
|    fraction_at_goal       | 0.516       |
|    reward_collision       | -0.0111     |
|    reward_progress        | 0.072       |
|    reward_zero_visibility | -0.025      |
|    stray_count            | 0.17        |
|    success_rate           | 0.4         |
|    visibility_ratio       | 0.676       |
| rollout/                  |             |
|    ep_len_mean            | 559         |
|    ep_rew_mean            | 722         |
| time/                     |             |
|    fps                    | 149         |
|    iterations             | 80          |
|    time_elapsed           | 1647        |
|    total_timesteps        | 245760      |
| train/                    |             |
|    approx_kl              | 0.052578572 |
|    clip_fraction          | 0.313       |
|    clip_range             | 0.2         |
|    entropy_loss           | -2.34       |
|    explained_variance     | 0.79        |
|    learning_rate          | 0.000179    |
|    loss                   | -0.0388     |
|    n_updates              | 790         |
|    policy_gradient_loss   | -0.022      |
|    std                    | 0.779       |
|    value_loss             | 0.0271      |
-------------------------------------------
-----------------------------------------
| curriculum/             |             |
|    stage                | 0.66        |
| rollout/                |             |
|    ep_len_mean          | 566         |
|    ep_rew_mean          | 725         |
| time/                   |             |
|    fps                  | 149         |
|    iterations           | 81          |
|    time_elapsed         | 1665        |
|    total_timesteps      | 248832      |
| train/                  |             |
|    approx_kl            | 0.057255663 |
|    clip_fraction        | 0.294       |
|    clip_range           | 0.2         |
|    entropy_loss         | -2.33       |
|    explained_variance   | 0.881       |
|    learning_rate        | 0.000177    |
|    loss                 | -0.0632     |
|    n_updates            | 800         |
|    policy_gradient_loss | -0.0284     |
|    std                  | 0.775       |
|    value_loss           | 0.0341      |
-----------------------------------------
[validation @ 250,080] SR=0.267 | FracGoal=0.347 | MeanDist=4.22 | best=0.347
[Step   251904] SR=0.370 | FracGoal=0.494 | Ret=734.96 | Vis=0.66 | Prog=0.066 | CollEvt=23.84 | Stage=0.66
-------------------------------------------
| curriculum/               |             |
|    stage                  | 0.66        |
| research/                 |             |
|    collision_count        | 84.2        |
|    collision_event_count  | 23.8        |
|    curriculum_stage       | 0.66        |
|    episode_length         | 578         |
|    episode_return         | 735         |
|    fraction_at_goal       | 0.494       |
|    reward_collision       | -0.0111     |
|    reward_progress        | 0.0662      |
|    reward_zero_visibility | -0.0284     |
|    stray_count            | 0.2         |
|    success_rate           | 0.37        |
|    visibility_ratio       | 0.66        |
| rollout/                  |             |
|    ep_len_mean            | 578         |
|    ep_rew_mean            | 735         |
| time/                     |             |
|    fps                    | 147         |
|    iterations             | 82          |
|    time_elapsed           | 1708        |
|    total_timesteps        | 251904      |
| train/                    |             |
|    approx_kl              | 0.037866943 |
|    clip_fraction          | 0.3         |
|    clip_range             | 0.2         |
|    entropy_loss           | -2.33       |
|    explained_variance     | 0.859       |
|    learning_rate          | 0.000176    |
|    loss                   | -0.0504     |
|    n_updates              | 810         |
|    policy_gradient_loss   | -0.0266     |
|    std                    | 0.774       |
|    value_loss             | 0.0213      |
| validation/               |             |
|    episode_length         | 581         |
|    fraction_at_goal       | 0.347       |
|    mean_dist_to_goal      | 4.22        |
|    success_rate           | 0.267       |
-------------------------------------------
----------------------------------------
| curriculum/             |            |
|    stage                | 0.66       |
| rollout/                |            |
|    ep_len_mean          | 580        |
|    ep_rew_mean          | 734        |
| time/                   |            |
|    fps                  | 147        |
|    iterations           | 83         |
|    time_elapsed         | 1731       |
|    total_timesteps      | 254976     |
| train/                  |            |
|    approx_kl            | 0.04722634 |
|    clip_fraction        | 0.319      |
|    clip_range           | 0.2        |
|    entropy_loss         | -2.33      |
|    explained_variance   | 0.81       |
|    learning_rate        | 0.000174   |
|    loss                 | -0.0546    |
|    n_updates            | 820        |
|    policy_gradient_loss | -0.0288    |
|    std                  | 0.773      |
|    value_loss           | 0.0252     |
----------------------------------------
[Step   258048] SR=0.360 | FracGoal=0.478 | Ret=731.37 | Vis=0.66 | Prog=0.067 | CollEvt=23.56 | Stage=0.66
------------------------------------------
| curriculum/               |            |
|    stage                  | 0.66       |
| research/                 |            |
|    collision_count        | 83.2       |
|    collision_event_count  | 23.6       |
|    curriculum_stage       | 0.66       |
|    episode_length         | 577        |
|    episode_return         | 731        |
|    fraction_at_goal       | 0.478      |
|    reward_collision       | -0.0108    |
|    reward_progress        | 0.0665     |
|    reward_zero_visibility | -0.0277    |
|    stray_count            | 0.2        |
|    success_rate           | 0.36       |
|    visibility_ratio       | 0.663      |
| rollout/                  |            |
|    ep_len_mean            | 577        |
|    ep_rew_mean            | 731        |
| time/                     |            |
|    fps                    | 147        |
|    iterations             | 84         |
|    time_elapsed           | 1744       |
|    total_timesteps        | 258048     |
| train/                    |            |
|    approx_kl              | 0.05520863 |
|    clip_fraction          | 0.299      |
|    clip_range             | 0.2        |
|    entropy_loss           | -2.32      |
|    explained_variance     | 0.651      |
|    learning_rate          | 0.000173   |
|    loss                   | -0.0481    |
|    n_updates              | 830        |
|    policy_gradient_loss   | -0.0388    |
|    std                    | 0.773      |
|    value_loss             | 0.0329     |
------------------------------------------
-----------------------------------------
| curriculum/             |             |
|    stage                | 0.66        |
| rollout/                |             |
|    ep_len_mean          | 579         |
|    ep_rew_mean          | 729         |
| time/                   |             |
|    fps                  | 148         |
|    iterations           | 85          |
|    time_elapsed         | 1762        |
|    total_timesteps      | 261120      |
| train/                  |             |
|    approx_kl            | 0.058970366 |
|    clip_fraction        | 0.304       |
|    clip_range           | 0.2         |
|    entropy_loss         | -2.32       |
|    explained_variance   | 0.807       |
|    learning_rate        | 0.000171    |
|    loss                 | -0.0454     |
|    n_updates            | 840         |
|    policy_gradient_loss | -0.0357     |
|    std                  | 0.772       |
|    value_loss           | 0.0251      |
-----------------------------------------
[Step   264192] SR=0.350 | FracGoal=0.476 | Ret=729.37 | Vis=0.65 | Prog=0.066 | CollEvt=24.09 | Stage=0.66
-------------------------------------------
| curriculum/               |             |
|    stage                  | 0.66        |
| research/                 |             |
|    collision_count        | 89.6        |
|    collision_event_count  | 24.1        |
|    curriculum_stage       | 0.66        |
|    episode_length         | 578         |
|    episode_return         | 729         |
|    fraction_at_goal       | 0.476       |
|    reward_collision       | -0.0112     |
|    reward_progress        | 0.0661      |
|    reward_zero_visibility | -0.0287     |
|    stray_count            | 0.27        |
|    success_rate           | 0.35        |
|    visibility_ratio       | 0.654       |
| rollout/                  |             |
|    ep_len_mean            | 578         |
|    ep_rew_mean            | 729         |
| time/                     |             |
|    fps                    | 148         |
|    iterations             | 86          |
|    time_elapsed           | 1781        |
|    total_timesteps        | 264192      |
| train/                    |             |
|    approx_kl              | 0.054946743 |
|    clip_fraction          | 0.303       |
|    clip_range             | 0.2         |
|    entropy_loss           | -2.32       |
|    explained_variance     | 0.879       |
|    learning_rate          | 0.000169    |
|    loss                   | -0.0626     |
|    n_updates              | 850         |
|    policy_gradient_loss   | -0.0391     |
|    std                    | 0.768       |
|    value_loss             | 0.0158      |
-------------------------------------------
----------------------------------------
| curriculum/             |            |
|    stage                | 0.66       |
| rollout/                |            |
|    ep_len_mean          | 572        |
|    ep_rew_mean          | 726        |
| time/                   |            |
|    fps                  | 148        |
|    iterations           | 87         |
|    time_elapsed         | 1794       |
|    total_timesteps      | 267264     |
| train/                  |            |
|    approx_kl            | 0.05930886 |
|    clip_fraction        | 0.319      |
|    clip_range           | 0.2        |
|    entropy_loss         | -2.31      |
|    explained_variance   | 0.847      |
|    learning_rate        | 0.000168   |
|    loss                 | -0.0665    |
|    n_updates            | 860        |
|    policy_gradient_loss | -0.0319    |
|    std                  | 0.765      |
|    value_loss           | 0.0287     |
----------------------------------------
[Step   270336] SR=0.330 | FracGoal=0.463 | Ret=728.25 | Vis=0.66 | Prog=0.070 | CollEvt=24.03 | Stage=0.66
-----------------------------------------
| curriculum/               |           |
|    stage                  | 0.66      |
| research/                 |           |
|    collision_count        | 88.9      |
|    collision_event_count  | 24        |
|    curriculum_stage       | 0.66      |
|    episode_length         | 574       |
|    episode_return         | 728       |
|    fraction_at_goal       | 0.463     |
|    reward_collision       | -0.0112   |
|    reward_progress        | 0.0701    |
|    reward_zero_visibility | -0.024    |
|    stray_count            | 0.31      |
|    success_rate           | 0.33      |
|    visibility_ratio       | 0.664     |
| rollout/                  |           |
|    ep_len_mean            | 574       |
|    ep_rew_mean            | 728       |
| time/                     |           |
|    fps                    | 149       |
|    iterations             | 88        |
|    time_elapsed           | 1811      |
|    total_timesteps        | 270336    |
| train/                    |           |
|    approx_kl              | 0.1123206 |
|    clip_fraction          | 0.38      |
|    clip_range             | 0.2       |
|    entropy_loss           | -2.3      |
|    explained_variance     | 0.812     |
|    learning_rate          | 0.000166  |
|    loss                   | -0.0597   |
|    n_updates              | 870       |
|    policy_gradient_loss   | -0.0172   |
|    std                    | 0.764     |
|    value_loss             | 0.0247    |
-----------------------------------------
-----------------------------------------
| curriculum/             |             |
|    stage                | 0.66        |
| rollout/                |             |
|    ep_len_mean          | 574         |
|    ep_rew_mean          | 732         |
| time/                   |             |
|    fps                  | 148         |
|    iterations           | 89          |
|    time_elapsed         | 1836        |
|    total_timesteps      | 273408      |
| train/                  |             |
|    approx_kl            | 0.050778642 |
|    clip_fraction        | 0.289       |
|    clip_range           | 0.2         |
|    entropy_loss         | -2.3        |
|    explained_variance   | 0.695       |
|    learning_rate        | 0.000165    |
|    loss                 | -0.035      |
|    n_updates            | 880         |
|    policy_gradient_loss | -0.0414     |
|    std                  | 0.763       |
|    value_loss           | 0.0519      |
-----------------------------------------
[validation @ 275,088] SR=0.300 | FracGoal=0.397 | MeanDist=3.47 | best=0.397
[Step   276480] SR=0.330 | FracGoal=0.485 | Ret=745.46 | Vis=0.68 | Prog=0.070 | CollEvt=23.82 | Stage=0.66
-------------------------------------------
| curriculum/               |             |
|    stage                  | 0.66        |
| research/                 |             |
|    collision_count        | 91.4        |
|    collision_event_count  | 23.8        |
|    curriculum_stage       | 0.66        |
|    episode_length         | 577         |
|    episode_return         | 745         |
|    fraction_at_goal       | 0.485       |
|    reward_collision       | -0.0113     |
|    reward_progress        | 0.0696      |
|    reward_zero_visibility | -0.0215     |
|    stray_count            | 0.26        |
|    success_rate           | 0.33        |
|    visibility_ratio       | 0.676       |
| rollout/                  |             |
|    ep_len_mean            | 577         |
|    ep_rew_mean            | 745         |
| time/                     |             |
|    fps                    | 147         |
|    iterations             | 90          |
|    time_elapsed           | 1874        |
|    total_timesteps        | 276480      |
| train/                    |             |
|    approx_kl              | 0.047124773 |
|    clip_fraction          | 0.314       |
|    clip_range             | 0.2         |
|    entropy_loss           | -2.29       |
|    explained_variance     | 0.84        |
|    learning_rate          | 0.000163    |
|    loss                   | -0.066      |
|    n_updates              | 890         |
|    policy_gradient_loss   | -0.0284     |
|    std                    | 0.761       |
|    value_loss             | 0.0215      |
| validation/               |             |
|    episode_length         | 566         |
|    fraction_at_goal       | 0.397       |
|    mean_dist_to_goal      | 3.47        |
|    success_rate           | 0.3         |
-------------------------------------------
----------------------------------------
| curriculum/             |            |
|    stage                | 0.66       |
| rollout/                |            |
|    ep_len_mean          | 570        |
|    ep_rew_mean          | 741        |
| time/                   |            |
|    fps                  | 147        |
|    iterations           | 91         |
|    time_elapsed         | 1895       |
|    total_timesteps      | 279552     |
| train/                  |            |
|    approx_kl            | 0.07011898 |
|    clip_fraction        | 0.314      |
|    clip_range           | 0.2        |
|    entropy_loss         | -2.29      |
|    explained_variance   | 0.961      |
|    learning_rate        | 0.000162   |
|    loss                 | -0.0412    |
|    n_updates            | 900        |
|    policy_gradient_loss | -0.0243    |
|    std                  | 0.76       |
|    value_loss           | 0.0124     |
----------------------------------------
[Step   282624] SR=0.310 | FracGoal=0.464 | Ret=760.93 | Vis=0.68 | Prog=0.066 | CollEvt=22.66 | Stage=0.66
------------------------------------------
| curriculum/               |            |
|    stage                  | 0.66       |
| research/                 |            |
|    collision_count        | 88         |
|    collision_event_count  | 22.7       |
|    curriculum_stage       | 0.66       |
|    episode_length         | 585        |
|    episode_return         | 761        |
|    fraction_at_goal       | 0.464      |
|    reward_collision       | -0.0106    |
|    reward_progress        | 0.0659     |
|    reward_zero_visibility | -0.0199    |
|    stray_count            | 0.28       |
|    success_rate           | 0.31       |
|    visibility_ratio       | 0.685      |
| rollout/                  |            |
|    ep_len_mean            | 585        |
|    ep_rew_mean            | 761        |
| time/                     |            |
|    fps                    | 147        |
|    iterations             | 92         |
|    time_elapsed           | 1912       |
|    total_timesteps        | 282624     |
| train/                    |            |
|    approx_kl              | 0.05299533 |
|    clip_fraction          | 0.304      |
|    clip_range             | 0.2        |
|    entropy_loss           | -2.29      |
|    explained_variance     | 0.738      |
|    learning_rate          | 0.00016    |
|    loss                   | -0.0292    |
|    n_updates              | 910        |
|    policy_gradient_loss   | -0.0207    |
|    std                    | 0.76       |
|    value_loss             | 0.0314     |
------------------------------------------
-----------------------------------------
| curriculum/             |             |
|    stage                | 0.66        |
| rollout/                |             |
|    ep_len_mean          | 588         |
|    ep_rew_mean          | 765         |
| time/                   |             |
|    fps                  | 148         |
|    iterations           | 93          |
|    time_elapsed         | 1925        |
|    total_timesteps      | 285696      |
| train/                  |             |
|    approx_kl            | 0.048006408 |
|    clip_fraction        | 0.279       |
|    clip_range           | 0.2         |
|    entropy_loss         | -2.29       |
|    explained_variance   | 0.906       |
|    learning_rate        | 0.000159    |
|    loss                 | -0.059      |
|    n_updates            | 920         |
|    policy_gradient_loss | -0.0263     |
|    std                  | 0.757       |
|    value_loss           | 0.0117      |
-----------------------------------------
[Step   288768] SR=0.290 | FracGoal=0.434 | Ret=776.42 | Vis=0.69 | Prog=0.063 | CollEvt=22.36 | Stage=0.66
------------------------------------------
| curriculum/               |            |
|    stage                  | 0.66       |
| research/                 |            |
|    collision_count        | 86         |
|    collision_event_count  | 22.4       |
|    curriculum_stage       | 0.66       |
|    episode_length         | 595        |
|    episode_return         | 776        |
|    fraction_at_goal       | 0.434      |
|    reward_collision       | -0.0105    |
|    reward_progress        | 0.0632     |
|    reward_zero_visibility | -0.021     |
|    stray_count            | 0.3        |
|    success_rate           | 0.29       |
|    visibility_ratio       | 0.689      |
| rollout/                  |            |
|    ep_len_mean            | 595        |
|    ep_rew_mean            | 776        |
| time/                     |            |
|    fps                    | 148        |
|    iterations             | 94         |
|    time_elapsed           | 1940       |
|    total_timesteps        | 288768     |
| train/                    |            |
|    approx_kl              | 0.04313858 |
|    clip_fraction          | 0.292      |
|    clip_range             | 0.2        |
|    entropy_loss           | -2.28      |
|    explained_variance     | 0.878      |
|    learning_rate          | 0.000157   |
|    loss                   | -0.0498    |
|    n_updates              | 930        |
|    policy_gradient_loss   | -0.023     |
|    std                    | 0.756      |
|    value_loss             | 0.0173     |
------------------------------------------
-----------------------------------------
| curriculum/             |             |
|    stage                | 0.66        |
| rollout/                |             |
|    ep_len_mean          | 590         |
|    ep_rew_mean          | 777         |
| time/                   |             |
|    fps                  | 148         |
|    iterations           | 95          |
|    time_elapsed         | 1963        |
|    total_timesteps      | 291840      |
| train/                  |             |
|    approx_kl            | 0.053134188 |
|    clip_fraction        | 0.299       |
|    clip_range           | 0.2         |
|    entropy_loss         | -2.28       |
|    explained_variance   | 0.815       |
|    learning_rate        | 0.000156    |
|    loss                 | -0.043      |
|    n_updates            | 940         |
|    policy_gradient_loss | -0.0314     |
|    std                  | 0.755       |
|    value_loss           | 0.0366      |
-----------------------------------------
[Step   294912] SR=0.300 | FracGoal=0.459 | Ret=787.09 | Vis=0.70 | Prog=0.063 | CollEvt=22.05 | Stage=0.66
------------------------------------------
| curriculum/               |            |
|    stage                  | 0.66       |
| research/                 |            |
|    collision_count        | 77.8       |
|    collision_event_count  | 22         |
|    curriculum_stage       | 0.66       |
|    episode_length         | 595        |
|    episode_return         | 787        |
|    fraction_at_goal       | 0.459      |
|    reward_collision       | -0.0101    |
|    reward_progress        | 0.0632     |
|    reward_zero_visibility | -0.0188    |
|    stray_count            | 0.33       |
|    success_rate           | 0.3        |
|    visibility_ratio       | 0.703      |
| rollout/                  |            |
|    ep_len_mean            | 595        |
|    ep_rew_mean            | 787        |
| time/                     |            |
|    fps                    | 149        |
|    iterations             | 96         |
|    time_elapsed           | 1978       |
|    total_timesteps        | 294912     |
| train/                    |            |
|    approx_kl              | 0.04871237 |
|    clip_fraction          | 0.273      |
|    clip_range             | 0.2        |
|    entropy_loss           | -2.27      |
|    explained_variance     | 0.758      |
|    learning_rate          | 0.000154   |
|    loss                   | -0.0648    |
|    n_updates              | 950        |
|    policy_gradient_loss   | -0.0344    |
|    std                    | 0.752      |
|    value_loss             | 0.0285     |
------------------------------------------
----------------------------------------
| curriculum/             |            |
|    stage                | 0.66       |
| rollout/                |            |
|    ep_len_mean          | 593        |
|    ep_rew_mean          | 788        |
| time/                   |            |
|    fps                  | 149        |
|    iterations           | 97         |
|    time_elapsed         | 1993       |
|    total_timesteps      | 297984     |
| train/                  |            |
|    approx_kl            | 0.05389771 |
|    clip_fraction        | 0.304      |
|    clip_range           | 0.2        |
|    entropy_loss         | -2.26      |
|    explained_variance   | 0.839      |
|    learning_rate        | 0.000153   |
|    loss                 | -0.0688    |
|    n_updates            | 960        |
|    policy_gradient_loss | -0.0329    |
|    std                  | 0.749      |
|    value_loss           | 0.0231     |
----------------------------------------
[validation @ 300,096] SR=0.233 | FracGoal=0.340 | MeanDist=4.17 | best=0.397
[Step   301056] SR=0.310 | FracGoal=0.464 | Ret=783.36 | Vis=0.71 | Prog=0.064 | CollEvt=23.43 | Stage=0.66
-------------------------------------------
| curriculum/               |             |
|    stage                  | 0.66        |
| research/                 |             |
|    collision_count        | 79.8        |
|    collision_event_count  | 23.4        |
|    curriculum_stage       | 0.66        |
|    episode_length         | 589         |
|    episode_return         | 783         |
|    fraction_at_goal       | 0.464       |
|    reward_collision       | -0.0105     |
|    reward_progress        | 0.0641      |
|    reward_zero_visibility | -0.0168     |
|    stray_count            | 0.36        |
|    success_rate           | 0.31        |
|    visibility_ratio       | 0.715       |
| rollout/                  |             |
|    ep_len_mean            | 589         |
|    ep_rew_mean            | 783         |
| time/                     |             |
|    fps                    | 147         |
|    iterations             | 98          |
|    time_elapsed           | 2041        |
|    total_timesteps        | 301056      |
| train/                    |             |
|    approx_kl              | 0.048159894 |
|    clip_fraction          | 0.309       |
|    clip_range             | 0.2         |
|    entropy_loss           | -2.26       |
|    explained_variance     | 0.737       |
|    learning_rate          | 0.000151    |
|    loss                   | -0.0389     |
|    n_updates              | 970         |
|    policy_gradient_loss   | -0.0257     |
|    std                    | 0.749       |
|    value_loss             | 0.0362      |
| validation/               |             |
|    episode_length         | 592         |
|    fraction_at_goal       | 0.34        |
|    mean_dist_to_goal      | 4.17        |
|    success_rate           | 0.233       |
-------------------------------------------
-----------------------------------------
| curriculum/             |             |
|    stage                | 0.66        |
| rollout/                |             |
|    ep_len_mean          | 596         |
|    ep_rew_mean          | 782         |
| time/                   |             |
|    fps                  | 148         |
|    iterations           | 99          |
|    time_elapsed         | 2054        |
|    total_timesteps      | 304128      |
| train/                  |             |
|    approx_kl            | 0.060580447 |
|    clip_fraction        | 0.289       |
|    clip_range           | 0.2         |
|    entropy_loss         | -2.26       |
|    explained_variance   | 0.821       |
|    learning_rate        | 0.000149    |
|    loss                 | -0.0687     |
|    n_updates            | 980         |
|    policy_gradient_loss | -0.0312     |
|    std                  | 0.746       |
|    value_loss           | 0.0194      |
-----------------------------------------
[Step   307200] SR=0.280 | FracGoal=0.443 | Ret=778.68 | Vis=0.72 | Prog=0.066 | CollEvt=22.05 | Stage=0.66
-------------------------------------------
| curriculum/               |             |
|    stage                  | 0.66        |
| research/                 |             |
|    collision_count        | 71.8        |
|    collision_event_count  | 22          |
|    curriculum_stage       | 0.66        |
|    episode_length         | 591         |
|    episode_return         | 779         |
|    fraction_at_goal       | 0.443       |
|    reward_collision       | -0.00964    |
|    reward_progress        | 0.0656      |
|    reward_zero_visibility | -0.017      |
|    stray_count            | 0.38        |
|    success_rate           | 0.28        |
|    visibility_ratio       | 0.716       |
| rollout/                  |             |
|    ep_len_mean            | 591         |
|    ep_rew_mean            | 779         |
| time/                     |             |
|    fps                    | 148         |
|    iterations             | 100         |
|    time_elapsed           | 2074        |
|    total_timesteps        | 307200      |
| train/                    |             |
|    approx_kl              | 0.049115688 |
|    clip_fraction          | 0.284       |
|    clip_range             | 0.2         |
|    entropy_loss           | -2.25       |
|    explained_variance     | 0.881       |
|    learning_rate          | 0.000148    |
|    loss                   | -0.0589     |
|    n_updates              | 990         |
|    policy_gradient_loss   | -0.0376     |
|    std                    | 0.743       |
|    value_loss             | 0.0146      |
-------------------------------------------
-----------------------------------------
| curriculum/             |             |
|    stage                | 0.66        |
| rollout/                |             |
|    ep_len_mean          | 590         |
|    ep_rew_mean          | 781         |
| time/                   |             |
|    fps                  | 148         |
|    iterations           | 101         |
|    time_elapsed         | 2087        |
|    total_timesteps      | 310272      |
| train/                  |             |
|    approx_kl            | 0.044464044 |
|    clip_fraction        | 0.288       |
|    clip_range           | 0.2         |
|    entropy_loss         | -2.25       |
|    explained_variance   | 0.868       |
|    learning_rate        | 0.000146    |
|    loss                 | -0.0304     |
|    n_updates            | 1000        |
|    policy_gradient_loss | -0.0336     |
|    std                  | 0.745       |
|    value_loss           | 0.0218      |
-----------------------------------------
[Step   313344] SR=0.290 | FracGoal=0.453 | Ret=772.90 | Vis=0.72 | Prog=0.069 | CollEvt=21.41 | Stage=0.66
-----------------------------------------
| curriculum/               |           |
|    stage                  | 0.66      |
| research/                 |           |
|    collision_count        | 71.8      |
|    collision_event_count  | 21.4      |
|    curriculum_stage       | 0.66      |
|    episode_length         | 581       |
|    episode_return         | 773       |
|    fraction_at_goal       | 0.453     |
|    reward_collision       | -0.00966  |
|    reward_progress        | 0.0689    |
|    reward_zero_visibility | -0.0156   |
|    stray_count            | 0.37      |
|    success_rate           | 0.29      |
|    visibility_ratio       | 0.722     |
| rollout/                  |           |
|    ep_len_mean            | 581       |
|    ep_rew_mean            | 773       |
| time/                     |           |
|    fps                    | 149       |
|    iterations             | 102       |
|    time_elapsed           | 2102      |
|    total_timesteps        | 313344    |
| train/                    |           |
|    approx_kl              | 0.0634041 |
|    clip_fraction          | 0.277     |
|    clip_range             | 0.2       |
|    entropy_loss           | -2.25     |
|    explained_variance     | 0.823     |
|    learning_rate          | 0.000145  |
|    loss                   | -0.0674   |
|    n_updates              | 1010      |
|    policy_gradient_loss   | -0.037    |
|    std                    | 0.742     |
|    value_loss             | 0.0284    |
-----------------------------------------
--------------------------------------
| curriculum/             |          |
|    stage                | 0.66     |
| rollout/                |          |
|    ep_len_mean          | 566      |
|    ep_rew_mean          | 756      |
| time/                   |          |
|    fps                  | 149      |
|    iterations           | 103      |
|    time_elapsed         | 2121     |
|    total_timesteps      | 316416   |
| train/                  |          |
|    approx_kl            | 0.053502 |
|    clip_fraction        | 0.268    |
|    clip_range           | 0.2      |
|    entropy_loss         | -2.24    |
|    explained_variance   | 0.79     |
|    learning_rate        | 0.000143 |
|    loss                 | -0.0764  |
|    n_updates            | 1020     |
|    policy_gradient_loss | -0.036   |
|    std                  | 0.738    |
|    value_loss           | 0.0392   |
--------------------------------------
[Step   319488] SR=0.310 | FracGoal=0.462 | Ret=763.20 | Vis=0.71 | Prog=0.071 | CollEvt=19.98 | Stage=0.66
-------------------------------------------
| curriculum/               |             |
|    stage                  | 0.66        |
| research/                 |             |
|    collision_count        | 62.5        |
|    collision_event_count  | 20          |
|    curriculum_stage       | 0.66        |
|    episode_length         | 571         |
|    episode_return         | 763         |
|    fraction_at_goal       | 0.462       |
|    reward_collision       | -0.00907    |
|    reward_progress        | 0.0712      |
|    reward_zero_visibility | -0.0183     |
|    stray_count            | 0.32        |
|    success_rate           | 0.31        |
|    visibility_ratio       | 0.706       |
| rollout/                  |             |
|    ep_len_mean            | 571         |
|    ep_rew_mean            | 763         |
| time/                     |             |
|    fps                    | 149         |
|    iterations             | 104         |
|    time_elapsed           | 2141        |
|    total_timesteps        | 319488      |
| train/                    |             |
|    approx_kl              | 0.053754784 |
|    clip_fraction          | 0.268       |
|    clip_range             | 0.2         |
|    entropy_loss           | -2.23       |
|    explained_variance     | 0.795       |
|    learning_rate          | 0.000142    |
|    loss                   | -0.0284     |
|    n_updates              | 1030        |
|    policy_gradient_loss   | -0.033      |
|    std                    | 0.736       |
|    value_loss             | 0.0319      |
-------------------------------------------
-----------------------------------------
| curriculum/             |             |
|    stage                | 0.66        |
| rollout/                |             |
|    ep_len_mean          | 579         |
|    ep_rew_mean          | 773         |
| time/                   |             |
|    fps                  | 149         |
|    iterations           | 105         |
|    time_elapsed         | 2153        |
|    total_timesteps      | 322560      |
| train/                  |             |
|    approx_kl            | 0.049423866 |
|    clip_fraction        | 0.302       |
|    clip_range           | 0.2         |
|    entropy_loss         | -2.22       |
|    explained_variance   | 0.844       |
|    learning_rate        | 0.00014     |
|    loss                 | -0.0467     |
|    n_updates            | 1040        |
|    policy_gradient_loss | -0.0362     |
|    std                  | 0.734       |
|    value_loss           | 0.0136      |
-----------------------------------------
[validation @ 325,104] SR=0.100 | FracGoal=0.224 | MeanDist=4.96 | best=0.397
[Step   325632] SR=0.300 | FracGoal=0.452 | Ret=771.73 | Vis=0.72 | Prog=0.066 | CollEvt=20.07 | Stage=0.66
------------------------------------------
| curriculum/               |            |
|    stage                  | 0.66       |
| research/                 |            |
|    collision_count        | 74.5       |
|    collision_event_count  | 20.1       |
|    curriculum_stage       | 0.66       |
|    episode_length         | 576        |
|    episode_return         | 772        |
|    fraction_at_goal       | 0.452      |
|    reward_collision       | -0.00961   |
|    reward_progress        | 0.0656     |
|    reward_zero_visibility | -0.0157    |
|    stray_count            | 0.31       |
|    success_rate           | 0.3        |
|    visibility_ratio       | 0.718      |
| rollout/                  |            |
|    ep_len_mean            | 576        |
|    ep_rew_mean            | 772        |
| time/                     |            |
|    fps                    | 148        |
|    iterations             | 106        |
|    time_elapsed           | 2198       |
|    total_timesteps        | 325632     |
| train/                    |            |
|    approx_kl              | 0.06592178 |
|    clip_fraction          | 0.296      |
|    clip_range             | 0.2        |
|    entropy_loss           | -2.21      |
|    explained_variance     | 0.802      |
|    learning_rate          | 0.000139   |
|    loss                   | -0.0482    |
|    n_updates              | 1050       |
|    policy_gradient_loss   | -0.0422    |
|    std                    | 0.729      |
|    value_loss             | 0.0164     |
| validation/               |            |
|    episode_length         | 656        |
|    fraction_at_goal       | 0.224      |
|    mean_dist_to_goal      | 4.96       |
|    success_rate           | 0.1        |
------------------------------------------
-----------------------------------------
| curriculum/             |             |
|    stage                | 0.66        |
| rollout/                |             |
|    ep_len_mean          | 582         |
|    ep_rew_mean          | 776         |
| time/                   |             |
|    fps                  | 148         |
|    iterations           | 107         |
|    time_elapsed         | 2215        |
|    total_timesteps      | 328704      |
| train/                  |             |
|    approx_kl            | 0.052871067 |
|    clip_fraction        | 0.276       |
|    clip_range           | 0.2         |
|    entropy_loss         | -2.2        |
|    explained_variance   | 0.727       |
|    learning_rate        | 0.000137    |
|    loss                 | -0.0679     |
|    n_updates            | 1060        |
|    policy_gradient_loss | -0.0371     |
|    std                  | 0.727       |
|    value_loss           | 0.0277      |
-----------------------------------------
[Step   331776] SR=0.280 | FracGoal=0.422 | Ret=771.96 | Vis=0.72 | Prog=0.064 | CollEvt=21.02 | Stage=0.66
------------------------------------------
| curriculum/               |            |
|    stage                  | 0.66       |
| research/                 |            |
|    collision_count        | 76.8       |
|    collision_event_count  | 21         |
|    curriculum_stage       | 0.66       |
|    episode_length         | 580        |
|    episode_return         | 772        |
|    fraction_at_goal       | 0.422      |
|    reward_collision       | -0.00968   |
|    reward_progress        | 0.0644     |
|    reward_zero_visibility | -0.0157    |
|    stray_count            | 0.33       |
|    success_rate           | 0.28       |
|    visibility_ratio       | 0.716      |
| rollout/                  |            |
|    ep_len_mean            | 580        |
|    ep_rew_mean            | 772        |
| time/                     |            |
|    fps                    | 148        |
|    iterations             | 108        |
|    time_elapsed           | 2228       |
|    total_timesteps        | 331776     |
| train/                    |            |
|    approx_kl              | 0.07137966 |
|    clip_fraction          | 0.323      |
|    clip_range             | 0.2        |
|    entropy_loss           | -2.2       |
|    explained_variance     | 0.821      |
|    learning_rate          | 0.000136   |
|    loss                   | -0.03      |
|    n_updates              | 1070       |
|    policy_gradient_loss   | -0.0356    |
|    std                    | 0.726      |
|    value_loss             | 0.0149     |
------------------------------------------
-----------------------------------------
| curriculum/             |             |
|    stage                | 0.66        |
| rollout/                |             |
|    ep_len_mean          | 579         |
|    ep_rew_mean          | 765         |
| time/                   |             |
|    fps                  | 149         |
|    iterations           | 109         |
|    time_elapsed         | 2245        |
|    total_timesteps      | 334848      |
| train/                  |             |
|    approx_kl            | 0.051643442 |
|    clip_fraction        | 0.291       |
|    clip_range           | 0.2         |
|    entropy_loss         | -2.19       |
|    explained_variance   | 0.767       |
|    learning_rate        | 0.000134    |
|    loss                 | -0.0499     |
|    n_updates            | 1080        |
|    policy_gradient_loss | -0.0277     |
|    std                  | 0.725       |
|    value_loss           | 0.0207      |
-----------------------------------------
[Step   337920] SR=0.280 | FracGoal=0.413 | Ret=765.32 | Vis=0.72 | Prog=0.066 | CollEvt=22.13 | Stage=0.66
------------------------------------------
| curriculum/               |            |
|    stage                  | 0.66       |
| research/                 |            |
|    collision_count        | 76.1       |
|    collision_event_count  | 22.1       |
|    curriculum_stage       | 0.66       |
|    episode_length         | 580        |
|    episode_return         | 765        |
|    fraction_at_goal       | 0.413      |
|    reward_collision       | -0.0099    |
|    reward_progress        | 0.0656     |
|    reward_zero_visibility | -0.0159    |
|    stray_count            | 0.41       |
|    success_rate           | 0.28       |
|    visibility_ratio       | 0.723      |
| rollout/                  |            |
|    ep_len_mean            | 580        |
|    ep_rew_mean            | 765        |
| time/                     |            |
|    fps                    | 148        |
|    iterations             | 110        |
|    time_elapsed           | 2268       |
|    total_timesteps        | 337920     |
| train/                    |            |
|    approx_kl              | 0.06283456 |
|    clip_fraction          | 0.273      |
|    clip_range             | 0.2        |
|    entropy_loss           | -2.19      |
|    explained_variance     | 0.875      |
|    learning_rate          | 0.000133   |
|    loss                   | -0.0164    |
|    n_updates              | 1090       |
|    policy_gradient_loss   | -0.0347    |
|    std                    | 0.725      |
|    value_loss             | 0.0194     |
------------------------------------------
----------------------------------------
| curriculum/             |            |
|    stage                | 0.66       |
| rollout/                |            |
|    ep_len_mean          | 584        |
|    ep_rew_mean          | 769        |
| time/                   |            |
|    fps                  | 149        |
|    iterations           | 111        |
|    time_elapsed         | 2281       |
|    total_timesteps      | 340992     |
| train/                  |            |
|    approx_kl            | 0.03857687 |
|    clip_fraction        | 0.262      |
|    clip_range           | 0.2        |
|    entropy_loss         | -2.19      |
|    explained_variance   | 0.848      |
|    learning_rate        | 0.000131   |
|    loss                 | -0.0485    |
|    n_updates            | 1100       |
|    policy_gradient_loss | -0.0223    |
|    std                  | 0.725      |
|    value_loss           | 0.014      |
----------------------------------------
[Step   344064] SR=0.280 | FracGoal=0.409 | Ret=766.49 | Vis=0.72 | Prog=0.065 | CollEvt=23.12 | Stage=0.66
------------------------------------------
| curriculum/               |            |
|    stage                  | 0.66       |
| research/                 |            |
|    collision_count        | 81.2       |
|    collision_event_count  | 23.1       |
|    curriculum_stage       | 0.66       |
|    episode_length         | 584        |
|    episode_return         | 766        |
|    fraction_at_goal       | 0.409      |
|    reward_collision       | -0.0101    |
|    reward_progress        | 0.0649     |
|    reward_zero_visibility | -0.0142    |
|    stray_count            | 0.47       |
|    success_rate           | 0.28       |
|    visibility_ratio       | 0.721      |
| rollout/                  |            |
|    ep_len_mean            | 584        |
|    ep_rew_mean            | 766        |
| time/                     |            |
|    fps                    | 149        |
|    iterations             | 112        |
|    time_elapsed           | 2298       |
|    total_timesteps        | 344064     |
| train/                    |            |
|    approx_kl              | 0.04235494 |
|    clip_fraction          | 0.248      |
|    clip_range             | 0.2        |
|    entropy_loss           | -2.19      |
|    explained_variance     | 0.856      |
|    learning_rate          | 0.00013    |
|    loss                   | -0.0445    |
|    n_updates              | 1110       |
|    policy_gradient_loss   | -0.0292    |
|    std                    | 0.725      |
|    value_loss             | 0.0138     |
------------------------------------------
-----------------------------------------
| curriculum/             |             |
|    stage                | 0.66        |
| rollout/                |             |
|    ep_len_mean          | 584         |
|    ep_rew_mean          | 771         |
| time/                   |             |
|    fps                  | 149         |
|    iterations           | 113         |
|    time_elapsed         | 2316        |
|    total_timesteps      | 347136      |
| train/                  |             |
|    approx_kl            | 0.050265536 |
|    clip_fraction        | 0.293       |
|    clip_range           | 0.2         |
|    entropy_loss         | -2.19       |
|    explained_variance   | 0.847       |
|    learning_rate        | 0.000128    |
|    loss                 | -0.0949     |
|    n_updates            | 1120        |
|    policy_gradient_loss | -0.0336     |
|    std                  | 0.723       |
|    value_loss           | 0.0121      |
-----------------------------------------
[validation @ 350,112] SR=0.233 | FracGoal=0.448 | MeanDist=3.33 | best=0.448
[Step   350208] SR=0.280 | FracGoal=0.397 | Ret=755.86 | Vis=0.71 | Prog=0.079 | CollEvt=22.41 | Stage=0.66
-------------------------------------------
| curriculum/               |             |
|    stage                  | 0.66        |
| research/                 |             |
|    collision_count        | 87.9        |
|    collision_event_count  | 22.4        |
|    curriculum_stage       | 0.66        |
|    episode_length         | 576         |
|    episode_return         | 756         |
|    fraction_at_goal       | 0.397       |
|    reward_collision       | -0.0101     |
|    reward_progress        | 0.0787      |
|    reward_zero_visibility | -0.0142     |
|    stray_count            | 0.52        |
|    success_rate           | 0.28        |
|    visibility_ratio       | 0.714       |
| rollout/                  |             |
|    ep_len_mean            | 576         |
|    ep_rew_mean            | 756         |
| time/                     |             |
|    fps                    | 148         |
|    iterations             | 114         |
|    time_elapsed           | 2356        |
|    total_timesteps        | 350208      |
| train/                    |             |
|    approx_kl              | 0.058543146 |
|    clip_fraction          | 0.306       |
|    clip_range             | 0.2         |
|    entropy_loss           | -2.19       |
|    explained_variance     | 0.727       |
|    learning_rate          | 0.000126    |
|    loss                   | -0.0174     |
|    n_updates              | 1130        |
|    policy_gradient_loss   | -0.0266     |
|    std                    | 0.72        |
|    value_loss             | 0.0185      |
| validation/               |             |
|    episode_length         | 580         |
|    fraction_at_goal       | 0.448       |
|    mean_dist_to_goal      | 3.33        |
|    success_rate           | 0.233       |
-------------------------------------------
-----------------------------------------
| curriculum/             |             |
|    stage                | 0.66        |
| rollout/                |             |
|    ep_len_mean          | 573         |
|    ep_rew_mean          | 754         |
| time/                   |             |
|    fps                  | 148         |
|    iterations           | 115         |
|    time_elapsed         | 2379        |
|    total_timesteps      | 353280      |
| train/                  |             |
|    approx_kl            | 0.052817166 |
|    clip_fraction        | 0.269       |
|    clip_range           | 0.2         |
|    entropy_loss         | -2.18       |
|    explained_variance   | 0.727       |
|    learning_rate        | 0.000125    |
|    loss                 | -0.0573     |
|    n_updates            | 1140        |
|    policy_gradient_loss | -0.0333     |
|    std                  | 0.717       |
|    value_loss           | 0.0223      |
-----------------------------------------
[Step   356352] SR=0.280 | FracGoal=0.400 | Ret=746.58 | Vis=0.71 | Prog=0.080 | CollEvt=22.49 | Stage=0.66
-------------------------------------------
| curriculum/               |             |
|    stage                  | 0.66        |
| research/                 |             |
|    collision_count        | 85.2        |
|    collision_event_count  | 22.5        |
|    curriculum_stage       | 0.66        |
|    episode_length         | 570         |
|    episode_return         | 747         |
|    fraction_at_goal       | 0.4         |
|    reward_collision       | -0.01       |
|    reward_progress        | 0.0796      |
|    reward_zero_visibility | -0.0163     |
|    stray_count            | 0.43        |
|    success_rate           | 0.28        |
|    visibility_ratio       | 0.712       |
| rollout/                  |             |
|    ep_len_mean            | 570         |
|    ep_rew_mean            | 747         |
| time/                     |             |
|    fps                    | 148         |
|    iterations             | 116         |
|    time_elapsed           | 2400        |
|    total_timesteps        | 356352      |
| train/                    |             |
|    approx_kl              | 0.043714836 |
|    clip_fraction          | 0.292       |
|    clip_range             | 0.2         |
|    entropy_loss           | -2.17       |
|    explained_variance     | 0.742       |
|    learning_rate          | 0.000123    |
|    loss                   | 0.0353      |
|    n_updates              | 1150        |
|    policy_gradient_loss   | -0.0298     |
|    std                    | 0.715       |
|    value_loss             | 0.0271      |
-------------------------------------------
-----------------------------------------
| curriculum/             |             |
|    stage                | 0.66        |
| rollout/                |             |
|    ep_len_mean          | 571         |
|    ep_rew_mean          | 756         |
| time/                   |             |
|    fps                  | 148         |
|    iterations           | 117         |
|    time_elapsed         | 2415        |
|    total_timesteps      | 359424      |
| train/                  |             |
|    approx_kl            | 0.061089482 |
|    clip_fraction        | 0.28        |
|    clip_range           | 0.2         |
|    entropy_loss         | -2.17       |
|    explained_variance   | 0.751       |
|    learning_rate        | 0.000122    |
|    loss                 | 0.00556     |
|    n_updates            | 1160        |
|    policy_gradient_loss | -0.0374     |
|    std                  | 0.716       |
|    value_loss           | 0.0123      |
-----------------------------------------
Adaptive curriculum fell back to stage 0.33 at timestep 360,924
[Step   362496] SR=0.280 | FracGoal=0.407 | Ret=758.99 | Vis=0.72 | Prog=0.079 | CollEvt=21.54 | Stage=0.63
-------------------------------------------
| curriculum/               |             |
|    stage                  | 0.33        |
| research/                 |             |
|    collision_count        | 84.1        |
|    collision_event_count  | 21.5        |
|    curriculum_stage       | 0.627       |
|    episode_length         | 571         |
|    episode_return         | 759         |
|    fraction_at_goal       | 0.407       |
|    reward_collision       | -0.00983    |
|    reward_progress        | 0.0792      |
|    reward_zero_visibility | -0.0144     |
|    stray_count            | 0.41        |
|    success_rate           | 0.28        |
|    visibility_ratio       | 0.718       |
| rollout/                  |             |
|    ep_len_mean            | 571         |
|    ep_rew_mean            | 759         |
| time/                     |             |
|    fps                    | 148         |
|    iterations             | 118         |
|    time_elapsed           | 2436        |
|    total_timesteps        | 362496      |
| train/                    |             |
|    approx_kl              | 0.045362752 |
|    clip_fraction          | 0.267       |
|    clip_range             | 0.2         |
|    entropy_loss           | -2.17       |
|    explained_variance     | 0.678       |
|    learning_rate          | 0.00012     |
|    loss                   | 0.0822      |
|    n_updates              | 1170        |
|    policy_gradient_loss   | -0.0345     |
|    std                    | 0.714       |
|    value_loss             | 0.0258      |
-------------------------------------------
-----------------------------------------
| curriculum/             |             |
|    stage                | 0.33        |
| rollout/                |             |
|    ep_len_mean          | 577         |
|    ep_rew_mean          | 764         |
| time/                   |             |
|    fps                  | 149         |
|    iterations           | 119         |
|    time_elapsed         | 2452        |
|    total_timesteps      | 365568      |
| train/                  |             |
|    approx_kl            | 0.051526964 |
|    clip_fraction        | 0.289       |
|    clip_range           | 0.2         |
|    entropy_loss         | -2.16       |
|    explained_variance   | 0.871       |
|    learning_rate        | 0.000119    |
|    loss                 | -0.0651     |
|    n_updates            | 1180        |
|    policy_gradient_loss | -0.0438     |
|    std                  | 0.71        |
|    value_loss           | 0.0108      |
-----------------------------------------
[Step   368640] SR=0.260 | FracGoal=0.394 | Ret=768.62 | Vis=0.73 | Prog=0.076 | CollEvt=23.34 | Stage=0.33
------------------------------------------
| curriculum/               |            |
|    stage                  | 0.33       |
| research/                 |            |
|    collision_count        | 93.3       |
|    collision_event_count  | 23.3       |
|    curriculum_stage       | 0.33       |
|    episode_length         | 580        |
|    episode_return         | 769        |
|    fraction_at_goal       | 0.394      |
|    reward_collision       | -0.0107    |
|    reward_progress        | 0.0759     |
|    reward_zero_visibility | -0.0121    |
|    stray_count            | 0.58       |
|    success_rate           | 0.26       |
|    visibility_ratio       | 0.726      |
| rollout/                  |            |
|    ep_len_mean            | 580        |
|    ep_rew_mean            | 769        |
| time/                     |            |
|    fps                    | 149        |
|    iterations             | 120        |
|    time_elapsed           | 2462       |
|    total_timesteps        | 368640     |
| train/                    |            |
|    approx_kl              | 0.06157237 |
|    clip_fraction          | 0.303      |
|    clip_range             | 0.2        |
|    entropy_loss           | -2.15      |
|    explained_variance     | 0.873      |
|    learning_rate          | 0.000117   |
|    loss                   | -0.0736    |
|    n_updates              | 1190       |
|    policy_gradient_loss   | -0.0355    |
|    std                    | 0.707      |
|    value_loss             | 0.011      |
------------------------------------------
-----------------------------------------
| curriculum/             |             |
|    stage                | 0.33        |
| rollout/                |             |
|    ep_len_mean          | 579         |
|    ep_rew_mean          | 769         |
| time/                   |             |
|    fps                  | 149         |
|    iterations           | 121         |
|    time_elapsed         | 2488        |
|    total_timesteps      | 371712      |
| train/                  |             |
|    approx_kl            | 0.057418063 |
|    clip_fraction        | 0.28        |
|    clip_range           | 0.2         |
|    entropy_loss         | -2.14       |
|    explained_variance   | 0.776       |
|    learning_rate        | 0.000116    |
|    loss                 | -0.0525     |
|    n_updates            | 1200        |
|    policy_gradient_loss | -0.0328     |
|    std                  | 0.706       |
|    value_loss           | 0.0229      |
-----------------------------------------
[Step   374784] SR=0.270 | FracGoal=0.384 | Ret=774.19 | Vis=0.74 | Prog=0.073 | CollEvt=23.09 | Stage=0.33
------------------------------------------
| curriculum/               |            |
|    stage                  | 0.33       |
| research/                 |            |
|    collision_count        | 94.9       |
|    collision_event_count  | 23.1       |
|    curriculum_stage       | 0.33       |
|    episode_length         | 581        |
|    episode_return         | 774        |
|    fraction_at_goal       | 0.384      |
|    reward_collision       | -0.0106    |
|    reward_progress        | 0.073      |
|    reward_zero_visibility | -0.00989   |
|    stray_count            | 0.58       |
|    success_rate           | 0.27       |
|    visibility_ratio       | 0.741      |
| rollout/                  |            |
|    ep_len_mean            | 581        |
|    ep_rew_mean            | 774        |
| time/                     |            |
|    fps                    | 149        |
|    iterations             | 122        |
|    time_elapsed           | 2504       |
|    total_timesteps        | 374784     |
| train/                    |            |
|    approx_kl              | 0.04491958 |
|    clip_fraction          | 0.269      |
|    clip_range             | 0.2        |
|    entropy_loss           | -2.14      |
|    explained_variance     | 0.571      |
|    learning_rate          | 0.000114   |
|    loss                   | -0.0848    |
|    n_updates              | 1210       |
|    policy_gradient_loss   | -0.0306    |
|    std                    | 0.705      |
|    value_loss             | 0.0306     |
------------------------------------------
[validation @ 375,120] SR=0.233 | FracGoal=0.361 | MeanDist=3.97 | best=0.448
---------------------------------------
| curriculum/             |           |
|    stage                | 0.33      |
| rollout/                |           |
|    ep_len_mean          | 574       |
|    ep_rew_mean          | 770       |
| time/                   |           |
|    fps                  | 148       |
|    iterations           | 123       |
|    time_elapsed         | 2549      |
|    total_timesteps      | 377856    |
| train/                  |           |
|    approx_kl            | 0.0416171 |
|    clip_fraction        | 0.242     |
|    clip_range           | 0.2       |
|    entropy_loss         | -2.14     |
|    explained_variance   | 0.535     |
|    learning_rate        | 0.000113  |
|    loss                 | -0.0553   |
|    n_updates            | 1220      |
|    policy_gradient_loss | -0.0251   |
|    std                  | 0.703     |
|    value_loss           | 0.0693    |
| validation/             |           |
|    episode_length       | 627       |
|    fraction_at_goal     | 0.361     |
|    mean_dist_to_goal    | 3.97      |
|    success_rate         | 0.233     |
---------------------------------------
[Step   380928] SR=0.340 | FracGoal=0.448 | Ret=742.41 | Vis=0.77 | Prog=0.087 | CollEvt=22.17 | Stage=0.33
-------------------------------------------
| curriculum/               |             |
|    stage                  | 0.33        |
| research/                 |             |
|    collision_count        | 81.8        |
|    collision_event_count  | 22.2        |
|    curriculum_stage       | 0.33        |
|    episode_length         | 548         |
|    episode_return         | 742         |
|    fraction_at_goal       | 0.448       |
|    reward_collision       | -0.00997    |
|    reward_progress        | 0.0874      |
|    reward_zero_visibility | -0.00716    |
|    stray_count            | 0.54        |
|    success_rate           | 0.34        |
|    visibility_ratio       | 0.77        |
| rollout/                  |             |
|    ep_len_mean            | 548         |
|    ep_rew_mean            | 742         |
| time/                     |             |
|    fps                    | 147         |
|    iterations             | 124         |
|    time_elapsed           | 2576        |
|    total_timesteps        | 380928      |
| train/                    |             |
|    approx_kl              | 0.036651064 |
|    clip_fraction          | 0.252       |
|    clip_range             | 0.2         |
|    entropy_loss           | -2.13       |
|    explained_variance     | 0.715       |
|    learning_rate          | 0.000111    |
|    loss                   | -0.0579     |
|    n_updates              | 1230        |
|    policy_gradient_loss   | -0.0198     |
|    std                    | 0.702       |
|    value_loss             | 0.0545      |
-------------------------------------------
-----------------------------------------
| curriculum/             |             |
|    stage                | 0.33        |
| rollout/                |             |
|    ep_len_mean          | 545         |
|    ep_rew_mean          | 744         |
| time/                   |             |
|    fps                  | 148         |
|    iterations           | 125         |
|    time_elapsed         | 2593        |
|    total_timesteps      | 384000      |
| train/                  |             |
|    approx_kl            | 0.040712494 |
|    clip_fraction        | 0.245       |
|    clip_range           | 0.2         |
|    entropy_loss         | -2.13       |
|    explained_variance   | 0.601       |
|    learning_rate        | 0.00011     |
|    loss                 | -0.0517     |
|    n_updates            | 1240        |
|    policy_gradient_loss | -0.0315     |
|    std                  | 0.7         |
|    value_loss           | 0.0744      |
-----------------------------------------
Adaptive curriculum advanced to stage 0.66 at timestep 385,932
[Step   387072] SR=0.320 | FracGoal=0.426 | Ret=761.12 | Vis=0.79 | Prog=0.082 | CollEvt=21.99 | Stage=0.40
-------------------------------------------
| curriculum/               |             |
|    stage                  | 0.66        |
| research/                 |             |
|    collision_count        | 83.8        |
|    collision_event_count  | 22          |
|    curriculum_stage       | 0.396       |
|    episode_length         | 559         |
|    episode_return         | 761         |
|    fraction_at_goal       | 0.426       |
|    reward_collision       | -0.0101     |
|    reward_progress        | 0.0816      |
|    reward_zero_visibility | -0.00443    |
|    stray_count            | 0.56        |
|    success_rate           | 0.32        |
|    visibility_ratio       | 0.787       |
| rollout/                  |             |
|    ep_len_mean            | 559         |
|    ep_rew_mean            | 761         |
| time/                     |             |
|    fps                    | 148         |
|    iterations             | 126         |
|    time_elapsed           | 2613        |
|    total_timesteps        | 387072      |
| train/                    |             |
|    approx_kl              | 0.042586505 |
|    clip_fraction          | 0.244       |
|    clip_range             | 0.2         |
|    entropy_loss           | -2.12       |
|    explained_variance     | 0.797       |
|    learning_rate          | 0.000108    |
|    loss                   | -0.0412     |
|    n_updates              | 1250        |
|    policy_gradient_loss   | -0.0326     |
|    std                    | 0.698       |
|    value_loss             | 0.0449      |
-------------------------------------------
-----------------------------------------
| curriculum/             |             |
|    stage                | 0.66        |
| rollout/                |             |
|    ep_len_mean          | 555         |
|    ep_rew_mean          | 761         |
| time/                   |             |
|    fps                  | 148         |
|    iterations           | 127         |
|    time_elapsed         | 2633        |
|    total_timesteps      | 390144      |
| train/                  |             |
|    approx_kl            | 0.049908787 |
|    clip_fraction        | 0.287       |
|    clip_range           | 0.2         |
|    entropy_loss         | -2.11       |
|    explained_variance   | 0.853       |
|    learning_rate        | 0.000106    |
|    loss                 | -0.0313     |
|    n_updates            | 1260        |
|    policy_gradient_loss | -0.0378     |
|    std                  | 0.695       |
|    value_loss           | 0.0142      |
-----------------------------------------
[Step   393216] SR=0.340 | FracGoal=0.455 | Ret=767.87 | Vis=0.78 | Prog=0.080 | CollEvt=22.32 | Stage=0.66
-------------------------------------------
| curriculum/               |             |
|    stage                  | 0.66        |
| research/                 |             |
|    collision_count        | 94.1        |
|    collision_event_count  | 22.3        |
|    curriculum_stage       | 0.66        |
|    episode_length         | 559         |
|    episode_return         | 768         |
|    fraction_at_goal       | 0.455       |
|    reward_collision       | -0.0108     |
|    reward_progress        | 0.0804      |
|    reward_zero_visibility | -0.00534    |
|    stray_count            | 0.47        |
|    success_rate           | 0.34        |
|    visibility_ratio       | 0.781       |
| rollout/                  |             |
|    ep_len_mean            | 559         |
|    ep_rew_mean            | 768         |
| time/                     |             |
|    fps                    | 148         |
|    iterations             | 128         |
|    time_elapsed           | 2650        |
|    total_timesteps        | 393216      |
| train/                    |             |
|    approx_kl              | 0.037345994 |
|    clip_fraction          | 0.235       |
|    clip_range             | 0.2         |
|    entropy_loss           | -2.11       |
|    explained_variance     | 0.808       |
|    learning_rate          | 0.000105    |
|    loss                   | -0.0747     |
|    n_updates              | 1270        |
|    policy_gradient_loss   | -0.0292     |
|    std                    | 0.694       |
|    value_loss             | 0.0451      |
-------------------------------------------
-----------------------------------------
| curriculum/             |             |
|    stage                | 0.66        |
| rollout/                |             |
|    ep_len_mean          | 558         |
|    ep_rew_mean          | 766         |
| time/                   |             |
|    fps                  | 148         |
|    iterations           | 129         |
|    time_elapsed         | 2664        |
|    total_timesteps      | 396288      |
| train/                  |             |
|    approx_kl            | 0.048037916 |
|    clip_fraction        | 0.26        |
|    clip_range           | 0.2         |
|    entropy_loss         | -2.11       |
|    explained_variance   | 0.774       |
|    learning_rate        | 0.000103    |
|    loss                 | -0.0562     |
|    n_updates            | 1280        |
|    policy_gradient_loss | -0.0409     |
|    std                  | 0.695       |
|    value_loss           | 0.026       |
-----------------------------------------
[Step   399360] SR=0.350 | FracGoal=0.464 | Ret=761.62 | Vis=0.79 | Prog=0.082 | CollEvt=24.21 | Stage=0.66
-------------------------------------------
| curriculum/               |             |
|    stage                  | 0.66        |
| research/                 |             |
|    collision_count        | 107         |
|    collision_event_count  | 24.2        |
|    curriculum_stage       | 0.66        |
|    episode_length         | 554         |
|    episode_return         | 762         |
|    fraction_at_goal       | 0.464       |
|    reward_collision       | -0.0118     |
|    reward_progress        | 0.0818      |
|    reward_zero_visibility | -0.00655    |
|    stray_count            | 0.39        |
|    success_rate           | 0.35        |
|    visibility_ratio       | 0.786       |
| rollout/                  |             |
|    ep_len_mean            | 554         |
|    ep_rew_mean            | 762         |
| time/                     |             |
|    fps                    | 148         |
|    iterations             | 130         |
|    time_elapsed           | 2687        |
|    total_timesteps        | 399360      |
| train/                    |             |
|    approx_kl              | 0.047728837 |
|    clip_fraction          | 0.273       |
|    clip_range             | 0.2         |
|    entropy_loss           | -2.11       |
|    explained_variance     | 0.855       |
|    learning_rate          | 0.000102    |
|    loss                   | -0.0521     |
|    n_updates              | 1290        |
|    policy_gradient_loss   | -0.037      |
|    std                    | 0.696       |
|    value_loss             | 0.0245      |
-------------------------------------------
[validation @ 400,128] SR=0.200 | FracGoal=0.325 | MeanDist=4.13 | best=0.448
----------------------------------------
| curriculum/             |            |
|    stage                | 0.66       |
| rollout/                |            |
|    ep_len_mean          | 554        |
|    ep_rew_mean          | 759        |
| time/                   |            |
|    fps                  | 146        |
|    iterations           | 131        |
|    time_elapsed         | 2739       |
|    total_timesteps      | 402432     |
| train/                  |            |
|    approx_kl            | 0.04283663 |
|    clip_fraction        | 0.244      |
|    clip_range           | 0.2        |
|    entropy_loss         | -2.11      |
|    explained_variance   | 0.691      |
|    learning_rate        | 0.0001     |
|    loss                 | -0.0744    |
|    n_updates            | 1300       |
|    policy_gradient_loss | -0.0347    |
|    std                  | 0.695      |
|    value_loss           | 0.0314     |
| validation/             |            |
|    episode_length       | 622        |
|    fraction_at_goal     | 0.325      |
|    mean_dist_to_goal    | 4.13       |
|    success_rate         | 0.2        |
----------------------------------------
[Step   405504] SR=0.350 | FracGoal=0.452 | Ret=772.79 | Vis=0.78 | Prog=0.067 | CollEvt=23.74 | Stage=0.66
-------------------------------------------
| curriculum/               |             |
|    stage                  | 0.66        |
| research/                 |             |
|    collision_count        | 96.1        |
|    collision_event_count  | 23.7        |
|    curriculum_stage       | 0.66        |
|    episode_length         | 563         |
|    episode_return         | 773         |
|    fraction_at_goal       | 0.452       |
|    reward_collision       | -0.0115     |
|    reward_progress        | 0.0672      |
|    reward_zero_visibility | -0.00685    |
|    stray_count            | 0.37        |
|    success_rate           | 0.35        |
|    visibility_ratio       | 0.783       |
| rollout/                  |             |
|    ep_len_mean            | 563         |
|    ep_rew_mean            | 773         |
| time/                     |             |
|    fps                    | 147         |
|    iterations             | 132         |
|    time_elapsed           | 2752        |
|    total_timesteps        | 405504      |
| train/                    |             |
|    approx_kl              | 0.044358693 |
|    clip_fraction          | 0.278       |
|    clip_range             | 0.2         |
|    entropy_loss           | -2.11       |
|    explained_variance     | 0.914       |
|    learning_rate          | 9.88e-05    |
|    loss                   | -0.0661     |
|    n_updates              | 1310        |
|    policy_gradient_loss   | -0.0301     |
|    std                    | 0.694       |
|    value_loss             | 0.0189      |
-------------------------------------------
----------------------------------------
| curriculum/             |            |
|    stage                | 0.66       |
| rollout/                |            |
|    ep_len_mean          | 556        |
|    ep_rew_mean          | 765        |
| time/                   |            |
|    fps                  | 147        |
|    iterations           | 133        |
|    time_elapsed         | 2775       |
|    total_timesteps      | 408576     |
| train/                  |            |
|    approx_kl            | 0.04112209 |
|    clip_fraction        | 0.275      |
|    clip_range           | 0.2        |
|    entropy_loss         | -2.11      |
|    explained_variance   | 0.777      |
|    learning_rate        | 9.72e-05   |
|    loss                 | -0.0768    |
|    n_updates            | 1320       |
|    policy_gradient_loss | -0.035     |
|    std                  | 0.694      |
|    value_loss           | 0.0331     |
----------------------------------------
[Step   411648] SR=0.380 | FracGoal=0.480 | Ret=761.73 | Vis=0.79 | Prog=0.072 | CollEvt=21.77 | Stage=0.66
------------------------------------------
| curriculum/               |            |
|    stage                  | 0.66       |
| research/                 |            |
|    collision_count        | 89.3       |
|    collision_event_count  | 21.8       |
|    curriculum_stage       | 0.66       |
|    episode_length         | 549        |
|    episode_return         | 762        |
|    fraction_at_goal       | 0.48       |
|    reward_collision       | -0.0111    |
|    reward_progress        | 0.0719     |
|    reward_zero_visibility | -0.00461   |
|    stray_count            | 0.38       |
|    success_rate           | 0.38       |
|    visibility_ratio       | 0.792      |
| rollout/                  |            |
|    ep_len_mean            | 549        |
|    ep_rew_mean            | 762        |
| time/                     |            |
|    fps                    | 147        |
|    iterations             | 134        |
|    time_elapsed           | 2791       |
|    total_timesteps        | 411648     |
| train/                    |            |
|    approx_kl              | 0.03631429 |
|    clip_fraction          | 0.266      |
|    clip_range             | 0.2        |
|    entropy_loss           | -2.11      |
|    explained_variance     | 0.822      |
|    learning_rate          | 9.57e-05   |
|    loss                   | -0.0262    |
|    n_updates              | 1330       |
|    policy_gradient_loss   | -0.0285    |
|    std                    | 0.694      |
|    value_loss             | 0.0185     |
------------------------------------------
----------------------------------------
| curriculum/             |            |
|    stage                | 0.66       |
| rollout/                |            |
|    ep_len_mean          | 548        |
|    ep_rew_mean          | 760        |
| time/                   |            |
|    fps                  | 147        |
|    iterations           | 135        |
|    time_elapsed         | 2810       |
|    total_timesteps      | 414720     |
| train/                  |            |
|    approx_kl            | 0.03701315 |
|    clip_fraction        | 0.266      |
|    clip_range           | 0.2        |
|    entropy_loss         | -2.11      |
|    explained_variance   | 0.831      |
|    learning_rate        | 9.42e-05   |
|    loss                 | -0.00964   |
|    n_updates            | 1340       |
|    policy_gradient_loss | -0.0295    |
|    std                  | 0.693      |
|    value_loss           | 0.0284     |
----------------------------------------
[Step   417792] SR=0.390 | FracGoal=0.482 | Ret=751.42 | Vis=0.80 | Prog=0.075 | CollEvt=21.02 | Stage=0.66
-------------------------------------------
| curriculum/               |             |
|    stage                  | 0.66        |
| research/                 |             |
|    collision_count        | 86          |
|    collision_event_count  | 21          |
|    curriculum_stage       | 0.66        |
|    episode_length         | 543         |
|    episode_return         | 751         |
|    fraction_at_goal       | 0.482       |
|    reward_collision       | -0.0107     |
|    reward_progress        | 0.0746      |
|    reward_zero_visibility | -0.00539    |
|    stray_count            | 0.37        |
|    success_rate           | 0.39        |
|    visibility_ratio       | 0.797       |
| rollout/                  |             |
|    ep_len_mean            | 543         |
|    ep_rew_mean            | 751         |
| time/                     |             |
|    fps                    | 147         |
|    iterations             | 136         |
|    time_elapsed           | 2827        |
|    total_timesteps        | 417792      |
| train/                    |             |
|    approx_kl              | 0.038501866 |
|    clip_fraction          | 0.249       |
|    clip_range             | 0.2         |
|    entropy_loss           | -2.1        |
|    explained_variance     | 0.792       |
|    learning_rate          | 9.26e-05    |
|    loss                   | -0.0755     |
|    n_updates              | 1350        |
|    policy_gradient_loss   | -0.0338     |
|    std                    | 0.692       |
|    value_loss             | 0.017       |
-------------------------------------------
-----------------------------------------
| curriculum/             |             |
|    stage                | 0.66        |
| rollout/                |             |
|    ep_len_mean          | 536         |
|    ep_rew_mean          | 744         |
| time/                   |             |
|    fps                  | 148         |
|    iterations           | 137         |
|    time_elapsed         | 2842        |
|    total_timesteps      | 420864      |
| train/                  |             |
|    approx_kl            | 0.043924846 |
|    clip_fraction        | 0.262       |
|    clip_range           | 0.2         |
|    entropy_loss         | -2.1        |
|    explained_variance   | 0.773       |
|    learning_rate        | 9.11e-05    |
|    loss                 | -0.0523     |
|    n_updates            | 1360        |
|    policy_gradient_loss | -0.0398     |
|    std                  | 0.691       |
|    value_loss           | 0.0218      |
-----------------------------------------
[Step   423936] SR=0.400 | FracGoal=0.474 | Ret=747.92 | Vis=0.79 | Prog=0.078 | CollEvt=19.89 | Stage=0.66
-------------------------------------------
| curriculum/               |             |
|    stage                  | 0.66        |
| research/                 |             |
|    collision_count        | 81.4        |
|    collision_event_count  | 19.9        |
|    curriculum_stage       | 0.66        |
|    episode_length         | 542         |
|    episode_return         | 748         |
|    fraction_at_goal       | 0.474       |
|    reward_collision       | -0.0103     |
|    reward_progress        | 0.0775      |
|    reward_zero_visibility | -0.00691    |
|    stray_count            | 0.32        |
|    success_rate           | 0.4         |
|    visibility_ratio       | 0.786       |
| rollout/                  |             |
|    ep_len_mean            | 542         |
|    ep_rew_mean            | 748         |
| time/                     |             |
|    fps                    | 147         |
|    iterations             | 138         |
|    time_elapsed           | 2864        |
|    total_timesteps        | 423936      |
| train/                    |             |
|    approx_kl              | 0.050713092 |
|    clip_fraction          | 0.259       |
|    clip_range             | 0.2         |
|    entropy_loss           | -2.1        |
|    explained_variance     | 0.829       |
|    learning_rate          | 8.96e-05    |
|    loss                   | -0.0672     |
|    n_updates              | 1370        |
|    policy_gradient_loss   | -0.0433     |
|    std                    | 0.689       |
|    value_loss             | 0.0247      |
-------------------------------------------
[validation @ 425,136] SR=0.267 | FracGoal=0.451 | MeanDist=3.48 | best=0.451
-----------------------------------------
| curriculum/             |             |
|    stage                | 0.66        |
| rollout/                |             |
|    ep_len_mean          | 546         |
|    ep_rew_mean          | 753         |
| time/                   |             |
|    fps                  | 146         |
|    iterations           | 139         |
|    time_elapsed         | 2905        |
|    total_timesteps      | 427008      |
| train/                  |             |
|    approx_kl            | 0.051983062 |
|    clip_fraction        | 0.272       |
|    clip_range           | 0.2         |
|    entropy_loss         | -2.09       |
|    explained_variance   | 0.826       |
|    learning_rate        | 8.8e-05     |
|    loss                 | -0.0706     |
|    n_updates            | 1380        |
|    policy_gradient_loss | -0.0419     |
|    std                  | 0.689       |
|    value_loss           | 0.0321      |
| validation/             |             |
|    episode_length       | 578         |
|    fraction_at_goal     | 0.451       |
|    mean_dist_to_goal    | 3.48        |
|    success_rate         | 0.267       |
-----------------------------------------
[Step   430080] SR=0.360 | FracGoal=0.451 | Ret=768.35 | Vis=0.79 | Prog=0.075 | CollEvt=21.30 | Stage=0.66
-------------------------------------------
| curriculum/               |             |
|    stage                  | 0.66        |
| research/                 |             |
|    collision_count        | 81.3        |
|    collision_event_count  | 21.3        |
|    curriculum_stage       | 0.66        |
|    episode_length         | 560         |
|    episode_return         | 768         |
|    fraction_at_goal       | 0.451       |
|    reward_collision       | -0.0104     |
|    reward_progress        | 0.0751      |
|    reward_zero_visibility | -0.00687    |
|    stray_count            | 0.29        |
|    success_rate           | 0.36        |
|    visibility_ratio       | 0.787       |
| rollout/                  |             |
|    ep_len_mean            | 560         |
|    ep_rew_mean            | 768         |
| time/                     |             |
|    fps                    | 147         |
|    iterations             | 140         |
|    time_elapsed           | 2919        |
|    total_timesteps        | 430080      |
| train/                    |             |
|    approx_kl              | 0.048731353 |
|    clip_fraction          | 0.271       |
|    clip_range             | 0.2         |
|    entropy_loss           | -2.09       |
|    explained_variance     | 0.808       |
|    learning_rate          | 8.65e-05    |
|    loss                   | -0.0568     |
|    n_updates              | 1390        |
|    policy_gradient_loss   | -0.0366     |
|    std                    | 0.688       |
|    value_loss             | 0.0202      |
-------------------------------------------
-----------------------------------------
| curriculum/             |             |
|    stage                | 0.66        |
| rollout/                |             |
|    ep_len_mean          | 564         |
|    ep_rew_mean          | 771         |
| time/                   |             |
|    fps                  | 147         |
|    iterations           | 141         |
|    time_elapsed         | 2940        |
|    total_timesteps      | 433152      |
| train/                  |             |
|    approx_kl            | 0.050039366 |
|    clip_fraction        | 0.28        |
|    clip_range           | 0.2         |
|    entropy_loss         | -2.09       |
|    explained_variance   | 0.856       |
|    learning_rate        | 8.5e-05     |
|    loss                 | -0.0698     |
|    n_updates            | 1400        |
|    policy_gradient_loss | -0.0371     |
|    std                  | 0.686       |
|    value_loss           | 0.00952     |
-----------------------------------------
Adaptive curriculum fell back to stage 0.33 at timestep 433,188
[Step   436224] SR=0.320 | FracGoal=0.423 | Ret=784.74 | Vis=0.78 | Prog=0.069 | CollEvt=20.49 | Stage=0.53
------------------------------------------
| curriculum/               |            |
|    stage                  | 0.33       |
| research/                 |            |
|    collision_count        | 80.7       |
|    collision_event_count  | 20.5       |
|    curriculum_stage       | 0.528      |
|    episode_length         | 575        |
|    episode_return         | 785        |
|    fraction_at_goal       | 0.423      |
|    reward_collision       | -0.0101    |
|    reward_progress        | 0.0692     |
|    reward_zero_visibility | -0.00683   |
|    stray_count            | 0.35       |
|    success_rate           | 0.32       |
|    visibility_ratio       | 0.778      |
| rollout/                  |            |
|    ep_len_mean            | 575        |
|    ep_rew_mean            | 785        |
| time/                     |            |
|    fps                    | 147        |
|    iterations             | 142        |
|    time_elapsed           | 2957       |
|    total_timesteps        | 436224     |
| train/                    |            |
|    approx_kl              | 0.03540577 |
|    clip_fraction          | 0.264      |
|    clip_range             | 0.2        |
|    entropy_loss           | -2.09      |
|    explained_variance     | 0.936      |
|    learning_rate          | 8.34e-05   |
|    loss                   | -0.0686    |
|    n_updates              | 1410       |
|    policy_gradient_loss   | -0.023     |
|    std                    | 0.686      |
|    value_loss             | 0.00888    |
------------------------------------------
-----------------------------------------
| curriculum/             |             |
|    stage                | 0.33        |
| rollout/                |             |
|    ep_len_mean          | 594         |
|    ep_rew_mean          | 807         |
| time/                   |             |
|    fps                  | 147         |
|    iterations           | 143         |
|    time_elapsed         | 2977        |
|    total_timesteps      | 439296      |
| train/                  |             |
|    approx_kl            | 0.040137496 |
|    clip_fraction        | 0.264       |
|    clip_range           | 0.2         |
|    entropy_loss         | -2.08       |
|    explained_variance   | 0.891       |
|    learning_rate        | 8.19e-05    |
|    loss                 | -0.0716     |
|    n_updates            | 1420        |
|    policy_gradient_loss | -0.027      |
|    std                  | 0.685       |
|    value_loss           | 0.00736     |
-----------------------------------------
[Step   442368] SR=0.280 | FracGoal=0.396 | Ret=810.94 | Vis=0.77 | Prog=0.061 | CollEvt=21.34 | Stage=0.33
------------------------------------------
| curriculum/               |            |
|    stage                  | 0.33       |
| research/                 |            |
|    collision_count        | 85.2       |
|    collision_event_count  | 21.3       |
|    curriculum_stage       | 0.33       |
|    episode_length         | 597        |
|    episode_return         | 811        |
|    fraction_at_goal       | 0.396      |
|    reward_collision       | -0.0102    |
|    reward_progress        | 0.0611     |
|    reward_zero_visibility | -0.00706   |
|    stray_count            | 0.38       |
|    success_rate           | 0.28       |
|    visibility_ratio       | 0.768      |
| rollout/                  |            |
|    ep_len_mean            | 597        |
|    ep_rew_mean            | 811        |
| time/                     |            |
|    fps                    | 147        |
|    iterations             | 144        |
|    time_elapsed           | 2996       |
|    total_timesteps        | 442368     |
| train/                    |            |
|    approx_kl              | 0.03451953 |
|    clip_fraction          | 0.243      |
|    clip_range             | 0.2        |
|    entropy_loss           | -2.08      |
|    explained_variance     | 0.772      |
|    learning_rate          | 8.04e-05   |
|    loss                   | -0.0465    |
|    n_updates              | 1430       |
|    policy_gradient_loss   | -0.031     |
|    std                    | 0.684      |
|    value_loss             | 0.0314     |
------------------------------------------
-----------------------------------------
| curriculum/             |             |
|    stage                | 0.33        |
| rollout/                |             |
|    ep_len_mean          | 578         |
|    ep_rew_mean          | 794         |
| time/                   |             |
|    fps                  | 147         |
|    iterations           | 145         |
|    time_elapsed         | 3015        |
|    total_timesteps      | 445440      |
| train/                  |             |
|    approx_kl            | 0.034074657 |
|    clip_fraction        | 0.219       |
|    clip_range           | 0.2         |
|    entropy_loss         | -2.08       |
|    explained_variance   | 0.779       |
|    learning_rate        | 7.88e-05    |
|    loss                 | -0.037      |
|    n_updates            | 1440        |
|    policy_gradient_loss | -0.026      |
|    std                  | 0.684       |
|    value_loss           | 0.0284      |
-----------------------------------------
[Step   448512] SR=0.320 | FracGoal=0.440 | Ret=790.80 | Vis=0.78 | Prog=0.068 | CollEvt=19.13 | Stage=0.33
------------------------------------------
| curriculum/               |            |
|    stage                  | 0.33       |
| research/                 |            |
|    collision_count        | 76.4       |
|    collision_event_count  | 19.1       |
|    curriculum_stage       | 0.33       |
|    episode_length         | 576        |
|    episode_return         | 791        |
|    fraction_at_goal       | 0.44       |
|    reward_collision       | -0.00936   |
|    reward_progress        | 0.0679     |
|    reward_zero_visibility | -0.00607   |
|    stray_count            | 0.34       |
|    success_rate           | 0.32       |
|    visibility_ratio       | 0.778      |
| rollout/                  |            |
|    ep_len_mean            | 576        |
|    ep_rew_mean            | 791        |
| time/                     |            |
|    fps                    | 147        |
|    iterations             | 146        |
|    time_elapsed           | 3036       |
|    total_timesteps        | 448512     |
| train/                    |            |
|    approx_kl              | 0.02891802 |
|    clip_fraction          | 0.221      |
|    clip_range             | 0.2        |
|    entropy_loss           | -2.08      |
|    explained_variance     | 0.806      |
|    learning_rate          | 7.73e-05   |
|    loss                   | -0.0457    |
|    n_updates              | 1450       |
|    policy_gradient_loss   | -0.0254    |
|    std                    | 0.684      |
|    value_loss             | 0.0273     |
------------------------------------------
[validation @ 450,144] SR=0.300 | FracGoal=0.340 | MeanDist=3.95 | best=0.451
----------------------------------------
| curriculum/             |            |
|    stage                | 0.33       |
| rollout/                |            |
|    ep_len_mean          | 576        |
|    ep_rew_mean          | 790        |
| time/                   |            |
|    fps                  | 146        |
|    iterations           | 147        |
|    time_elapsed         | 3079       |
|    total_timesteps      | 451584     |
| train/                  |            |
|    approx_kl            | 0.04055847 |
|    clip_fraction        | 0.224      |
|    clip_range           | 0.2        |
|    entropy_loss         | -2.08      |
|    explained_variance   | 0.849      |
|    learning_rate        | 7.57e-05   |
|    loss                 | -0.0635    |
|    n_updates            | 1460       |
|    policy_gradient_loss | -0.0319    |
|    std                  | 0.684      |
|    value_loss           | 0.0206     |
| validation/             |            |
|    episode_length       | 582        |
|    fraction_at_goal     | 0.34       |
|    mean_dist_to_goal    | 3.95       |
|    success_rate         | 0.3        |
----------------------------------------
[Step   454656] SR=0.310 | FracGoal=0.438 | Ret=796.95 | Vis=0.79 | Prog=0.066 | CollEvt=17.86 | Stage=0.33
-------------------------------------------
| curriculum/               |             |
|    stage                  | 0.33        |
| research/                 |             |
|    collision_count        | 71          |
|    collision_event_count  | 17.9        |
|    curriculum_stage       | 0.33        |
|    episode_length         | 580         |
|    episode_return         | 797         |
|    fraction_at_goal       | 0.438       |
|    reward_collision       | -0.00888    |
|    reward_progress        | 0.0664      |
|    reward_zero_visibility | -0.00491    |
|    stray_count            | 0.42        |
|    success_rate           | 0.31        |
|    visibility_ratio       | 0.786       |
| rollout/                  |             |
|    ep_len_mean            | 580         |
|    ep_rew_mean            | 797         |
| time/                     |             |
|    fps                    | 146         |
|    iterations             | 148         |
|    time_elapsed           | 3098        |
|    total_timesteps        | 454656      |
| train/                    |             |
|    approx_kl              | 0.040561527 |
|    clip_fraction          | 0.239       |
|    clip_range             | 0.2         |
|    entropy_loss           | -2.08       |
|    explained_variance     | 0.828       |
|    learning_rate          | 7.42e-05    |
|    loss                   | -0.0548     |
|    n_updates              | 1470        |
|    policy_gradient_loss   | -0.033      |
|    std                    | 0.683       |
|    value_loss             | 0.0179      |
-------------------------------------------
-----------------------------------------
| curriculum/             |             |
|    stage                | 0.33        |
| rollout/                |             |
|    ep_len_mean          | 557         |
|    ep_rew_mean          | 772         |
| time/                   |             |
|    fps                  | 146         |
|    iterations           | 149         |
|    time_elapsed         | 3115        |
|    total_timesteps      | 457728      |
| train/                  |             |
|    approx_kl            | 0.034262557 |
|    clip_fraction        | 0.233       |
|    clip_range           | 0.2         |
|    entropy_loss         | -2.08       |
|    explained_variance   | 0.87        |
|    learning_rate        | 7.27e-05    |
|    loss                 | -0.029      |
|    n_updates            | 1480        |
|    policy_gradient_loss | -0.0306     |
|    std                  | 0.683       |
|    value_loss           | 0.0204      |
-----------------------------------------
Adaptive curriculum advanced to stage 0.66 at timestep 460,512
[Step   460800] SR=0.390 | FracGoal=0.527 | Ret=753.58 | Vis=0.80 | Prog=0.078 | CollEvt=17.64 | Stage=0.33
-------------------------------------------
| curriculum/               |             |
|    stage                  | 0.66        |
| research/                 |             |
|    collision_count        | 64.6        |
|    collision_event_count  | 17.6        |
|    curriculum_stage       | 0.33        |
|    episode_length         | 540         |
|    episode_return         | 754         |
|    fraction_at_goal       | 0.527       |
|    reward_collision       | -0.00878    |
|    reward_progress        | 0.0779      |
|    reward_zero_visibility | -0.00342    |
|    stray_count            | 0.38        |
|    success_rate           | 0.39        |
|    visibility_ratio       | 0.799       |
| rollout/                  |             |
|    ep_len_mean            | 540         |
|    ep_rew_mean            | 754         |
| time/                     |             |
|    fps                    | 146         |
|    iterations             | 150         |
|    time_elapsed           | 3135        |
|    total_timesteps        | 460800      |
| train/                    |             |
|    approx_kl              | 0.028038919 |
|    clip_fraction          | 0.196       |
|    clip_range             | 0.2         |
|    entropy_loss           | -2.07       |
|    explained_variance     | 0.726       |
|    learning_rate          | 7.11e-05    |
|    loss                   | -0.0599     |
|    n_updates              | 1490        |
|    policy_gradient_loss   | -0.026      |
|    std                    | 0.682       |
|    value_loss             | 0.0653      |
-------------------------------------------
-----------------------------------------
| curriculum/             |             |
|    stage                | 0.66        |
| rollout/                |             |
|    ep_len_mean          | 546         |
|    ep_rew_mean          | 761         |
| time/                   |             |
|    fps                  | 147         |
|    iterations           | 151         |
|    time_elapsed         | 3154        |
|    total_timesteps      | 463872      |
| train/                  |             |
|    approx_kl            | 0.033021823 |
|    clip_fraction        | 0.206       |
|    clip_range           | 0.2         |
|    entropy_loss         | -2.07       |
|    explained_variance   | 0.874       |
|    learning_rate        | 6.96e-05    |
|    loss                 | -0.0552     |
|    n_updates            | 1500        |
|    policy_gradient_loss | -0.0317     |
|    std                  | 0.682       |
|    value_loss           | 0.0417      |
-----------------------------------------
[Step   466944] SR=0.360 | FracGoal=0.507 | Ret=767.66 | Vis=0.80 | Prog=0.073 | CollEvt=21.44 | Stage=0.59
-------------------------------------------
| curriculum/               |             |
|    stage                  | 0.66        |
| research/                 |             |
|    collision_count        | 78.7        |
|    collision_event_count  | 21.4        |
|    curriculum_stage       | 0.594       |
|    episode_length         | 555         |
|    episode_return         | 768         |
|    fraction_at_goal       | 0.507       |
|    reward_collision       | -0.00995    |
|    reward_progress        | 0.0726      |
|    reward_zero_visibility | -0.00339    |
|    stray_count            | 0.39        |
|    success_rate           | 0.36        |
|    visibility_ratio       | 0.798       |
| rollout/                  |             |
|    ep_len_mean            | 555         |
|    ep_rew_mean            | 768         |
| time/                     |             |
|    fps                    | 147         |
|    iterations             | 152         |
|    time_elapsed           | 3168        |
|    total_timesteps        | 466944      |
| train/                    |             |
|    approx_kl              | 0.031301863 |
|    clip_fraction          | 0.227       |
|    clip_range             | 0.2         |
|    entropy_loss           | -2.07       |
|    explained_variance     | 0.857       |
|    learning_rate          | 6.81e-05    |
|    loss                   | -0.0652     |
|    n_updates              | 1510        |
|    policy_gradient_loss   | -0.0345     |
|    std                    | 0.68        |
|    value_loss             | 0.0162      |
-------------------------------------------
-----------------------------------------
| curriculum/             |             |
|    stage                | 0.66        |
| rollout/                |             |
|    ep_len_mean          | 558         |
|    ep_rew_mean          | 774         |
| time/                   |             |
|    fps                  | 147         |
|    iterations           | 153         |
|    time_elapsed         | 3185        |
|    total_timesteps      | 470016      |
| train/                  |             |
|    approx_kl            | 0.040777057 |
|    clip_fraction        | 0.245       |
|    clip_range           | 0.2         |
|    entropy_loss         | -2.07       |
|    explained_variance   | 0.871       |
|    learning_rate        | 6.65e-05    |
|    loss                 | -0.0439     |
|    n_updates            | 1520        |
|    policy_gradient_loss | -0.0322     |
|    std                  | 0.68        |
|    value_loss           | 0.0143      |
-----------------------------------------
[Step   473088] SR=0.380 | FracGoal=0.531 | Ret=778.86 | Vis=0.80 | Prog=0.070 | CollEvt=23.01 | Stage=0.66
------------------------------------------
| curriculum/               |            |
|    stage                  | 0.66       |
| research/                 |            |
|    collision_count        | 85.8       |
|    collision_event_count  | 23         |
|    curriculum_stage       | 0.66       |
|    episode_length         | 559        |
|    episode_return         | 779        |
|    fraction_at_goal       | 0.531      |
|    reward_collision       | -0.0107    |
|    reward_progress        | 0.0705     |
|    reward_zero_visibility | -0.0035    |
|    stray_count            | 0.4        |
|    success_rate           | 0.38       |
|    visibility_ratio       | 0.796      |
| rollout/                  |            |
|    ep_len_mean            | 559        |
|    ep_rew_mean            | 779        |
| time/                     |            |
|    fps                    | 147        |
|    iterations             | 154        |
|    time_elapsed           | 3200       |
|    total_timesteps        | 473088     |
| train/                    |            |
|    approx_kl              | 0.02909555 |
|    clip_fraction          | 0.245      |
|    clip_range             | 0.2        |
|    entropy_loss           | -2.06      |
|    explained_variance     | 0.735      |
|    learning_rate          | 6.5e-05    |
|    loss                   | -0.0325    |
|    n_updates              | 1530       |
|    policy_gradient_loss   | -0.0291    |
|    std                    | 0.679      |
|    value_loss             | 0.0507     |
------------------------------------------
[validation @ 475,152] SR=0.167 | FracGoal=0.335 | MeanDist=3.84 | best=0.451
-----------------------------------------
| curriculum/             |             |
|    stage                | 0.66        |
| rollout/                |             |
|    ep_len_mean          | 561         |
|    ep_rew_mean          | 780         |
| time/                   |             |
|    fps                  | 146         |
|    iterations           | 155         |
|    time_elapsed         | 3247        |
|    total_timesteps      | 476160      |
| train/                  |             |
|    approx_kl            | 0.036139287 |
|    clip_fraction        | 0.234       |
|    clip_range           | 0.2         |
|    entropy_loss         | -2.06       |
|    explained_variance   | 0.83        |
|    learning_rate        | 6.35e-05    |
|    loss                 | -0.0423     |
|    n_updates            | 1540        |
|    policy_gradient_loss | -0.0313     |
|    std                  | 0.679       |
|    value_loss           | 0.0212      |
| validation/             |             |
|    episode_length       | 615         |
|    fraction_at_goal     | 0.335       |
|    mean_dist_to_goal    | 3.84        |
|    success_rate         | 0.167       |
-----------------------------------------
[Step   479232] SR=0.380 | FracGoal=0.542 | Ret=783.53 | Vis=0.80 | Prog=0.067 | CollEvt=23.50 | Stage=0.66
------------------------------------------
| curriculum/               |            |
|    stage                  | 0.66       |
| research/                 |            |
|    collision_count        | 85.7       |
|    collision_event_count  | 23.5       |
|    curriculum_stage       | 0.66       |
|    episode_length         | 561        |
|    episode_return         | 784        |
|    fraction_at_goal       | 0.542      |
|    reward_collision       | -0.0108    |
|    reward_progress        | 0.0674     |
|    reward_zero_visibility | -0.00475   |
|    stray_count            | 0.32       |
|    success_rate           | 0.38       |
|    visibility_ratio       | 0.796      |
| rollout/                  |            |
|    ep_len_mean            | 561        |
|    ep_rew_mean            | 784        |
| time/                     |            |
|    fps                    | 146        |
|    iterations             | 156        |
|    time_elapsed           | 3266       |
|    total_timesteps        | 479232     |
| train/                    |            |
|    approx_kl              | 0.02761805 |
|    clip_fraction          | 0.225      |
|    clip_range             | 0.2        |
|    entropy_loss           | -2.07      |
|    explained_variance     | 0.896      |
|    learning_rate          | 6.19e-05   |
|    loss                   | -0.0534    |
|    n_updates              | 1550       |
|    policy_gradient_loss   | -0.028     |
|    std                    | 0.679      |
|    value_loss             | 0.0124     |
------------------------------------------
-----------------------------------------
| curriculum/             |             |
|    stage                | 0.66        |
| rollout/                |             |
|    ep_len_mean          | 562         |
|    ep_rew_mean          | 785         |
| time/                   |             |
|    fps                  | 146         |
|    iterations           | 157         |
|    time_elapsed         | 3284        |
|    total_timesteps      | 482304      |
| train/                  |             |
|    approx_kl            | 0.035823945 |
|    clip_fraction        | 0.225       |
|    clip_range           | 0.2         |
|    entropy_loss         | -2.06       |
|    explained_variance   | 0.922       |
|    learning_rate        | 6.04e-05    |
|    loss                 | -0.0679     |
|    n_updates            | 1560        |
|    policy_gradient_loss | -0.0274     |
|    std                  | 0.678       |
|    value_loss           | 0.0144      |
-----------------------------------------
[Step   485376] SR=0.390 | FracGoal=0.537 | Ret=776.58 | Vis=0.81 | Prog=0.073 | CollEvt=21.45 | Stage=0.66
-------------------------------------------
| curriculum/               |             |
|    stage                  | 0.66        |
| research/                 |             |
|    collision_count        | 85          |
|    collision_event_count  | 21.5        |
|    curriculum_stage       | 0.66        |
|    episode_length         | 553         |
|    episode_return         | 777         |
|    fraction_at_goal       | 0.537       |
|    reward_collision       | -0.0103     |
|    reward_progress        | 0.0727      |
|    reward_zero_visibility | -0.00473    |
|    stray_count            | 0.28        |
|    success_rate           | 0.39        |
|    visibility_ratio       | 0.811       |
| rollout/                  |             |
|    ep_len_mean            | 553         |
|    ep_rew_mean            | 777         |
| time/                     |             |
|    fps                    | 147         |
|    iterations             | 158         |
|    time_elapsed           | 3296        |
|    total_timesteps        | 485376      |
| train/                    |             |
|    approx_kl              | 0.031147564 |
|    clip_fraction          | 0.23        |
|    clip_range             | 0.2         |
|    entropy_loss           | -2.06       |
|    explained_variance     | 0.873       |
|    learning_rate          | 5.88e-05    |
|    loss                   | -0.0536     |
|    n_updates              | 1570        |
|    policy_gradient_loss   | -0.0296     |
|    std                    | 0.678       |
|    value_loss             | 0.0102      |
-------------------------------------------
-----------------------------------------
| curriculum/             |             |
|    stage                | 0.66        |
| rollout/                |             |
|    ep_len_mean          | 547         |
|    ep_rew_mean          | 768         |
| time/                   |             |
|    fps                  | 147         |
|    iterations           | 159         |
|    time_elapsed         | 3315        |
|    total_timesteps      | 488448      |
| train/                  |             |
|    approx_kl            | 0.031906035 |
|    clip_fraction        | 0.216       |
|    clip_range           | 0.2         |
|    entropy_loss         | -2.06       |
|    explained_variance   | 0.838       |
|    learning_rate        | 5.73e-05    |
|    loss                 | -0.0515     |
|    n_updates            | 1580        |
|    policy_gradient_loss | -0.0234     |
|    std                  | 0.678       |
|    value_loss           | 0.0227      |
-----------------------------------------
[Step   491520] SR=0.420 | FracGoal=0.562 | Ret=761.39 | Vis=0.82 | Prog=0.081 | CollEvt=20.93 | Stage=0.66
-------------------------------------------
| curriculum/               |             |
|    stage                  | 0.66        |
| research/                 |             |
|    collision_count        | 81.9        |
|    collision_event_count  | 20.9        |
|    curriculum_stage       | 0.66        |
|    episode_length         | 541         |
|    episode_return         | 761         |
|    fraction_at_goal       | 0.562       |
|    reward_collision       | -0.0101     |
|    reward_progress        | 0.0806      |
|    reward_zero_visibility | -0.00471    |
|    stray_count            | 0.25        |
|    success_rate           | 0.42        |
|    visibility_ratio       | 0.815       |
| rollout/                  |             |
|    ep_len_mean            | 541         |
|    ep_rew_mean            | 761         |
| time/                     |             |
|    fps                    | 147         |
|    iterations             | 160         |
|    time_elapsed           | 3326        |
|    total_timesteps        | 491520      |
| train/                    |             |
|    approx_kl              | 0.026115976 |
|    clip_fraction          | 0.222       |
|    clip_range             | 0.2         |
|    entropy_loss           | -2.06       |
|    explained_variance     | 0.828       |
|    learning_rate          | 5.58e-05    |
|    loss                   | -0.0618     |
|    n_updates              | 1590        |
|    policy_gradient_loss   | -0.03       |
|    std                    | 0.676       |
|    value_loss             | 0.0256      |
-------------------------------------------
----------------------------------------
| curriculum/             |            |
|    stage                | 0.66       |
| rollout/                |            |
|    ep_len_mean          | 548        |
|    ep_rew_mean          | 770        |
| time/                   |            |
|    fps                  | 148        |
|    iterations           | 161        |
|    time_elapsed         | 3338       |
|    total_timesteps      | 494592     |
| train/                  |            |
|    approx_kl            | 0.02387428 |
|    clip_fraction        | 0.204      |
|    clip_range           | 0.2        |
|    entropy_loss         | -2.05      |
|    explained_variance   | 0.925      |
|    learning_rate        | 5.42e-05   |
|    loss                 | -0.065     |
|    n_updates            | 1600       |
|    policy_gradient_loss | -0.0343    |
|    std                  | 0.675      |
|    value_loss           | 0.0127     |
----------------------------------------
[Step   497664] SR=0.400 | FracGoal=0.553 | Ret=775.22 | Vis=0.80 | Prog=0.078 | CollEvt=21.84 | Stage=0.66
------------------------------------------
| curriculum/               |            |
|    stage                  | 0.66       |
| research/                 |            |
|    collision_count        | 82.5       |
|    collision_event_count  | 21.8       |
|    curriculum_stage       | 0.66       |
|    episode_length         | 553        |
|    episode_return         | 775        |
|    fraction_at_goal       | 0.553      |
|    reward_collision       | -0.0103    |
|    reward_progress        | 0.0777     |
|    reward_zero_visibility | -0.00535   |
|    stray_count            | 0.23       |
|    success_rate           | 0.4        |
|    visibility_ratio       | 0.805      |
| rollout/                  |            |
|    ep_len_mean            | 553        |
|    ep_rew_mean            | 775        |
| time/                     |            |
|    fps                    | 147        |
|    iterations             | 162        |
|    time_elapsed           | 3362       |
|    total_timesteps        | 497664     |
| train/                    |            |
|    approx_kl              | 0.03040414 |
|    clip_fraction          | 0.201      |
|    clip_range             | 0.2        |
|    entropy_loss           | -2.05      |
|    explained_variance     | 0.849      |
|    learning_rate          | 5.27e-05   |
|    loss                   | -0.059     |
|    n_updates              | 1610       |
|    policy_gradient_loss   | -0.0349    |
|    std                    | 0.673      |
|    value_loss             | 0.0187     |
------------------------------------------
[validation @ 500,160] SR=0.267 | FracGoal=0.334 | MeanDist=4.09 | best=0.451
-----------------------------------------
| curriculum/             |             |
|    stage                | 0.66        |
| rollout/                |             |
|    ep_len_mean          | 569         |
|    ep_rew_mean          | 795         |
| time/                   |             |
|    fps                  | 147         |
|    iterations           | 163         |
|    time_elapsed         | 3402        |
|    total_timesteps      | 500736      |
| train/                  |             |
|    approx_kl            | 0.028028326 |
|    clip_fraction        | 0.198       |
|    clip_range           | 0.2         |
|    entropy_loss         | -2.05       |
|    explained_variance   | 0.878       |
|    learning_rate        | 5.12e-05    |
|    loss                 | -0.0859     |
|    n_updates            | 1620        |
|    policy_gradient_loss | -0.0381     |
|    std                  | 0.672       |
|    value_loss           | 0.0102      |
| validation/             |             |
|    episode_length       | 605         |
|    fraction_at_goal     | 0.334       |
|    mean_dist_to_goal    | 4.09        |
|    success_rate         | 0.267       |
-----------------------------------------
[Step   503808] SR=0.360 | FracGoal=0.516 | Ret=788.43 | Vis=0.79 | Prog=0.074 | CollEvt=22.18 | Stage=0.66
-----------------------------------------
| curriculum/               |           |
|    stage                  | 0.66      |
| research/                 |           |
|    collision_count        | 79.4      |
|    collision_event_count  | 22.2      |
|    curriculum_stage       | 0.66      |
|    episode_length         | 564       |
|    episode_return         | 788       |
|    fraction_at_goal       | 0.516     |
|    reward_collision       | -0.0102   |
|    reward_progress        | 0.0745    |
|    reward_zero_visibility | -0.00552  |
|    stray_count            | 0.26      |
|    success_rate           | 0.36      |
|    visibility_ratio       | 0.793     |
| rollout/                  |           |
|    ep_len_mean            | 564       |
|    ep_rew_mean            | 788       |
| time/                     |           |
|    fps                    | 147       |
|    iterations             | 164       |
|    time_elapsed           | 3420      |
|    total_timesteps        | 503808    |
| train/                    |           |
|    approx_kl              | 0.0302933 |
|    clip_fraction          | 0.192     |
|    clip_range             | 0.2       |
|    entropy_loss           | -2.04     |
|    explained_variance     | 0.8       |
|    learning_rate          | 4.96e-05  |
|    loss                   | -0.0584   |
|    n_updates              | 1630      |
|    policy_gradient_loss   | -0.0328   |
|    std                    | 0.672     |
|    value_loss             | 0.0294    |
-----------------------------------------
----------------------------------------
| curriculum/             |            |
|    stage                | 0.66       |
| rollout/                |            |
|    ep_len_mean          | 568        |
|    ep_rew_mean          | 790        |
| time/                   |            |
|    fps                  | 147        |
|    iterations           | 165        |
|    time_elapsed         | 3440       |
|    total_timesteps      | 506880     |
| train/                  |            |
|    approx_kl            | 0.03297863 |
|    clip_fraction        | 0.173      |
|    clip_range           | 0.2        |
|    entropy_loss         | -2.04      |
|    explained_variance   | 0.782      |
|    learning_rate        | 4.81e-05   |
|    loss                 | -0.0413    |
|    n_updates            | 1640       |
|    policy_gradient_loss | -0.0333    |
|    std                  | 0.672      |
|    value_loss           | 0.0318     |
----------------------------------------
[Step   509952] SR=0.350 | FracGoal=0.495 | Ret=791.28 | Vis=0.78 | Prog=0.073 | CollEvt=21.47 | Stage=0.66
-------------------------------------------
| curriculum/               |             |
|    stage                  | 0.66        |
| research/                 |             |
|    collision_count        | 73.6        |
|    collision_event_count  | 21.5        |
|    curriculum_stage       | 0.66        |
|    episode_length         | 568         |
|    episode_return         | 791         |
|    fraction_at_goal       | 0.495       |
|    reward_collision       | -0.00975    |
|    reward_progress        | 0.0733      |
|    reward_zero_visibility | -0.00685    |
|    stray_count            | 0.21        |
|    success_rate           | 0.35        |
|    visibility_ratio       | 0.779       |
| rollout/                  |             |
|    ep_len_mean            | 568         |
|    ep_rew_mean            | 791         |
| time/                     |             |
|    fps                    | 147         |
|    iterations             | 166         |
|    time_elapsed           | 3454        |
|    total_timesteps        | 509952      |
| train/                    |             |
|    approx_kl              | 0.022132888 |
|    clip_fraction          | 0.188       |
|    clip_range             | 0.2         |
|    entropy_loss           | -2.04       |
|    explained_variance     | 0.837       |
|    learning_rate          | 4.66e-05    |
|    loss                   | -0.0425     |
|    n_updates              | 1650        |
|    policy_gradient_loss   | -0.0247     |
|    std                    | 0.672       |
|    value_loss             | 0.0235      |
-------------------------------------------
-----------------------------------------
| curriculum/             |             |
|    stage                | 0.66        |
| rollout/                |             |
|    ep_len_mean          | 573         |
|    ep_rew_mean          | 794         |
| time/                   |             |
|    fps                  | 147         |
|    iterations           | 167         |
|    time_elapsed         | 3475        |
|    total_timesteps      | 513024      |
| train/                  |             |
|    approx_kl            | 0.027224105 |
|    clip_fraction        | 0.178       |
|    clip_range           | 0.2         |
|    entropy_loss         | -2.04       |
|    explained_variance   | 0.898       |
|    learning_rate        | 4.5e-05     |
|    loss                 | -0.0656     |
|    n_updates            | 1660        |
|    policy_gradient_loss | -0.0324     |
|    std                  | 0.671       |
|    value_loss           | 0.0134      |
-----------------------------------------
[Step   516096] SR=0.300 | FracGoal=0.449 | Ret=807.84 | Vis=0.78 | Prog=0.070 | CollEvt=21.80 | Stage=0.66
-------------------------------------------
| curriculum/               |             |
|    stage                  | 0.66        |
| research/                 |             |
|    collision_count        | 76.6        |
|    collision_event_count  | 21.8        |
|    curriculum_stage       | 0.66        |
|    episode_length         | 586         |
|    episode_return         | 808         |
|    fraction_at_goal       | 0.449       |
|    reward_collision       | -0.00974    |
|    reward_progress        | 0.0698      |
|    reward_zero_visibility | -0.0067     |
|    stray_count            | 0.24        |
|    success_rate           | 0.3         |
|    visibility_ratio       | 0.779       |
| rollout/                  |             |
|    ep_len_mean            | 586         |
|    ep_rew_mean            | 808         |
| time/                     |             |
|    fps                    | 147         |
|    iterations             | 168         |
|    time_elapsed           | 3493        |
|    total_timesteps        | 516096      |
| train/                    |             |
|    approx_kl              | 0.023677446 |
|    clip_fraction          | 0.178       |
|    clip_range             | 0.2         |
|    entropy_loss           | -2.04       |
|    explained_variance     | 0.822       |
|    learning_rate          | 4.35e-05    |
|    loss                   | -0.0535     |
|    n_updates              | 1670        |
|    policy_gradient_loss   | -0.0333     |
|    std                    | 0.67        |
|    value_loss             | 0.022       |
-------------------------------------------
Adaptive curriculum fell back to stage 0.33 at timestep 516,204
-----------------------------------------
| curriculum/             |             |
|    stage                | 0.33        |
| rollout/                |             |
|    ep_len_mean          | 595         |
|    ep_rew_mean          | 813         |
| time/                   |             |
|    fps                  | 148         |
|    iterations           | 169         |
|    time_elapsed         | 3507        |
|    total_timesteps      | 519168      |
| train/                  |             |
|    approx_kl            | 0.028944783 |
|    clip_fraction        | 0.193       |
|    clip_range           | 0.2         |
|    entropy_loss         | -2.04       |
|    explained_variance   | 0.781       |
|    learning_rate        | 4.2e-05     |
|    loss                 | -0.0347     |
|    n_updates            | 1680        |
|    policy_gradient_loss | -0.0364     |
|    std                  | 0.67        |
|    value_loss           | 0.0254      |
-----------------------------------------
[Step   522240] SR=0.260 | FracGoal=0.398 | Ret=818.32 | Vis=0.77 | Prog=0.070 | CollEvt=21.09 | Stage=0.33
------------------------------------------
| curriculum/               |            |
|    stage                  | 0.33       |
| research/                 |            |
|    collision_count        | 82.8       |
|    collision_event_count  | 21.1       |
|    curriculum_stage       | 0.33       |
|    episode_length         | 601        |
|    episode_return         | 818        |
|    fraction_at_goal       | 0.398      |
|    reward_collision       | -0.00973   |
|    reward_progress        | 0.0703     |
|    reward_zero_visibility | -0.00685   |
|    stray_count            | 0.25       |
|    success_rate           | 0.26       |
|    visibility_ratio       | 0.765      |
| rollout/                  |            |
|    ep_len_mean            | 601        |
|    ep_rew_mean            | 818        |
| time/                     |            |
|    fps                    | 148        |
|    iterations             | 170        |
|    time_elapsed           | 3526       |
|    total_timesteps        | 522240     |
| train/                    |            |
|    approx_kl              | 0.01987603 |
|    clip_fraction          | 0.157      |
|    clip_range             | 0.2        |
|    entropy_loss           | -2.04      |
|    explained_variance     | 0.773      |
|    learning_rate          | 4.04e-05   |
|    loss                   | -0.0673    |
|    n_updates              | 1690       |
|    policy_gradient_loss   | -0.0311    |
|    std                    | 0.67       |
|    value_loss             | 0.0302     |
------------------------------------------
[validation @ 525,168] SR=0.233 | FracGoal=0.329 | MeanDist=4.04 | best=0.451
-----------------------------------------
| curriculum/             |             |
|    stage                | 0.33        |
| rollout/                |             |
|    ep_len_mean          | 601         |
|    ep_rew_mean          | 822         |
| time/                   |             |
|    fps                  | 146         |
|    iterations           | 171         |
|    time_elapsed         | 3573        |
|    total_timesteps      | 525312      |
| train/                  |             |
|    approx_kl            | 0.018083725 |
|    clip_fraction        | 0.136       |
|    clip_range           | 0.2         |
|    entropy_loss         | -2.04       |
|    explained_variance   | 0.746       |
|    learning_rate        | 3.89e-05    |
|    loss                 | -0.0364     |
|    n_updates            | 1700        |
|    policy_gradient_loss | -0.0246     |
|    std                  | 0.669       |
|    value_loss           | 0.0483      |
| validation/             |             |
|    episode_length       | 586         |
|    fraction_at_goal     | 0.329       |
|    mean_dist_to_goal    | 4.04        |
|    success_rate         | 0.233       |
-----------------------------------------
[Step   528384] SR=0.250 | FracGoal=0.403 | Ret=818.36 | Vis=0.76 | Prog=0.073 | CollEvt=17.16 | Stage=0.33
-------------------------------------------
| curriculum/               |             |
|    stage                  | 0.33        |
| research/                 |             |
|    collision_count        | 72.9        |
|    collision_event_count  | 17.2        |
|    curriculum_stage       | 0.33        |
|    episode_length         | 597         |
|    episode_return         | 818         |
|    fraction_at_goal       | 0.403       |
|    reward_collision       | -0.00833    |
|    reward_progress        | 0.0729      |
|    reward_zero_visibility | -0.00691    |
|    stray_count            | 0.23        |
|    success_rate           | 0.25        |
|    visibility_ratio       | 0.758       |
| rollout/                  |             |
|    ep_len_mean            | 597         |
|    ep_rew_mean            | 818         |
| time/                     |             |
|    fps                    | 147         |
|    iterations             | 172         |
|    time_elapsed           | 3589        |
|    total_timesteps        | 528384      |
| train/                    |             |
|    approx_kl              | 0.020723011 |
|    clip_fraction          | 0.137       |
|    clip_range             | 0.2         |
|    entropy_loss           | -2.03       |
|    explained_variance     | 0.774       |
|    learning_rate          | 3.73e-05    |
|    loss                   | -0.0537     |
|    n_updates              | 1710        |
|    policy_gradient_loss   | -0.0263     |
|    std                    | 0.669       |
|    value_loss             | 0.035       |
-------------------------------------------
-----------------------------------------
| curriculum/             |             |
|    stage                | 0.33        |
| rollout/                |             |
|    ep_len_mean          | 593         |
|    ep_rew_mean          | 815         |
| time/                   |             |
|    fps                  | 147         |
|    iterations           | 173         |
|    time_elapsed         | 3604        |
|    total_timesteps      | 531456      |
| train/                  |             |
|    approx_kl            | 0.019112727 |
|    clip_fraction        | 0.14        |
|    clip_range           | 0.2         |
|    entropy_loss         | -2.03       |
|    explained_variance   | 0.838       |
|    learning_rate        | 3.58e-05    |
|    loss                 | -0.0638     |
|    n_updates            | 1720        |
|    policy_gradient_loss | -0.0258     |
|    std                  | 0.669       |
|    value_loss           | 0.0149      |
-----------------------------------------
[Step   534528] SR=0.260 | FracGoal=0.424 | Ret=805.64 | Vis=0.77 | Prog=0.081 | CollEvt=16.82 | Stage=0.33
-------------------------------------------
| curriculum/               |             |
|    stage                  | 0.33        |
| research/                 |             |
|    collision_count        | 69.7        |
|    collision_event_count  | 16.8        |
|    curriculum_stage       | 0.33        |
|    episode_length         | 583         |
|    episode_return         | 806         |
|    fraction_at_goal       | 0.424       |
|    reward_collision       | -0.00818    |
|    reward_progress        | 0.0813      |
|    reward_zero_visibility | -0.00491    |
|    stray_count            | 0.21        |
|    success_rate           | 0.26        |
|    visibility_ratio       | 0.771       |
| rollout/                  |             |
|    ep_len_mean            | 583         |
|    ep_rew_mean            | 806         |
| time/                     |             |
|    fps                    | 147         |
|    iterations             | 174         |
|    time_elapsed           | 3621        |
|    total_timesteps        | 534528      |
| train/                    |             |
|    approx_kl              | 0.014896555 |
|    clip_fraction          | 0.125       |
|    clip_range             | 0.2         |
|    entropy_loss           | -2.03       |
|    explained_variance     | 0.816       |
|    learning_rate          | 3.43e-05    |
|    loss                   | -0.0526     |
|    n_updates              | 1730        |
|    policy_gradient_loss   | -0.0243     |
|    std                    | 0.669       |
|    value_loss             | 0.0321      |
-------------------------------------------
-----------------------------------------
| curriculum/             |             |
|    stage                | 0.33        |
| rollout/                |             |
|    ep_len_mean          | 589         |
|    ep_rew_mean          | 817         |
| time/                   |             |
|    fps                  | 147         |
|    iterations           | 175         |
|    time_elapsed         | 3637        |
|    total_timesteps      | 537600      |
| train/                  |             |
|    approx_kl            | 0.017936397 |
|    clip_fraction        | 0.134       |
|    clip_range           | 0.2         |
|    entropy_loss         | -2.03       |
|    explained_variance   | 0.873       |
|    learning_rate        | 3.27e-05    |
|    loss                 | -0.0429     |
|    n_updates            | 1740        |
|    policy_gradient_loss | -0.0224     |
|    std                  | 0.668       |
|    value_loss           | 0.0192      |
-----------------------------------------
[Step   540672] SR=0.240 | FracGoal=0.403 | Ret=817.78 | Vis=0.78 | Prog=0.079 | CollEvt=15.40 | Stage=0.33
-------------------------------------------
| curriculum/               |             |
|    stage                  | 0.33        |
| research/                 |             |
|    collision_count        | 60.5        |
|    collision_event_count  | 15.4        |
|    curriculum_stage       | 0.33        |
|    episode_length         | 589         |
|    episode_return         | 818         |
|    fraction_at_goal       | 0.403       |
|    reward_collision       | -0.00737    |
|    reward_progress        | 0.0788      |
|    reward_zero_visibility | -0.00303    |
|    stray_count            | 0.17        |
|    success_rate           | 0.24        |
|    visibility_ratio       | 0.777       |
| rollout/                  |             |
|    ep_len_mean            | 589         |
|    ep_rew_mean            | 818         |
| time/                     |             |
|    fps                    | 147         |
|    iterations             | 176         |
|    time_elapsed           | 3657        |
|    total_timesteps        | 540672      |
| train/                    |             |
|    approx_kl              | 0.016136143 |
|    clip_fraction          | 0.131       |
|    clip_range             | 0.2         |
|    entropy_loss           | -2.03       |
|    explained_variance     | 0.927       |
|    learning_rate          | 3.12e-05    |
|    loss                   | -0.0519     |
|    n_updates              | 1750        |
|    policy_gradient_loss   | -0.0242     |
|    std                    | 0.668       |
|    value_loss             | 0.0105      |
-------------------------------------------
Adaptive curriculum advanced to stage 0.66 at timestep 541,692
----------------------------------------
| curriculum/             |            |
|    stage                | 0.66       |
| rollout/                |            |
|    ep_len_mean          | 593        |
|    ep_rew_mean          | 822        |
| time/                   |            |
|    fps                  | 148        |
|    iterations           | 177        |
|    time_elapsed         | 3671       |
|    total_timesteps      | 543744     |
| train/                  |            |
|    approx_kl            | 0.01988018 |
|    clip_fraction        | 0.14       |
|    clip_range           | 0.2        |
|    entropy_loss         | -2.03      |
|    explained_variance   | 0.858      |
|    learning_rate        | 2.97e-05   |
|    loss                 | -0.0184    |
|    n_updates            | 1760       |
|    policy_gradient_loss | -0.0262    |
|    std                  | 0.668      |
|    value_loss           | 0.0168     |
----------------------------------------
[Step   546816] SR=0.240 | FracGoal=0.415 | Ret=819.27 | Vis=0.76 | Prog=0.071 | CollEvt=16.00 | Stage=0.66
-------------------------------------------
| curriculum/               |             |
|    stage                  | 0.66        |
| research/                 |             |
|    collision_count        | 69.9        |
|    collision_event_count  | 16          |
|    curriculum_stage       | 0.66        |
|    episode_length         | 591         |
|    episode_return         | 819         |
|    fraction_at_goal       | 0.415       |
|    reward_collision       | -0.00798    |
|    reward_progress        | 0.0705      |
|    reward_zero_visibility | -0.00463    |
|    stray_count            | 0.18        |
|    success_rate           | 0.24        |
|    visibility_ratio       | 0.756       |
| rollout/                  |             |
|    ep_len_mean            | 591         |
|    ep_rew_mean            | 819         |
| time/                     |             |
|    fps                    | 148         |
|    iterations             | 178         |
|    time_elapsed           | 3692        |
|    total_timesteps        | 546816      |
| train/                    |             |
|    approx_kl              | 0.021633904 |
|    clip_fraction          | 0.152       |
|    clip_range             | 0.2         |
|    entropy_loss           | -2.03       |
|    explained_variance     | 0.863       |
|    learning_rate          | 2.81e-05    |
|    loss                   | -0.0389     |
|    n_updates              | 1770        |
|    policy_gradient_loss   | -0.0254     |
|    std                    | 0.668       |
|    value_loss             | 0.0225      |
-------------------------------------------
-----------------------------------------
| curriculum/             |             |
|    stage                | 0.66        |
| rollout/                |             |
|    ep_len_mean          | 591         |
|    ep_rew_mean          | 818         |
| time/                   |             |
|    fps                  | 148         |
|    iterations           | 179         |
|    time_elapsed         | 3710        |
|    total_timesteps      | 549888      |
| train/                  |             |
|    approx_kl            | 0.019627873 |
|    clip_fraction        | 0.14        |
|    clip_range           | 0.2         |
|    entropy_loss         | -2.03       |
|    explained_variance   | 0.803       |
|    learning_rate        | 2.66e-05    |
|    loss                 | -0.0506     |
|    n_updates            | 1780        |
|    policy_gradient_loss | -0.029      |
|    std                  | 0.667       |
|    value_loss           | 0.0417      |
-----------------------------------------
[validation @ 550,176] SR=0.267 | FracGoal=0.361 | MeanDist=3.78 | best=0.451
[Step   552960] SR=0.260 | FracGoal=0.414 | Ret=810.23 | Vis=0.76 | Prog=0.069 | CollEvt=16.24 | Stage=0.66
-------------------------------------------
| curriculum/               |             |
|    stage                  | 0.66        |
| research/                 |             |
|    collision_count        | 76.1        |
|    collision_event_count  | 16.2        |
|    curriculum_stage       | 0.66        |
|    episode_length         | 586         |
|    episode_return         | 810         |
|    fraction_at_goal       | 0.414       |
|    reward_collision       | -0.00826    |
|    reward_progress        | 0.069       |
|    reward_zero_visibility | -0.00482    |
|    stray_count            | 0.27        |
|    success_rate           | 0.26        |
|    visibility_ratio       | 0.757       |
| rollout/                  |             |
|    ep_len_mean            | 586         |
|    ep_rew_mean            | 810         |
| time/                     |             |
|    fps                    | 147         |
|    iterations             | 180         |
|    time_elapsed           | 3747        |
|    total_timesteps        | 552960      |
| train/                    |             |
|    approx_kl              | 0.015462861 |
|    clip_fraction          | 0.117       |
|    clip_range             | 0.2         |
|    entropy_loss           | -2.03       |
|    explained_variance     | 0.832       |
|    learning_rate          | 2.51e-05    |
|    loss                   | -0.0597     |
|    n_updates              | 1790        |
|    policy_gradient_loss   | -0.0301     |
|    std                    | 0.667       |
|    value_loss             | 0.0248      |
| validation/               |             |
|    episode_length         | 596         |
|    fraction_at_goal       | 0.361       |
|    mean_dist_to_goal      | 3.78        |
|    success_rate           | 0.267       |
-------------------------------------------
-----------------------------------------
| curriculum/             |             |
|    stage                | 0.66        |
| rollout/                |             |
|    ep_len_mean          | 582         |
|    ep_rew_mean          | 807         |
| time/                   |             |
|    fps                  | 147         |
|    iterations           | 181         |
|    time_elapsed         | 3767        |
|    total_timesteps      | 556032      |
| train/                  |             |
|    approx_kl            | 0.017920142 |
|    clip_fraction        | 0.131       |
|    clip_range           | 0.2         |
|    entropy_loss         | -2.03       |
|    explained_variance   | 0.73        |
|    learning_rate        | 2.35e-05    |
|    loss                 | -0.0524     |
|    n_updates            | 1800        |
|    policy_gradient_loss | -0.0288     |
|    std                  | 0.667       |
|    value_loss           | 0.0662      |
-----------------------------------------
[Step   559104] SR=0.270 | FracGoal=0.416 | Ret=800.11 | Vis=0.76 | Prog=0.071 | CollEvt=14.53 | Stage=0.66
-------------------------------------------
| curriculum/               |             |
|    stage                  | 0.66        |
| research/                 |             |
|    collision_count        | 76.9        |
|    collision_event_count  | 14.5        |
|    curriculum_stage       | 0.66        |
|    episode_length         | 580         |
|    episode_return         | 800         |
|    fraction_at_goal       | 0.416       |
|    reward_collision       | -0.00788    |
|    reward_progress        | 0.0712      |
|    reward_zero_visibility | -0.00587    |
|    stray_count            | 0.27        |
|    success_rate           | 0.27        |
|    visibility_ratio       | 0.765       |
| rollout/                  |             |
|    ep_len_mean            | 580         |
|    ep_rew_mean            | 800         |
| time/                     |             |
|    fps                    | 147         |
|    iterations             | 182         |
|    time_elapsed           | 3785        |
|    total_timesteps        | 559104      |
| train/                    |             |
|    approx_kl              | 0.012533856 |
|    clip_fraction          | 0.126       |
|    clip_range             | 0.2         |
|    entropy_loss           | -2.03       |
|    explained_variance     | 0.867       |
|    learning_rate          | 2.2e-05     |
|    loss                   | -0.0316     |
|    n_updates              | 1810        |
|    policy_gradient_loss   | -0.0225     |
|    std                    | 0.667       |
|    value_loss             | 0.0334      |
-------------------------------------------
-----------------------------------------
| curriculum/             |             |
|    stage                | 0.66        |
| rollout/                |             |
|    ep_len_mean          | 585         |
|    ep_rew_mean          | 802         |
| time/                   |             |
|    fps                  | 147         |
|    iterations           | 183         |
|    time_elapsed         | 3802        |
|    total_timesteps      | 562176      |
| train/                  |             |
|    approx_kl            | 0.014850918 |
|    clip_fraction        | 0.103       |
|    clip_range           | 0.2         |
|    entropy_loss         | -2.03       |
|    explained_variance   | 0.902       |
|    learning_rate        | 2.04e-05    |
|    loss                 | 0.000996    |
|    n_updates            | 1820        |
|    policy_gradient_loss | -0.0237     |
|    std                  | 0.667       |
|    value_loss           | 0.0297      |
-----------------------------------------
[Step   565248] SR=0.260 | FracGoal=0.406 | Ret=802.08 | Vis=0.76 | Prog=0.070 | CollEvt=14.35 | Stage=0.66
-------------------------------------------
| curriculum/               |             |
|    stage                  | 0.66        |
| research/                 |             |
|    collision_count        | 71.8        |
|    collision_event_count  | 14.4        |
|    curriculum_stage       | 0.66        |
|    episode_length         | 583         |
|    episode_return         | 802         |
|    fraction_at_goal       | 0.406       |
|    reward_collision       | -0.00752    |
|    reward_progress        | 0.0702      |
|    reward_zero_visibility | -0.00905    |
|    stray_count            | 0.25        |
|    success_rate           | 0.26        |
|    visibility_ratio       | 0.758       |
| rollout/                  |             |
|    ep_len_mean            | 583         |
|    ep_rew_mean            | 802         |
| time/                     |             |
|    fps                    | 147         |
|    iterations             | 184         |
|    time_elapsed           | 3825        |
|    total_timesteps        | 565248      |
| train/                    |             |
|    approx_kl              | 0.017685775 |
|    clip_fraction          | 0.125       |
|    clip_range             | 0.2         |
|    entropy_loss           | -2.03       |
|    explained_variance     | 0.911       |
|    learning_rate          | 1.89e-05    |
|    loss                   | -0.04       |
|    n_updates              | 1830        |
|    policy_gradient_loss   | -0.0257     |
|    std                    | 0.667       |
|    value_loss             | 0.0185      |
-------------------------------------------
-----------------------------------------
| curriculum/             |             |
|    stage                | 0.66        |
| rollout/                |             |
|    ep_len_mean          | 579         |
|    ep_rew_mean          | 796         |
| time/                   |             |
|    fps                  | 148         |
|    iterations           | 185         |
|    time_elapsed         | 3836        |
|    total_timesteps      | 568320      |
| train/                  |             |
|    approx_kl            | 0.015679574 |
|    clip_fraction        | 0.114       |
|    clip_range           | 0.2         |
|    entropy_loss         | -2.03       |
|    explained_variance   | 0.802       |
|    learning_rate        | 1.74e-05    |
|    loss                 | -0.0494     |
|    n_updates            | 1840        |
|    policy_gradient_loss | -0.0235     |
|    std                  | 0.667       |
|    value_loss           | 0.0195      |
-----------------------------------------
[Step   571392] SR=0.280 | FracGoal=0.414 | Ret=799.06 | Vis=0.76 | Prog=0.070 | CollEvt=13.76 | Stage=0.66
------------------------------------------
| curriculum/               |            |
|    stage                  | 0.66       |
| research/                 |            |
|    collision_count        | 75.5       |
|    collision_event_count  | 13.8       |
|    curriculum_stage       | 0.66       |
|    episode_length         | 580        |
|    episode_return         | 799        |
|    fraction_at_goal       | 0.414      |
|    reward_collision       | -0.0076    |
|    reward_progress        | 0.0704     |
|    reward_zero_visibility | -0.00788   |
|    stray_count            | 0.25       |
|    success_rate           | 0.28       |
|    visibility_ratio       | 0.759      |
| rollout/                  |            |
|    ep_len_mean            | 580        |
|    ep_rew_mean            | 799        |
| time/                     |            |
|    fps                    | 148        |
|    iterations             | 186        |
|    time_elapsed           | 3853       |
|    total_timesteps        | 571392     |
| train/                    |            |
|    approx_kl              | 0.01418852 |
|    clip_fraction          | 0.105      |
|    clip_range             | 0.2        |
|    entropy_loss           | -2.03      |
|    explained_variance     | 0.764      |
|    learning_rate          | 1.58e-05   |
|    loss                   | 0.027      |
|    n_updates              | 1850       |
|    policy_gradient_loss   | -0.0264    |
|    std                    | 0.667      |
|    value_loss             | 0.0444     |
------------------------------------------
-----------------------------------------
| curriculum/             |             |
|    stage                | 0.66        |
| rollout/                |             |
|    ep_len_mean          | 580         |
|    ep_rew_mean          | 799         |
| time/                   |             |
|    fps                  | 148         |
|    iterations           | 187         |
|    time_elapsed         | 3873        |
|    total_timesteps      | 574464      |
| train/                  |             |
|    approx_kl            | 0.011423329 |
|    clip_fraction        | 0.0837      |
|    clip_range           | 0.2         |
|    entropy_loss         | -2.03       |
|    explained_variance   | 0.754       |
|    learning_rate        | 1.43e-05    |
|    loss                 | -0.0473     |
|    n_updates            | 1860        |
|    policy_gradient_loss | -0.0236     |
|    std                  | 0.667       |
|    value_loss           | 0.037       |
-----------------------------------------
[validation @ 575,184] SR=0.333 | FracGoal=0.420 | MeanDist=3.61 | best=0.451
[Step   577536] SR=0.320 | FracGoal=0.445 | Ret=808.22 | Vis=0.75 | Prog=0.065 | CollEvt=14.10 | Stage=0.66
-------------------------------------------
| curriculum/               |             |
|    stage                  | 0.66        |
| research/                 |             |
|    collision_count        | 63.1        |
|    collision_event_count  | 14.1        |
|    curriculum_stage       | 0.66        |
|    episode_length         | 584         |
|    episode_return         | 808         |
|    fraction_at_goal       | 0.445       |
|    reward_collision       | -0.00698    |
|    reward_progress        | 0.0654      |
|    reward_zero_visibility | -0.00807    |
|    stray_count            | 0.25        |
|    success_rate           | 0.32        |
|    visibility_ratio       | 0.754       |
| rollout/                  |             |
|    ep_len_mean            | 584         |
|    ep_rew_mean            | 808         |
| time/                     |             |
|    fps                    | 147         |
|    iterations             | 188         |
|    time_elapsed           | 3907        |
|    total_timesteps        | 577536      |
| train/                    |             |
|    approx_kl              | 0.012135582 |
|    clip_fraction          | 0.101       |
|    clip_range             | 0.2         |
|    entropy_loss           | -2.03       |
|    explained_variance     | 0.817       |
|    learning_rate          | 1.28e-05    |
|    loss                   | -0.04       |
|    n_updates              | 1870        |
|    policy_gradient_loss   | -0.0236     |
|    std                    | 0.667       |
|    value_loss             | 0.0219      |
| validation/               |             |
|    episode_length         | 594         |
|    fraction_at_goal       | 0.42        |
|    mean_dist_to_goal      | 3.61        |
|    success_rate           | 0.333       |
-------------------------------------------
-----------------------------------------
| curriculum/             |             |
|    stage                | 0.66        |
| rollout/                |             |
|    ep_len_mean          | 584         |
|    ep_rew_mean          | 808         |
| time/                   |             |
|    fps                  | 147         |
|    iterations           | 189         |
|    time_elapsed         | 3931        |
|    total_timesteps      | 580608      |
| train/                  |             |
|    approx_kl            | 0.010234234 |
|    clip_fraction        | 0.0738      |
|    clip_range           | 0.2         |
|    entropy_loss         | -2.03       |
|    explained_variance   | 0.64        |
|    learning_rate        | 1.12e-05    |
|    loss                 | 0.025       |
|    n_updates            | 1880        |
|    policy_gradient_loss | -0.0212     |
|    std                  | 0.667       |
|    value_loss           | 0.129       |
-----------------------------------------
[Step   583680] SR=0.350 | FracGoal=0.466 | Ret=791.43 | Vis=0.75 | Prog=0.069 | CollEvt=13.96 | Stage=0.66
------------------------------------------
| curriculum/               |            |
|    stage                  | 0.66       |
| research/                 |            |
|    collision_count        | 65.4       |
|    collision_event_count  | 14         |
|    curriculum_stage       | 0.66       |
|    episode_length         | 571        |
|    episode_return         | 791        |
|    fraction_at_goal       | 0.466      |
|    reward_collision       | -0.00709   |
|    reward_progress        | 0.0692     |
|    reward_zero_visibility | -0.00812   |
|    stray_count            | 0.26       |
|    success_rate           | 0.35       |
|    visibility_ratio       | 0.753      |
| rollout/                  |            |
|    ep_len_mean            | 571        |
|    ep_rew_mean            | 791        |
| time/                     |            |
|    fps                    | 148        |
|    iterations             | 190        |
|    time_elapsed           | 3943       |
|    total_timesteps        | 583680     |
| train/                    |            |
|    approx_kl              | 0.00902551 |
|    clip_fraction          | 0.0677     |
|    clip_range             | 0.2        |
|    entropy_loss           | -2.03      |
|    explained_variance     | 0.79       |
|    learning_rate          | 9.7e-06    |
|    loss                   | -0.0408    |
|    n_updates              | 1890       |
|    policy_gradient_loss   | -0.0212    |
|    std                    | 0.667      |
|    value_loss             | 0.0476     |
------------------------------------------
-----------------------------------------
| curriculum/             |             |
|    stage                | 0.66        |
| rollout/                |             |
|    ep_len_mean          | 570         |
|    ep_rew_mean          | 788         |
| time/                   |             |
|    fps                  | 148         |
|    iterations           | 191         |
|    time_elapsed         | 3957        |
|    total_timesteps      | 586752      |
| train/                  |             |
|    approx_kl            | 0.008049688 |
|    clip_fraction        | 0.054       |
|    clip_range           | 0.2         |
|    entropy_loss         | -2.03       |
|    explained_variance   | 0.689       |
|    learning_rate        | 8.16e-06    |
|    loss                 | -0.0343     |
|    n_updates            | 1900        |
|    policy_gradient_loss | -0.0169     |
|    std                  | 0.667       |
|    value_loss           | 0.0625      |
-----------------------------------------
[Step   589824] SR=0.330 | FracGoal=0.424 | Ret=798.22 | Vis=0.75 | Prog=0.067 | CollEvt=13.96 | Stage=0.66
-------------------------------------------
| curriculum/               |             |
|    stage                  | 0.66        |
| research/                 |             |
|    collision_count        | 59.6        |
|    collision_event_count  | 14          |
|    curriculum_stage       | 0.66        |
|    episode_length         | 578         |
|    episode_return         | 798         |
|    fraction_at_goal       | 0.424       |
|    reward_collision       | -0.00671    |
|    reward_progress        | 0.0669      |
|    reward_zero_visibility | -0.00814    |
|    stray_count            | 0.28        |
|    success_rate           | 0.33        |
|    visibility_ratio       | 0.746       |
| rollout/                  |             |
|    ep_len_mean            | 578         |
|    ep_rew_mean            | 798         |
| time/                     |             |
|    fps                    | 148         |
|    iterations             | 192         |
|    time_elapsed           | 3975        |
|    total_timesteps        | 589824      |
| train/                    |             |
|    approx_kl              | 0.006673606 |
|    clip_fraction          | 0.036       |
|    clip_range             | 0.2         |
|    entropy_loss           | -2.03       |
|    explained_variance     | 0.887       |
|    learning_rate          | 6.62e-06    |
|    loss                   | -0.000525   |
|    n_updates              | 1910        |
|    policy_gradient_loss   | -0.0143     |
|    std                    | 0.667       |
|    value_loss             | 0.0291      |
-------------------------------------------
-----------------------------------------
| curriculum/             |             |
|    stage                | 0.66        |
| rollout/                |             |
|    ep_len_mean          | 581         |
|    ep_rew_mean          | 798         |
| time/                   |             |
|    fps                  | 148         |
|    iterations           | 193         |
|    time_elapsed         | 3989        |
|    total_timesteps      | 592896      |
| train/                  |             |
|    approx_kl            | 0.005985124 |
|    clip_fraction        | 0.0357      |
|    clip_range           | 0.2         |
|    entropy_loss         | -2.03       |
|    explained_variance   | 0.893       |
|    learning_rate        | 5.09e-06    |
|    loss                 | -0.0146     |
|    n_updates            | 1920        |
|    policy_gradient_loss | -0.0111     |
|    std                  | 0.667       |
|    value_loss           | 0.0249      |
-----------------------------------------
[Step   595968] SR=0.370 | FracGoal=0.450 | Ret=769.30 | Vis=0.73 | Prog=0.071 | CollEvt=15.46 | Stage=0.66
--------------------------------------------
| curriculum/               |              |
|    stage                  | 0.66         |
| research/                 |              |
|    collision_count        | 66.8         |
|    collision_event_count  | 15.5         |
|    curriculum_stage       | 0.66         |
|    episode_length         | 564          |
|    episode_return         | 769          |
|    fraction_at_goal       | 0.45         |
|    reward_collision       | -0.00781     |
|    reward_progress        | 0.0709       |
|    reward_zero_visibility | -0.0114      |
|    stray_count            | 0.33         |
|    success_rate           | 0.37         |
|    visibility_ratio       | 0.73         |
| rollout/                  |              |
|    ep_len_mean            | 564          |
|    ep_rew_mean            | 769          |
| time/                     |              |
|    fps                    | 148          |
|    iterations             | 194          |
|    time_elapsed           | 4007         |
|    total_timesteps        | 595968       |
| train/                    |              |
|    approx_kl              | 0.0049328813 |
|    clip_fraction          | 0.0191       |
|    clip_range             | 0.2          |
|    entropy_loss           | -2.03        |
|    explained_variance     | 0.879        |
|    learning_rate          | 3.55e-06     |
|    loss                   | 0.0115       |
|    n_updates              | 1930         |
|    policy_gradient_loss   | -0.011       |
|    std                    | 0.667        |
|    value_loss             | 0.048        |
--------------------------------------------
------------------------------------------
| curriculum/             |              |
|    stage                | 0.66         |
| rollout/                |              |
|    ep_len_mean          | 562          |
|    ep_rew_mean          | 766          |
| time/                   |              |
|    fps                  | 148          |
|    iterations           | 195          |
|    time_elapsed         | 4031         |
|    total_timesteps      | 599040       |
| train/                  |              |
|    approx_kl            | 0.0023272405 |
|    clip_fraction        | 0.00511      |
|    clip_range           | 0.2          |
|    entropy_loss         | -2.03        |
|    explained_variance   | 0.737        |
|    learning_rate        | 2.02e-06     |
|    loss                 | -0.0158      |
|    n_updates            | 1940         |
|    policy_gradient_loss | -0.00728     |
|    std                  | 0.667        |
|    value_loss           | 0.107        |
------------------------------------------
[validation @ 600,192] SR=0.300 | FracGoal=0.422 | MeanDist=3.56 | best=0.451
[Step   602112] SR=0.370 | FracGoal=0.447 | Ret=764.37 | Vis=0.74 | Prog=0.072 | CollEvt=16.71 | Stage=0.66
---------------------------------------------
| curriculum/               |               |
|    stage                  | 0.66          |
| research/                 |               |
|    collision_count        | 64.8          |
|    collision_event_count  | 16.7          |
|    curriculum_stage       | 0.66          |
|    episode_length         | 562           |
|    episode_return         | 764           |
|    fraction_at_goal       | 0.447         |
|    reward_collision       | -0.00805      |
|    reward_progress        | 0.0721        |
|    reward_zero_visibility | -0.0114       |
|    stray_count            | 0.33          |
|    success_rate           | 0.37          |
|    visibility_ratio       | 0.736         |
| rollout/                  |               |
|    ep_len_mean            | 562           |
|    ep_rew_mean            | 764           |
| time/                     |               |
|    fps                    | 147           |
|    iterations             | 196           |
|    time_elapsed           | 4078          |
|    total_timesteps        | 602112        |
| train/                    |               |
|    approx_kl              | 0.00012372312 |
|    clip_fraction          | 0             |
|    clip_range             | 0.2           |
|    entropy_loss           | -2.03         |
|    explained_variance     | 0.804         |
|    learning_rate          | 4.8e-07       |
|    loss                   | -0.00387      |
|    n_updates              | 1950          |
|    policy_gradient_loss   | -0.00191      |
|    std                    | 0.667         |
|    value_loss             | 0.0472        |
| validation/               |               |
|    episode_length         | 581           |
|    fraction_at_goal       | 0.422         |
|    mean_dist_to_goal      | 3.56          |
|    success_rate           | 0.3           |
---------------------------------------------

[warning] The curriculum finished at stage 0.66 (< 1.0). Earlier stages narrow the obstacle topologies and shrink the dynamics ranges, so this run trained on less randomization than the config asks for. Check curriculum.fraction_per_stage in this metadata file, then loosen training.curriculum.stages or train for longer.

Saved model to models/research_v3_gate045/recurrent/recurrent_seed2.zip
