TensorBoard is not installed; continuing without tensorboard logging.
Using cpu device
========================================================================
  Shepherding RL v3 – Recurrent PPO
  Run name         : recurrent_seed0
  Seed             : 0
  Scenario         : train
  Parallel envs    : 12
  Total timesteps  : 600,000
========================================================================
---------------------------------
| curriculum/        |          |
|    stage           | 0        |
| time/              |          |
|    fps             | 1871     |
|    iterations      | 1        |
|    time_elapsed    | 1        |
|    total_timesteps | 3072     |
---------------------------------
-----------------------------------------
| curriculum/             |             |
|    stage                | 0           |
| time/                   |             |
|    fps                  | 176         |
|    iterations           | 2           |
|    time_elapsed         | 34          |
|    total_timesteps      | 6144        |
| train/                  |             |
|    approx_kl            | 0.008846313 |
|    clip_fraction        | 0.0468      |
|    clip_range           | 0.2         |
|    entropy_loss         | -2.84       |
|    explained_variance   | 0.0453      |
|    learning_rate        | 0.000298    |
|    loss                 | 0.337       |
|    n_updates            | 10          |
|    policy_gradient_loss | -0.00535    |
|    std                  | 1           |
|    value_loss           | 0.931       |
-----------------------------------------
----------------------------------------
| curriculum/             |            |
|    stage                | 0          |
| rollout/                |            |
|    ep_len_mean          | 700        |
|    ep_rew_mean          | 543        |
| time/                   |            |
|    fps                  | 237        |
|    iterations           | 3          |
|    time_elapsed         | 38         |
|    total_timesteps      | 9216       |
| train/                  |            |
|    approx_kl            | 0.01326315 |
|    clip_fraction        | 0.132      |
|    clip_range           | 0.2        |
|    entropy_loss         | -2.83      |
|    explained_variance   | 0.505      |
|    learning_rate        | 0.000297   |
|    loss                 | -0.00754   |
|    n_updates            | 20         |
|    policy_gradient_loss | -0.0165    |
|    std                  | 0.995      |
|    value_loss           | 0.0758     |
----------------------------------------
[Step    12288] SR=0.000 | FracGoal=0.000 | Ret=543.42 | Vis=0.39 | Prog=0.004 | CollEvt=32.92 | Stage=0.00
--------------------------------------------
| curriculum/               |              |
|    stage                  | 0            |
| research/                 |              |
|    collision_count        | 70.5         |
|    collision_event_count  | 32.9         |
|    curriculum_stage       | 0            |
|    episode_length         | 700          |
|    episode_return         | 543          |
|    fraction_at_goal       | 0            |
|    reward_collision       | -0.011       |
|    reward_progress        | 0.0039       |
|    reward_zero_visibility | -0.109       |
|    stray_count            | 0            |
|    success_rate           | 0            |
|    visibility_ratio       | 0.387        |
| rollout/                  |              |
|    ep_len_mean            | 700          |
|    ep_rew_mean            | 543          |
| time/                     |              |
|    fps                    | 174          |
|    iterations             | 4            |
|    time_elapsed           | 70           |
|    total_timesteps        | 12288        |
| train/                    |              |
|    approx_kl              | 0.0148488935 |
|    clip_fraction          | 0.168        |
|    clip_range             | 0.2          |
|    entropy_loss           | -2.82        |
|    explained_variance     | 0.745        |
|    learning_rate          | 0.000295     |
|    loss                   | -0.0351      |
|    n_updates              | 30           |
|    policy_gradient_loss   | -0.0217      |
|    std                    | 0.991        |
|    value_loss             | 0.058        |
--------------------------------------------
----------------------------------------
| curriculum/             |            |
|    stage                | 0          |
| rollout/                |            |
|    ep_len_mean          | 680        |
|    ep_rew_mean          | 546        |
| time/                   |            |
|    fps                  | 207        |
|    iterations           | 5          |
|    time_elapsed         | 74         |
|    total_timesteps      | 15360      |
| train/                  |            |
|    approx_kl            | 0.01829838 |
|    clip_fraction        | 0.197      |
|    clip_range           | 0.2        |
|    entropy_loss         | -2.82      |
|    explained_variance   | 0.673      |
|    learning_rate        | 0.000294   |
|    loss                 | -0.0244    |
|    n_updates            | 40         |
|    policy_gradient_loss | -0.0234    |
|    std                  | 0.989      |
|    value_loss           | 0.0588     |
----------------------------------------
[Step    18432] SR=0.083 | FracGoal=0.129 | Ret=585.79 | Vis=0.40 | Prog=0.019 | CollEvt=39.58 | Stage=0.00
-------------------------------------------
| curriculum/               |             |
|    stage                  | 0           |
| research/                 |             |
|    collision_count        | 88.4        |
|    collision_event_count  | 39.6        |
|    curriculum_stage       | 0           |
|    episode_length         | 687         |
|    episode_return         | 586         |
|    fraction_at_goal       | 0.129       |
|    reward_collision       | -0.0136     |
|    reward_progress        | 0.0188      |
|    reward_zero_visibility | -0.107      |
|    stray_count            | 0           |
|    success_rate           | 0.0833      |
|    visibility_ratio       | 0.402       |
| rollout/                  |             |
|    ep_len_mean            | 687         |
|    ep_rew_mean            | 586         |
| time/                     |             |
|    fps                    | 228         |
|    iterations             | 6           |
|    time_elapsed           | 80          |
|    total_timesteps        | 18432       |
| train/                    |             |
|    approx_kl              | 0.017236136 |
|    clip_fraction          | 0.192       |
|    clip_range             | 0.2         |
|    entropy_loss           | -2.82       |
|    explained_variance     | 0.803       |
|    learning_rate          | 0.000292    |
|    loss                   | -0.0329     |
|    n_updates              | 50          |
|    policy_gradient_loss   | -0.019      |
|    std                    | 0.991       |
|    value_loss             | 0.0474      |
-------------------------------------------
----------------------------------------
| curriculum/             |            |
|    stage                | 0          |
| rollout/                |            |
|    ep_len_mean          | 687        |
|    ep_rew_mean          | 586        |
| time/                   |            |
|    fps                  | 206        |
|    iterations           | 7          |
|    time_elapsed         | 104        |
|    total_timesteps      | 21504      |
| train/                  |            |
|    approx_kl            | 0.01714593 |
|    clip_fraction        | 0.161      |
|    clip_range           | 0.2        |
|    entropy_loss         | -2.81      |
|    explained_variance   | 0.824      |
|    learning_rate        | 0.000291   |
|    loss                 | -0.0348    |
|    n_updates            | 60         |
|    policy_gradient_loss | -0.0226    |
|    std                  | 0.984      |
|    value_loss           | 0.0398     |
----------------------------------------
[Step    24576] SR=0.111 | FracGoal=0.152 | Ret=599.24 | Vis=0.39 | Prog=0.022 | CollEvt=38.78 | Stage=0.00
-------------------------------------------
| curriculum/               |             |
|    stage                  | 0           |
| research/                 |             |
|    collision_count        | 84.9        |
|    collision_event_count  | 38.8        |
|    curriculum_stage       | 0           |
|    episode_length         | 680         |
|    episode_return         | 599         |
|    fraction_at_goal       | 0.152       |
|    reward_collision       | -0.0134     |
|    reward_progress        | 0.0217      |
|    reward_zero_visibility | -0.109      |
|    stray_count            | 0           |
|    success_rate           | 0.111       |
|    visibility_ratio       | 0.392       |
| rollout/                  |             |
|    ep_len_mean            | 680         |
|    ep_rew_mean            | 599         |
| time/                     |             |
|    fps                    | 227         |
|    iterations             | 8           |
|    time_elapsed           | 108         |
|    total_timesteps        | 24576       |
| train/                    |             |
|    approx_kl              | 0.014879955 |
|    clip_fraction          | 0.183       |
|    clip_range             | 0.2         |
|    entropy_loss           | -2.79       |
|    explained_variance     | 0.767       |
|    learning_rate          | 0.000289    |
|    loss                   | -0.0341     |
|    n_updates              | 70          |
|    policy_gradient_loss   | -0.0206     |
|    std                    | 0.973       |
|    value_loss             | 0.0201      |
-------------------------------------------
[validation @ 25,008] SR=0.100 | FracGoal=0.134 | MeanDist=7.54 | best=0.134
------------------------------------------
| curriculum/             |              |
|    stage                | 0            |
| rollout/                |              |
|    ep_len_mean          | 677          |
|    ep_rew_mean          | 633          |
| time/                   |              |
|    fps                  | 167          |
|    iterations           | 9            |
|    time_elapsed         | 165          |
|    total_timesteps      | 27648        |
| train/                  |              |
|    approx_kl            | 0.0150696505 |
|    clip_fraction        | 0.161        |
|    clip_range           | 0.2          |
|    entropy_loss         | -2.78        |
|    explained_variance   | 0.68         |
|    learning_rate        | 0.000288     |
|    loss                 | -0.0509      |
|    n_updates            | 80           |
|    policy_gradient_loss | -0.0199      |
|    std                  | 0.975        |
|    value_loss           | 0.0279       |
| validation/             |              |
|    episode_length       | 662          |
|    fraction_at_goal     | 0.134        |
|    mean_dist_to_goal    | 7.54         |
|    success_rate         | 0.1          |
------------------------------------------
[Step    30720] SR=0.105 | FracGoal=0.174 | Ret=638.02 | Vis=0.40 | Prog=0.024 | CollEvt=38.84 | Stage=0.00
-------------------------------------------
| curriculum/               |             |
|    stage                  | 0           |
| research/                 |             |
|    collision_count        | 84.6        |
|    collision_event_count  | 38.8        |
|    curriculum_stage       | 0           |
|    episode_length         | 678         |
|    episode_return         | 638         |
|    fraction_at_goal       | 0.174       |
|    reward_collision       | -0.0134     |
|    reward_progress        | 0.0243      |
|    reward_zero_visibility | -0.105      |
|    stray_count            | 0           |
|    success_rate           | 0.105       |
|    visibility_ratio       | 0.399       |
| rollout/                  |             |
|    ep_len_mean            | 678         |
|    ep_rew_mean            | 638         |
| time/                     |             |
|    fps                    | 161         |
|    iterations             | 10          |
|    time_elapsed           | 190         |
|    total_timesteps        | 30720       |
| train/                    |             |
|    approx_kl              | 0.017726861 |
|    clip_fraction          | 0.198       |
|    clip_range             | 0.2         |
|    entropy_loss           | -2.79       |
|    explained_variance     | 0.821       |
|    learning_rate          | 0.000286    |
|    loss                   | -0.0404     |
|    n_updates              | 90          |
|    policy_gradient_loss   | -0.0221     |
|    std                    | 0.974       |
|    value_loss             | 0.0221      |
-------------------------------------------
-----------------------------------------
| curriculum/             |             |
|    stage                | 0           |
| rollout/                |             |
|    ep_len_mean          | 678         |
|    ep_rew_mean          | 664         |
| time/                   |             |
|    fps                  | 170         |
|    iterations           | 11          |
|    time_elapsed         | 198         |
|    total_timesteps      | 33792       |
| train/                  |             |
|    approx_kl            | 0.021035707 |
|    clip_fraction        | 0.208       |
|    clip_range           | 0.2         |
|    entropy_loss         | -2.78       |
|    explained_variance   | 0.86        |
|    learning_rate        | 0.000285    |
|    loss                 | -0.0422     |
|    n_updates            | 100         |
|    policy_gradient_loss | -0.0226     |
|    std                  | 0.972       |
|    value_loss           | 0.0189      |
-----------------------------------------
[Step    36864] SR=0.160 | FracGoal=0.220 | Ret=657.46 | Vis=0.40 | Prog=0.033 | CollEvt=39.98 | Stage=0.00
-------------------------------------------
| curriculum/               |             |
|    stage                  | 0           |
| research/                 |             |
|    collision_count        | 87.4        |
|    collision_event_count  | 40          |
|    curriculum_stage       | 0           |
|    episode_length         | 664         |
|    episode_return         | 657         |
|    fraction_at_goal       | 0.22        |
|    reward_collision       | -0.0141     |
|    reward_progress        | 0.0329      |
|    reward_zero_visibility | -0.102      |
|    stray_count            | 0           |
|    success_rate           | 0.16        |
|    visibility_ratio       | 0.399       |
| rollout/                  |             |
|    ep_len_mean            | 664         |
|    ep_rew_mean            | 657         |
| time/                     |             |
|    fps                    | 163         |
|    iterations             | 12          |
|    time_elapsed           | 226         |
|    total_timesteps        | 36864       |
| train/                    |             |
|    approx_kl              | 0.025156058 |
|    clip_fraction          | 0.237       |
|    clip_range             | 0.2         |
|    entropy_loss           | -2.77       |
|    explained_variance     | 0.811       |
|    learning_rate          | 0.000283    |
|    loss                   | -0.0436     |
|    n_updates              | 110         |
|    policy_gradient_loss   | -0.0202     |
|    std                    | 0.965       |
|    value_loss             | 0.0434      |
-------------------------------------------
----------------------------------------
| curriculum/             |            |
|    stage                | 0          |
| rollout/                |            |
|    ep_len_mean          | 662        |
|    ep_rew_mean          | 666        |
| time/                   |            |
|    fps                  | 170        |
|    iterations           | 13         |
|    time_elapsed         | 234        |
|    total_timesteps      | 39936      |
| train/                  |            |
|    approx_kl            | 0.01817644 |
|    clip_fraction        | 0.235      |
|    clip_range           | 0.2        |
|    entropy_loss         | -2.76      |
|    explained_variance   | 0.63       |
|    learning_rate        | 0.000282   |
|    loss                 | -0.0506    |
|    n_updates            | 120        |
|    policy_gradient_loss | -0.0254    |
|    std                  | 0.96       |
|    value_loss           | 0.0274     |
----------------------------------------
[Step    43008] SR=0.177 | FracGoal=0.240 | Ret=686.37 | Vis=0.42 | Prog=0.036 | CollEvt=39.89 | Stage=0.00
------------------------------------------
| curriculum/               |            |
|    stage                  | 0          |
| research/                 |            |
|    collision_count        | 89.9       |
|    collision_event_count  | 39.9       |
|    curriculum_stage       | 0          |
|    episode_length         | 658        |
|    episode_return         | 686        |
|    fraction_at_goal       | 0.24       |
|    reward_collision       | -0.0143    |
|    reward_progress        | 0.0364     |
|    reward_zero_visibility | -0.095     |
|    stray_count            | 0          |
|    success_rate           | 0.177      |
|    visibility_ratio       | 0.417      |
| rollout/                  |            |
|    ep_len_mean            | 658        |
|    ep_rew_mean            | 686        |
| time/                     |            |
|    fps                    | 174        |
|    iterations             | 14         |
|    time_elapsed           | 246        |
|    total_timesteps        | 43008      |
| train/                    |            |
|    approx_kl              | 0.02557142 |
|    clip_fraction          | 0.239      |
|    clip_range             | 0.2        |
|    entropy_loss           | -2.75      |
|    explained_variance     | 0.693      |
|    learning_rate          | 0.00028    |
|    loss                   | -0.0234    |
|    n_updates              | 130        |
|    policy_gradient_loss   | -0.0203    |
|    std                    | 0.95       |
|    value_loss             | 0.0394     |
------------------------------------------
-----------------------------------------
| curriculum/             |             |
|    stage                | 0           |
| rollout/                |             |
|    ep_len_mean          | 654         |
|    ep_rew_mean          | 686         |
| time/                   |             |
|    fps                  | 173         |
|    iterations           | 15          |
|    time_elapsed         | 266         |
|    total_timesteps      | 46080       |
| train/                  |             |
|    approx_kl            | 0.024767693 |
|    clip_fraction        | 0.215       |
|    clip_range           | 0.2         |
|    entropy_loss         | -2.73       |
|    explained_variance   | 0.878       |
|    learning_rate        | 0.000278    |
|    loss                 | -0.0523     |
|    n_updates            | 140         |
|    policy_gradient_loss | -0.0266     |
|    std                  | 0.944       |
|    value_loss           | 0.0246      |
-----------------------------------------
[Step    49152] SR=0.206 | FracGoal=0.290 | Ret=691.19 | Vis=0.42 | Prog=0.039 | CollEvt=38.34 | Stage=0.00
-------------------------------------------
| curriculum/               |             |
|    stage                  | 0           |
| research/                 |             |
|    collision_count        | 85.6        |
|    collision_event_count  | 38.3        |
|    curriculum_stage       | 0           |
|    episode_length         | 649         |
|    episode_return         | 691         |
|    fraction_at_goal       | 0.29        |
|    reward_collision       | -0.014      |
|    reward_progress        | 0.0387      |
|    reward_zero_visibility | -0.0934     |
|    stray_count            | 0           |
|    success_rate           | 0.206       |
|    visibility_ratio       | 0.421       |
| rollout/                  |             |
|    ep_len_mean            | 649         |
|    ep_rew_mean            | 691         |
| time/                     |             |
|    fps                    | 178         |
|    iterations             | 16          |
|    time_elapsed           | 275         |
|    total_timesteps        | 49152       |
| train/                    |             |
|    approx_kl              | 0.025180837 |
|    clip_fraction          | 0.201       |
|    clip_range             | 0.2         |
|    entropy_loss           | -2.72       |
|    explained_variance     | 0.752       |
|    learning_rate          | 0.000277    |
|    loss                   | -0.0464     |
|    n_updates              | 150         |
|    policy_gradient_loss   | -0.0238     |
|    std                    | 0.937       |
|    value_loss             | 0.0214      |
-------------------------------------------
[validation @ 50,016] SR=0.067 | FracGoal=0.088 | MeanDist=6.61 | best=0.134
-----------------------------------------
| curriculum/             |             |
|    stage                | 0           |
| rollout/                |             |
|    ep_len_mean          | 636         |
|    ep_rew_mean          | 696         |
| time/                   |             |
|    fps                  | 159         |
|    iterations           | 17          |
|    time_elapsed         | 328         |
|    total_timesteps      | 52224       |
| train/                  |             |
|    approx_kl            | 0.026827384 |
|    clip_fraction        | 0.233       |
|    clip_range           | 0.2         |
|    entropy_loss         | -2.71       |
|    explained_variance   | 0.759       |
|    learning_rate        | 0.000275    |
|    loss                 | -0.0465     |
|    n_updates            | 160         |
|    policy_gradient_loss | -0.0228     |
|    std                  | 0.94        |
|    value_loss           | 0.0292      |
| validation/             |             |
|    episode_length       | 672         |
|    fraction_at_goal     | 0.0884      |
|    mean_dist_to_goal    | 6.61        |
|    success_rate         | 0.0667      |
-----------------------------------------
[Step    55296] SR=0.268 | FracGoal=0.357 | Ret=685.45 | Vis=0.45 | Prog=0.053 | CollEvt=36.83 | Stage=0.00
-------------------------------------------
| curriculum/               |             |
|    stage                  | 0           |
| research/                 |             |
|    collision_count        | 84.6        |
|    collision_event_count  | 36.8        |
|    curriculum_stage       | 0           |
|    episode_length         | 623         |
|    episode_return         | 685         |
|    fraction_at_goal       | 0.357       |
|    reward_collision       | -0.0139     |
|    reward_progress        | 0.0533      |
|    reward_zero_visibility | -0.0882     |
|    stray_count            | 0.0366      |
|    success_rate           | 0.268       |
|    visibility_ratio       | 0.446       |
| rollout/                  |             |
|    ep_len_mean            | 623         |
|    ep_rew_mean            | 685         |
| time/                     |             |
|    fps                    | 157         |
|    iterations             | 18          |
|    time_elapsed           | 350         |
|    total_timesteps        | 55296       |
| train/                    |             |
|    approx_kl              | 0.025555354 |
|    clip_fraction          | 0.206       |
|    clip_range             | 0.2         |
|    entropy_loss           | -2.71       |
|    explained_variance     | 0.739       |
|    learning_rate          | 0.000274    |
|    loss                   | -0.017      |
|    n_updates              | 170         |
|    policy_gradient_loss   | -0.0194     |
|    std                    | 0.937       |
|    value_loss             | 0.0587      |
-------------------------------------------
-----------------------------------------
| curriculum/             |             |
|    stage                | 0           |
| rollout/                |             |
|    ep_len_mean          | 615         |
|    ep_rew_mean          | 683         |
| time/                   |             |
|    fps                  | 160         |
|    iterations           | 19          |
|    time_elapsed         | 362         |
|    total_timesteps      | 58368       |
| train/                  |             |
|    approx_kl            | 0.017583407 |
|    clip_fraction        | 0.179       |
|    clip_range           | 0.2         |
|    entropy_loss         | -2.71       |
|    explained_variance   | 0.773       |
|    learning_rate        | 0.000272    |
|    loss                 | -0.042      |
|    n_updates            | 180         |
|    policy_gradient_loss | -0.0219     |
|    std                  | 0.935       |
|    value_loss           | 0.0336      |
-----------------------------------------
[Step    61440] SR=0.302 | FracGoal=0.400 | Ret=686.01 | Vis=0.46 | Prog=0.057 | CollEvt=35.93 | Stage=0.00
-------------------------------------------
| curriculum/               |             |
|    stage                  | 0           |
| research/                 |             |
|    collision_count        | 82          |
|    collision_event_count  | 35.9        |
|    curriculum_stage       | 0           |
|    episode_length         | 610         |
|    episode_return         | 686         |
|    fraction_at_goal       | 0.4         |
|    reward_collision       | -0.0138     |
|    reward_progress        | 0.0572      |
|    reward_zero_visibility | -0.0848     |
|    stray_count            | 0.0312      |
|    success_rate           | 0.302       |
|    visibility_ratio       | 0.46        |
| rollout/                  |             |
|    ep_len_mean            | 610         |
|    ep_rew_mean            | 686         |
| time/                     |             |
|    fps                    | 161         |
|    iterations             | 20          |
|    time_elapsed           | 380         |
|    total_timesteps        | 61440       |
| train/                    |             |
|    approx_kl              | 0.021116529 |
|    clip_fraction          | 0.234       |
|    clip_range             | 0.2         |
|    entropy_loss           | -2.7        |
|    explained_variance     | 0.791       |
|    learning_rate          | 0.000271    |
|    loss                   | -0.0353     |
|    n_updates              | 190         |
|    policy_gradient_loss   | -0.015      |
|    std                    | 0.929       |
|    value_loss             | 0.0493      |
-------------------------------------------
-----------------------------------------
| curriculum/             |             |
|    stage                | 0           |
| rollout/                |             |
|    ep_len_mean          | 603         |
|    ep_rew_mean          | 683         |
| time/                   |             |
|    fps                  | 161         |
|    iterations           | 21          |
|    time_elapsed         | 400         |
|    total_timesteps      | 64512       |
| train/                  |             |
|    approx_kl            | 0.032658048 |
|    clip_fraction        | 0.221       |
|    clip_range           | 0.2         |
|    entropy_loss         | -2.69       |
|    explained_variance   | 0.766       |
|    learning_rate        | 0.000269    |
|    loss                 | -0.00522    |
|    n_updates            | 200         |
|    policy_gradient_loss | -0.0274     |
|    std                  | 0.926       |
|    value_loss           | 0.0635      |
-----------------------------------------
[Step    67584] SR=0.320 | FracGoal=0.432 | Ret=691.54 | Vis=0.46 | Prog=0.058 | CollEvt=34.65 | Stage=0.00
-------------------------------------------
| curriculum/               |             |
|    stage                  | 0           |
| research/                 |             |
|    collision_count        | 79.9        |
|    collision_event_count  | 34.7        |
|    curriculum_stage       | 0           |
|    episode_length         | 604         |
|    episode_return         | 692         |
|    fraction_at_goal       | 0.432       |
|    reward_collision       | -0.0133     |
|    reward_progress        | 0.0582      |
|    reward_zero_visibility | -0.0822     |
|    stray_count            | 0.03        |
|    success_rate           | 0.32        |
|    visibility_ratio       | 0.465       |
| rollout/                  |             |
|    ep_len_mean            | 604         |
|    ep_rew_mean            | 692         |
| time/                     |             |
|    fps                    | 163         |
|    iterations             | 22          |
|    time_elapsed           | 412         |
|    total_timesteps        | 67584       |
| train/                    |             |
|    approx_kl              | 0.023539659 |
|    clip_fraction          | 0.203       |
|    clip_range             | 0.2         |
|    entropy_loss           | -2.68       |
|    explained_variance     | 0.565       |
|    learning_rate          | 0.000268    |
|    loss                   | -0.0341     |
|    n_updates              | 210         |
|    policy_gradient_loss   | -0.0228     |
|    std                    | 0.925       |
|    value_loss             | 0.0452      |
-------------------------------------------
-----------------------------------------
| curriculum/             |             |
|    stage                | 0           |
| rollout/                |             |
|    ep_len_mean          | 602         |
|    ep_rew_mean          | 708         |
| time/                   |             |
|    fps                  | 165         |
|    iterations           | 23          |
|    time_elapsed         | 427         |
|    total_timesteps      | 70656       |
| train/                  |             |
|    approx_kl            | 0.027889425 |
|    clip_fraction        | 0.254       |
|    clip_range           | 0.2         |
|    entropy_loss         | -2.68       |
|    explained_variance   | 0.913       |
|    learning_rate        | 0.000266    |
|    loss                 | -0.0388     |
|    n_updates            | 220         |
|    policy_gradient_loss | -0.0231     |
|    std                  | 0.922       |
|    value_loss           | 0.0113      |
-----------------------------------------
[Step    73728] SR=0.350 | FracGoal=0.484 | Ret=722.36 | Vis=0.47 | Prog=0.064 | CollEvt=34.00 | Stage=0.00
-------------------------------------------
| curriculum/               |             |
|    stage                  | 0           |
| research/                 |             |
|    collision_count        | 80.6        |
|    collision_event_count  | 34          |
|    curriculum_stage       | 0           |
|    episode_length         | 592         |
|    episode_return         | 722         |
|    fraction_at_goal       | 0.484       |
|    reward_collision       | -0.0133     |
|    reward_progress        | 0.0637      |
|    reward_zero_visibility | -0.0798     |
|    stray_count            | 0.03        |
|    success_rate           | 0.35        |
|    visibility_ratio       | 0.472       |
| rollout/                  |             |
|    ep_len_mean            | 592         |
|    ep_rew_mean            | 722         |
| time/                     |             |
|    fps                    | 165         |
|    iterations             | 24          |
|    time_elapsed           | 446         |
|    total_timesteps        | 73728       |
| train/                    |             |
|    approx_kl              | 0.032419547 |
|    clip_fraction          | 0.283       |
|    clip_range             | 0.2         |
|    entropy_loss           | -2.67       |
|    explained_variance     | 0.885       |
|    learning_rate          | 0.000265    |
|    loss                   | -0.0373     |
|    n_updates              | 230         |
|    policy_gradient_loss   | -0.0275     |
|    std                    | 0.917       |
|    value_loss             | 0.0153      |
-------------------------------------------
[validation @ 75,024] SR=0.033 | FracGoal=0.092 | MeanDist=6.22 | best=0.134
-----------------------------------------
| curriculum/             |             |
|    stage                | 0           |
| rollout/                |             |
|    ep_len_mean          | 583         |
|    ep_rew_mean          | 724         |
| time/                   |             |
|    fps                  | 149         |
|    iterations           | 25          |
|    time_elapsed         | 514         |
|    total_timesteps      | 76800       |
| train/                  |             |
|    approx_kl            | 0.029635176 |
|    clip_fraction        | 0.223       |
|    clip_range           | 0.2         |
|    entropy_loss         | -2.67       |
|    explained_variance   | 0.747       |
|    learning_rate        | 0.000263    |
|    loss                 | -0.0303     |
|    n_updates            | 240         |
|    policy_gradient_loss | -0.0185     |
|    std                  | 0.923       |
|    value_loss           | 0.0612      |
| validation/             |             |
|    episode_length       | 682         |
|    fraction_at_goal     | 0.0921      |
|    mean_dist_to_goal    | 6.22        |
|    success_rate         | 0.0333      |
-----------------------------------------
[Step    79872] SR=0.390 | FracGoal=0.527 | Ret=714.28 | Vis=0.49 | Prog=0.070 | CollEvt=31.05 | Stage=0.00
-------------------------------------------
| curriculum/               |             |
|    stage                  | 0           |
| research/                 |             |
|    collision_count        | 75.3        |
|    collision_event_count  | 31          |
|    curriculum_stage       | 0           |
|    episode_length         | 571         |
|    episode_return         | 714         |
|    fraction_at_goal       | 0.527       |
|    reward_collision       | -0.0127     |
|    reward_progress        | 0.0702      |
|    reward_zero_visibility | -0.0745     |
|    stray_count            | 0.03        |
|    success_rate           | 0.39        |
|    visibility_ratio       | 0.488       |
| rollout/                  |             |
|    ep_len_mean            | 571         |
|    ep_rew_mean            | 714         |
| time/                     |             |
|    fps                    | 150         |
|    iterations             | 26          |
|    time_elapsed           | 529         |
|    total_timesteps        | 79872       |
| train/                    |             |
|    approx_kl              | 0.024029529 |
|    clip_fraction          | 0.258       |
|    clip_range             | 0.2         |
|    entropy_loss           | -2.68       |
|    explained_variance     | 0.815       |
|    learning_rate          | 0.000262    |
|    loss                   | -0.0528     |
|    n_updates              | 250         |
|    policy_gradient_loss   | -0.0282     |
|    std                    | 0.922       |
|    value_loss             | 0.0389      |
-------------------------------------------
-----------------------------------------
| curriculum/             |             |
|    stage                | 0           |
| rollout/                |             |
|    ep_len_mean          | 568         |
|    ep_rew_mean          | 720         |
| time/                   |             |
|    fps                  | 152         |
|    iterations           | 27          |
|    time_elapsed         | 543         |
|    total_timesteps      | 82944       |
| train/                  |             |
|    approx_kl            | 0.038320456 |
|    clip_fraction        | 0.24        |
|    clip_range           | 0.2         |
|    entropy_loss         | -2.67       |
|    explained_variance   | 0.73        |
|    learning_rate        | 0.00026     |
|    loss                 | -0.0245     |
|    n_updates            | 260         |
|    policy_gradient_loss | -0.0268     |
|    std                  | 0.918       |
|    value_loss           | 0.0499      |
-----------------------------------------
[Step    86016] SR=0.420 | FracGoal=0.555 | Ret=717.78 | Vis=0.51 | Prog=0.075 | CollEvt=29.88 | Stage=0.00
-------------------------------------------
| curriculum/               |             |
|    stage                  | 0           |
| research/                 |             |
|    collision_count        | 75.5        |
|    collision_event_count  | 29.9        |
|    curriculum_stage       | 0           |
|    episode_length         | 557         |
|    episode_return         | 718         |
|    fraction_at_goal       | 0.555       |
|    reward_collision       | -0.0125     |
|    reward_progress        | 0.0754      |
|    reward_zero_visibility | -0.0679     |
|    stray_count            | 0.03        |
|    success_rate           | 0.42        |
|    visibility_ratio       | 0.509       |
| rollout/                  |             |
|    ep_len_mean            | 557         |
|    ep_rew_mean            | 718         |
| time/                     |             |
|    fps                    | 154         |
|    iterations             | 28          |
|    time_elapsed           | 557         |
|    total_timesteps        | 86016       |
| train/                    |             |
|    approx_kl              | 0.034843378 |
|    clip_fraction          | 0.256       |
|    clip_range             | 0.2         |
|    entropy_loss           | -2.66       |
|    explained_variance     | 0.865       |
|    learning_rate          | 0.000259    |
|    loss                   | -0.0706     |
|    n_updates              | 270         |
|    policy_gradient_loss   | -0.0257     |
|    std                    | 0.915       |
|    value_loss             | 0.0188      |
-------------------------------------------
----------------------------------------
| curriculum/             |            |
|    stage                | 0          |
| rollout/                |            |
|    ep_len_mean          | 546        |
|    ep_rew_mean          | 708        |
| time/                   |            |
|    fps                  | 153        |
|    iterations           | 29         |
|    time_elapsed         | 579        |
|    total_timesteps      | 89088      |
| train/                  |            |
|    approx_kl            | 0.02900457 |
|    clip_fraction        | 0.235      |
|    clip_range           | 0.2        |
|    entropy_loss         | -2.66      |
|    explained_variance   | 0.677      |
|    learning_rate        | 0.000257   |
|    loss                 | -0.0353    |
|    n_updates            | 280        |
|    policy_gradient_loss | -0.0198    |
|    std                  | 0.915      |
|    value_loss           | 0.0744     |
----------------------------------------
[Step    92160] SR=0.450 | FracGoal=0.583 | Ret=702.45 | Vis=0.54 | Prog=0.084 | CollEvt=28.31 | Stage=0.00
-------------------------------------------
| curriculum/               |             |
|    stage                  | 0           |
| research/                 |             |
|    collision_count        | 73.3        |
|    collision_event_count  | 28.3        |
|    curriculum_stage       | 0           |
|    episode_length         | 535         |
|    episode_return         | 702         |
|    fraction_at_goal       | 0.583       |
|    reward_collision       | -0.0124     |
|    reward_progress        | 0.0842      |
|    reward_zero_visibility | -0.0602     |
|    stray_count            | 0.03        |
|    success_rate           | 0.45        |
|    visibility_ratio       | 0.539       |
| rollout/                  |             |
|    ep_len_mean            | 535         |
|    ep_rew_mean            | 702         |
| time/                     |             |
|    fps                    | 156         |
|    iterations             | 30          |
|    time_elapsed           | 589         |
|    total_timesteps        | 92160       |
| train/                    |             |
|    approx_kl              | 0.033974156 |
|    clip_fraction          | 0.256       |
|    clip_range             | 0.2         |
|    entropy_loss           | -2.66       |
|    explained_variance     | 0.823       |
|    learning_rate          | 0.000255    |
|    loss                   | -0.0078     |
|    n_updates              | 290         |
|    policy_gradient_loss   | -0.0272     |
|    std                    | 0.916       |
|    value_loss             | 0.0286      |
-------------------------------------------
-----------------------------------------
| curriculum/             |             |
|    stage                | 0           |
| rollout/                |             |
|    ep_len_mean          | 548         |
|    ep_rew_mean          | 721         |
| time/                   |             |
|    fps                  | 158         |
|    iterations           | 31          |
|    time_elapsed         | 601         |
|    total_timesteps      | 95232       |
| train/                  |             |
|    approx_kl            | 0.035718393 |
|    clip_fraction        | 0.256       |
|    clip_range           | 0.2         |
|    entropy_loss         | -2.65       |
|    explained_variance   | 0.781       |
|    learning_rate        | 0.000254    |
|    loss                 | -0.025      |
|    n_updates            | 300         |
|    policy_gradient_loss | -0.0214     |
|    std                  | 0.91        |
|    value_loss           | 0.0355      |
-----------------------------------------
[Step    98304] SR=0.480 | FracGoal=0.628 | Ret=702.10 | Vis=0.55 | Prog=0.083 | CollEvt=26.94 | Stage=0.00
-------------------------------------------
| curriculum/               |             |
|    stage                  | 0           |
| research/                 |             |
|    collision_count        | 69.4        |
|    collision_event_count  | 26.9        |
|    curriculum_stage       | 0           |
|    episode_length         | 528         |
|    episode_return         | 702         |
|    fraction_at_goal       | 0.628       |
|    reward_collision       | -0.0119     |
|    reward_progress        | 0.0834      |
|    reward_zero_visibility | -0.0567     |
|    stray_count            | 0.05        |
|    success_rate           | 0.48        |
|    visibility_ratio       | 0.551       |
| rollout/                  |             |
|    ep_len_mean            | 528         |
|    ep_rew_mean            | 702         |
| time/                     |             |
|    fps                    | 157         |
|    iterations             | 32          |
|    time_elapsed           | 624         |
|    total_timesteps        | 98304       |
| train/                    |             |
|    approx_kl              | 0.041211836 |
|    clip_fraction          | 0.301       |
|    clip_range             | 0.2         |
|    entropy_loss           | -2.65       |
|    explained_variance     | 0.834       |
|    learning_rate          | 0.000252    |
|    loss                   | -0.0036     |
|    n_updates              | 310         |
|    policy_gradient_loss   | -0.0265     |
|    std                    | 0.907       |
|    value_loss             | 0.0336      |
-------------------------------------------
[validation @ 100,032] SR=0.133 | FracGoal=0.205 | MeanDist=5.14 | best=0.205
-----------------------------------------
| curriculum/             |             |
|    stage                | 0           |
| rollout/                |             |
|    ep_len_mean          | 525         |
|    ep_rew_mean          | 698         |
| time/                   |             |
|    fps                  | 147         |
|    iterations           | 33          |
|    time_elapsed         | 686         |
|    total_timesteps      | 101376      |
| train/                  |             |
|    approx_kl            | 0.029890727 |
|    clip_fraction        | 0.221       |
|    clip_range           | 0.2         |
|    entropy_loss         | -2.64       |
|    explained_variance   | 0.683       |
|    learning_rate        | 0.000251    |
|    loss                 | -0.0464     |
|    n_updates            | 320         |
|    policy_gradient_loss | -0.0203     |
|    std                  | 0.903       |
|    value_loss           | 0.0496      |
| validation/             |             |
|    episode_length       | 626         |
|    fraction_at_goal     | 0.205       |
|    mean_dist_to_goal    | 5.14        |
|    success_rate         | 0.133       |
-----------------------------------------
Adaptive curriculum advanced to stage 0.33 at timestep 104,244
[Step   104448] SR=0.490 | FracGoal=0.621 | Ret=689.62 | Vis=0.56 | Prog=0.084 | CollEvt=25.06 | Stage=0.00
------------------------------------------
| curriculum/               |            |
|    stage                  | 0.33       |
| research/                 |            |
|    collision_count        | 64         |
|    collision_event_count  | 25.1       |
|    curriculum_stage       | 0          |
|    episode_length         | 514        |
|    episode_return         | 690        |
|    fraction_at_goal       | 0.621      |
|    reward_collision       | -0.011     |
|    reward_progress        | 0.0838     |
|    reward_zero_visibility | -0.051     |
|    stray_count            | 0.03       |
|    success_rate           | 0.49       |
|    visibility_ratio       | 0.564      |
| rollout/                  |            |
|    ep_len_mean            | 514        |
|    ep_rew_mean            | 690        |
| time/                     |            |
|    fps                    | 147        |
|    iterations             | 34         |
|    time_elapsed           | 706        |
|    total_timesteps        | 104448     |
| train/                    |            |
|    approx_kl              | 0.04483021 |
|    clip_fraction          | 0.273      |
|    clip_range             | 0.2        |
|    entropy_loss           | -2.63      |
|    explained_variance     | 0.755      |
|    learning_rate          | 0.000249   |
|    loss                   | -0.0083    |
|    n_updates              | 330        |
|    policy_gradient_loss   | -0.0229    |
|    std                    | 0.9        |
|    value_loss             | 0.0551     |
------------------------------------------
----------------------------------------
| curriculum/             |            |
|    stage                | 0.33       |
| rollout/                |            |
|    ep_len_mean          | 516        |
|    ep_rew_mean          | 694        |
| time/                   |            |
|    fps                  | 147        |
|    iterations           | 35         |
|    time_elapsed         | 728        |
|    total_timesteps      | 107520     |
| train/                  |            |
|    approx_kl            | 0.02751436 |
|    clip_fraction        | 0.247      |
|    clip_range           | 0.2        |
|    entropy_loss         | -2.63      |
|    explained_variance   | 0.743      |
|    learning_rate        | 0.000248   |
|    loss                 | -0.0421    |
|    n_updates            | 340        |
|    policy_gradient_loss | -0.0267    |
|    std                  | 0.9        |
|    value_loss           | 0.0635     |
----------------------------------------
[Step   110592] SR=0.460 | FracGoal=0.589 | Ret=703.40 | Vis=0.57 | Prog=0.079 | CollEvt=25.42 | Stage=0.23
------------------------------------------
| curriculum/               |            |
|    stage                  | 0.33       |
| research/                 |            |
|    collision_count        | 66.5       |
|    collision_event_count  | 25.4       |
|    curriculum_stage       | 0.231      |
|    episode_length         | 523        |
|    episode_return         | 703        |
|    fraction_at_goal       | 0.589      |
|    reward_collision       | -0.0108    |
|    reward_progress        | 0.0791     |
|    reward_zero_visibility | -0.0488    |
|    stray_count            | 0.03       |
|    success_rate           | 0.46       |
|    visibility_ratio       | 0.566      |
| rollout/                  |            |
|    ep_len_mean            | 523        |
|    ep_rew_mean            | 703        |
| time/                     |            |
|    fps                    | 148        |
|    iterations             | 36         |
|    time_elapsed           | 745        |
|    total_timesteps        | 110592     |
| train/                    |            |
|    approx_kl              | 0.06573984 |
|    clip_fraction          | 0.271      |
|    clip_range             | 0.2        |
|    entropy_loss           | -2.62      |
|    explained_variance     | 0.796      |
|    learning_rate          | 0.000246   |
|    loss                   | -0.0152    |
|    n_updates              | 350        |
|    policy_gradient_loss   | -0.0201    |
|    std                    | 0.898      |
|    value_loss             | 0.0457     |
------------------------------------------
-----------------------------------------
| curriculum/             |             |
|    stage                | 0.33        |
| rollout/                |             |
|    ep_len_mean          | 519         |
|    ep_rew_mean          | 700         |
| time/                   |             |
|    fps                  | 150         |
|    iterations           | 37          |
|    time_elapsed         | 757         |
|    total_timesteps      | 113664      |
| train/                  |             |
|    approx_kl            | 0.042548474 |
|    clip_fraction        | 0.257       |
|    clip_range           | 0.2         |
|    entropy_loss         | -2.62       |
|    explained_variance   | 0.89        |
|    learning_rate        | 0.000245    |
|    loss                 | -0.0544     |
|    n_updates            | 360         |
|    policy_gradient_loss | -0.0321     |
|    std                  | 0.894       |
|    value_loss           | 0.0139      |
-----------------------------------------
[Step   116736] SR=0.480 | FracGoal=0.592 | Ret=688.93 | Vis=0.58 | Prog=0.087 | CollEvt=25.05 | Stage=0.33
------------------------------------------
| curriculum/               |            |
|    stage                  | 0.33       |
| research/                 |            |
|    collision_count        | 65.5       |
|    collision_event_count  | 25         |
|    curriculum_stage       | 0.33       |
|    episode_length         | 509        |
|    episode_return         | 689        |
|    fraction_at_goal       | 0.592      |
|    reward_collision       | -0.011     |
|    reward_progress        | 0.0874     |
|    reward_zero_visibility | -0.045     |
|    stray_count            | 0.03       |
|    success_rate           | 0.48       |
|    visibility_ratio       | 0.576      |
| rollout/                  |            |
|    ep_len_mean            | 509        |
|    ep_rew_mean            | 689        |
| time/                     |            |
|    fps                    | 149        |
|    iterations             | 38         |
|    time_elapsed           | 778        |
|    total_timesteps        | 116736     |
| train/                    |            |
|    approx_kl              | 0.03453915 |
|    clip_fraction          | 0.256      |
|    clip_range             | 0.2        |
|    entropy_loss           | -2.61      |
|    explained_variance     | 0.79       |
|    learning_rate          | 0.000243   |
|    loss                   | -0.0447    |
|    n_updates              | 370        |
|    policy_gradient_loss   | -0.0279    |
|    std                    | 0.895      |
|    value_loss             | 0.0612     |
------------------------------------------
-----------------------------------------
| curriculum/             |             |
|    stage                | 0.33        |
| rollout/                |             |
|    ep_len_mean          | 509         |
|    ep_rew_mean          | 693         |
| time/                   |             |
|    fps                  | 150         |
|    iterations           | 39          |
|    time_elapsed         | 794         |
|    total_timesteps      | 119808      |
| train/                  |             |
|    approx_kl            | 0.035036743 |
|    clip_fraction        | 0.261       |
|    clip_range           | 0.2         |
|    entropy_loss         | -2.61       |
|    explained_variance   | 0.705       |
|    learning_rate        | 0.000242    |
|    loss                 | -0.0372     |
|    n_updates            | 380         |
|    policy_gradient_loss | -0.028      |
|    std                  | 0.894       |
|    value_loss           | 0.0489      |
-----------------------------------------
[Step   122880] SR=0.480 | FracGoal=0.580 | Ret=695.96 | Vis=0.59 | Prog=0.087 | CollEvt=25.03 | Stage=0.33
------------------------------------------
| curriculum/               |            |
|    stage                  | 0.33       |
| research/                 |            |
|    collision_count        | 66.8       |
|    collision_event_count  | 25         |
|    curriculum_stage       | 0.33       |
|    episode_length         | 512        |
|    episode_return         | 696        |
|    fraction_at_goal       | 0.58       |
|    reward_collision       | -0.011     |
|    reward_progress        | 0.0872     |
|    reward_zero_visibility | -0.039     |
|    stray_count            | 0.06       |
|    success_rate           | 0.48       |
|    visibility_ratio       | 0.593      |
| rollout/                  |            |
|    ep_len_mean            | 512        |
|    ep_rew_mean            | 696        |
| time/                     |            |
|    fps                    | 153        |
|    iterations             | 40         |
|    time_elapsed           | 801        |
|    total_timesteps        | 122880     |
| train/                    |            |
|    approx_kl              | 0.03672227 |
|    clip_fraction          | 0.261      |
|    clip_range             | 0.2        |
|    entropy_loss           | -2.61      |
|    explained_variance     | 0.816      |
|    learning_rate          | 0.00024    |
|    loss                   | -0.0559    |
|    n_updates              | 390        |
|    policy_gradient_loss   | -0.0298    |
|    std                    | 0.893      |
|    value_loss             | 0.02       |
------------------------------------------
[validation @ 125,040] SR=0.100 | FracGoal=0.189 | MeanDist=5.10 | best=0.205
----------------------------------------
| curriculum/             |            |
|    stage                | 0.33       |
| rollout/                |            |
|    ep_len_mean          | 511        |
|    ep_rew_mean          | 698        |
| time/                   |            |
|    fps                  | 146        |
|    iterations           | 41         |
|    time_elapsed         | 861        |
|    total_timesteps      | 125952     |
| train/                  |            |
|    approx_kl            | 0.03300988 |
|    clip_fraction        | 0.246      |
|    clip_range           | 0.2        |
|    entropy_loss         | -2.61      |
|    explained_variance   | 0.762      |
|    learning_rate        | 0.000239   |
|    loss                 | -0.0353    |
|    n_updates            | 400        |
|    policy_gradient_loss | -0.0257    |
|    std                  | 0.89       |
|    value_loss           | 0.0284     |
| validation/             |            |
|    episode_length       | 661        |
|    fraction_at_goal     | 0.189      |
|    mean_dist_to_goal    | 5.1        |
|    success_rate         | 0.1        |
----------------------------------------
[Step   129024] SR=0.460 | FracGoal=0.570 | Ret=705.15 | Vis=0.59 | Prog=0.087 | CollEvt=25.24 | Stage=0.33
-------------------------------------------
| curriculum/               |             |
|    stage                  | 0.33        |
| research/                 |             |
|    collision_count        | 69.2        |
|    collision_event_count  | 25.2        |
|    curriculum_stage       | 0.33        |
|    episode_length         | 517         |
|    episode_return         | 705         |
|    fraction_at_goal       | 0.57        |
|    reward_collision       | -0.011      |
|    reward_progress        | 0.0867      |
|    reward_zero_visibility | -0.0365     |
|    stray_count            | 0.07        |
|    success_rate           | 0.46        |
|    visibility_ratio       | 0.595       |
| rollout/                  |             |
|    ep_len_mean            | 517         |
|    ep_rew_mean            | 705         |
| time/                     |             |
|    fps                    | 146         |
|    iterations             | 42          |
|    time_elapsed           | 880         |
|    total_timesteps        | 129024      |
| train/                    |             |
|    approx_kl              | 0.043826573 |
|    clip_fraction          | 0.275       |
|    clip_range             | 0.2         |
|    entropy_loss           | -2.6        |
|    explained_variance     | 0.72        |
|    learning_rate          | 0.000237    |
|    loss                   | -0.0227     |
|    n_updates              | 410         |
|    policy_gradient_loss   | -0.0282     |
|    std                    | 0.889       |
|    value_loss             | 0.048       |
-------------------------------------------
-----------------------------------------
| curriculum/             |             |
|    stage                | 0.33        |
| rollout/                |             |
|    ep_len_mean          | 526         |
|    ep_rew_mean          | 715         |
| time/                   |             |
|    fps                  | 148         |
|    iterations           | 43          |
|    time_elapsed         | 891         |
|    total_timesteps      | 132096      |
| train/                  |             |
|    approx_kl            | 0.040074315 |
|    clip_fraction        | 0.298       |
|    clip_range           | 0.2         |
|    entropy_loss         | -2.6        |
|    explained_variance   | 0.905       |
|    learning_rate        | 0.000235    |
|    loss                 | -0.082      |
|    n_updates            | 420         |
|    policy_gradient_loss | -0.0232     |
|    std                  | 0.888       |
|    value_loss           | 0.0129      |
-----------------------------------------
[Step   135168] SR=0.450 | FracGoal=0.567 | Ret=712.00 | Vis=0.60 | Prog=0.084 | CollEvt=26.40 | Stage=0.33
------------------------------------------
| curriculum/               |            |
|    stage                  | 0.33       |
| research/                 |            |
|    collision_count        | 70.3       |
|    collision_event_count  | 26.4       |
|    curriculum_stage       | 0.33       |
|    episode_length         | 523        |
|    episode_return         | 712        |
|    fraction_at_goal       | 0.567      |
|    reward_collision       | -0.0111    |
|    reward_progress        | 0.0841     |
|    reward_zero_visibility | -0.0326    |
|    stray_count            | 0.09       |
|    success_rate           | 0.45       |
|    visibility_ratio       | 0.603      |
| rollout/                  |            |
|    ep_len_mean            | 523        |
|    ep_rew_mean            | 712        |
| time/                     |            |
|    fps                    | 147        |
|    iterations             | 44         |
|    time_elapsed           | 913        |
|    total_timesteps        | 135168     |
| train/                    |            |
|    approx_kl              | 0.05378477 |
|    clip_fraction          | 0.278      |
|    clip_range             | 0.2        |
|    entropy_loss           | -2.59      |
|    explained_variance     | 0.724      |
|    learning_rate          | 0.000234   |
|    loss                   | -0.077     |
|    n_updates              | 430        |
|    policy_gradient_loss   | -0.027     |
|    std                    | 0.882      |
|    value_loss             | 0.0285     |
------------------------------------------
-----------------------------------------
| curriculum/             |             |
|    stage                | 0.33        |
| rollout/                |             |
|    ep_len_mean          | 537         |
|    ep_rew_mean          | 729         |
| time/                   |             |
|    fps                  | 148         |
|    iterations           | 45          |
|    time_elapsed         | 928         |
|    total_timesteps      | 138240      |
| train/                  |             |
|    approx_kl            | 0.052804776 |
|    clip_fraction        | 0.283       |
|    clip_range           | 0.2         |
|    entropy_loss         | -2.58       |
|    explained_variance   | 0.86        |
|    learning_rate        | 0.000232    |
|    loss                 | 0.132       |
|    n_updates            | 440         |
|    policy_gradient_loss | -0.0224     |
|    std                  | 0.877       |
|    value_loss           | 0.0477      |
-----------------------------------------
[Step   141312] SR=0.430 | FracGoal=0.566 | Ret=719.20 | Vis=0.61 | Prog=0.084 | CollEvt=24.13 | Stage=0.33
------------------------------------------
| curriculum/               |            |
|    stage                  | 0.33       |
| research/                 |            |
|    collision_count        | 65.8       |
|    collision_event_count  | 24.1       |
|    curriculum_stage       | 0.33       |
|    episode_length         | 526        |
|    episode_return         | 719        |
|    fraction_at_goal       | 0.566      |
|    reward_collision       | -0.0102    |
|    reward_progress        | 0.0843     |
|    reward_zero_visibility | -0.0302    |
|    stray_count            | 0.09       |
|    success_rate           | 0.43       |
|    visibility_ratio       | 0.607      |
| rollout/                  |            |
|    ep_len_mean            | 526        |
|    ep_rew_mean            | 719        |
| time/                     |            |
|    fps                    | 149        |
|    iterations             | 46         |
|    time_elapsed           | 947        |
|    total_timesteps        | 141312     |
| train/                    |            |
|    approx_kl              | 0.03442487 |
|    clip_fraction          | 0.284      |
|    clip_range             | 0.2        |
|    entropy_loss           | -2.57      |
|    explained_variance     | 0.871      |
|    learning_rate          | 0.000231   |
|    loss                   | -0.0395    |
|    n_updates              | 450        |
|    policy_gradient_loss   | -0.0233    |
|    std                    | 0.875      |
|    value_loss             | 0.0336     |
------------------------------------------
-----------------------------------------
| curriculum/             |             |
|    stage                | 0.33        |
| rollout/                |             |
|    ep_len_mean          | 518         |
|    ep_rew_mean          | 710         |
| time/                   |             |
|    fps                  | 149         |
|    iterations           | 47          |
|    time_elapsed         | 967         |
|    total_timesteps      | 144384      |
| train/                  |             |
|    approx_kl            | 0.037942417 |
|    clip_fraction        | 0.247       |
|    clip_range           | 0.2         |
|    entropy_loss         | -2.57       |
|    explained_variance   | 0.814       |
|    learning_rate        | 0.000229    |
|    loss                 | -0.0561     |
|    n_updates            | 460         |
|    policy_gradient_loss | -0.0303     |
|    std                  | 0.871       |
|    value_loss           | 0.0369      |
-----------------------------------------
[Step   147456] SR=0.450 | FracGoal=0.576 | Ret=703.02 | Vis=0.62 | Prog=0.090 | CollEvt=23.36 | Stage=0.33
------------------------------------------
| curriculum/               |            |
|    stage                  | 0.33       |
| research/                 |            |
|    collision_count        | 65.6       |
|    collision_event_count  | 23.4       |
|    curriculum_stage       | 0.33       |
|    episode_length         | 513        |
|    episode_return         | 703        |
|    fraction_at_goal       | 0.576      |
|    reward_collision       | -0.0101    |
|    reward_progress        | 0.0901     |
|    reward_zero_visibility | -0.0283    |
|    stray_count            | 0.08       |
|    success_rate           | 0.45       |
|    visibility_ratio       | 0.617      |
| rollout/                  |            |
|    ep_len_mean            | 513        |
|    ep_rew_mean            | 703        |
| time/                     |            |
|    fps                    | 149        |
|    iterations             | 48         |
|    time_elapsed           | 986        |
|    total_timesteps        | 147456     |
| train/                    |            |
|    approx_kl              | 0.03724394 |
|    clip_fraction          | 0.259      |
|    clip_range             | 0.2        |
|    entropy_loss           | -2.56      |
|    explained_variance     | 0.725      |
|    learning_rate          | 0.000228   |
|    loss                   | -0.0395    |
|    n_updates              | 470        |
|    policy_gradient_loss   | -0.0257    |
|    std                    | 0.869      |
|    value_loss             | 0.0742     |
------------------------------------------
[validation @ 150,048] SR=0.167 | FracGoal=0.234 | MeanDist=4.75 | best=0.234
-----------------------------------------
| curriculum/             |             |
|    stage                | 0.33        |
| rollout/                |             |
|    ep_len_mean          | 522         |
|    ep_rew_mean          | 711         |
| time/                   |             |
|    fps                  | 144         |
|    iterations           | 49          |
|    time_elapsed         | 1043        |
|    total_timesteps      | 150528      |
| train/                  |             |
|    approx_kl            | 0.056340545 |
|    clip_fraction        | 0.285       |
|    clip_range           | 0.2         |
|    entropy_loss         | -2.56       |
|    explained_variance   | 0.823       |
|    learning_rate        | 0.000226    |
|    loss                 | -0.0527     |
|    n_updates            | 480         |
|    policy_gradient_loss | -0.0279     |
|    std                  | 0.869       |
|    value_loss           | 0.0283      |
| validation/             |             |
|    episode_length       | 622         |
|    fraction_at_goal     | 0.234       |
|    mean_dist_to_goal    | 4.75        |
|    success_rate         | 0.167       |
-----------------------------------------
[Step   153600] SR=0.400 | FracGoal=0.538 | Ret=725.53 | Vis=0.62 | Prog=0.085 | CollEvt=25.36 | Stage=0.33
-------------------------------------------
| curriculum/               |             |
|    stage                  | 0.33        |
| research/                 |             |
|    collision_count        | 72.8        |
|    collision_event_count  | 25.4        |
|    curriculum_stage       | 0.33        |
|    episode_length         | 534         |
|    episode_return         | 726         |
|    fraction_at_goal       | 0.538       |
|    reward_collision       | -0.0105     |
|    reward_progress        | 0.0855      |
|    reward_zero_visibility | -0.0264     |
|    stray_count            | 0.1         |
|    success_rate           | 0.4         |
|    visibility_ratio       | 0.615       |
| rollout/                  |             |
|    ep_len_mean            | 534         |
|    ep_rew_mean            | 726         |
| time/                     |             |
|    fps                    | 145         |
|    iterations             | 50          |
|    time_elapsed           | 1054        |
|    total_timesteps        | 153600      |
| train/                    |             |
|    approx_kl              | 0.041291285 |
|    clip_fraction          | 0.278       |
|    clip_range             | 0.2         |
|    entropy_loss           | -2.56       |
|    explained_variance     | 0.862       |
|    learning_rate          | 0.000225    |
|    loss                   | -0.0701     |
|    n_updates              | 490         |
|    policy_gradient_loss   | -0.0234     |
|    std                    | 0.869       |
|    value_loss             | 0.0123      |
-------------------------------------------
----------------------------------------
| curriculum/             |            |
|    stage                | 0.33       |
| rollout/                |            |
|    ep_len_mean          | 549        |
|    ep_rew_mean          | 743        |
| time/                   |            |
|    fps                  | 146        |
|    iterations           | 51         |
|    time_elapsed         | 1071       |
|    total_timesteps      | 156672     |
| train/                  |            |
|    approx_kl            | 0.03619887 |
|    clip_fraction        | 0.28       |
|    clip_range           | 0.2        |
|    entropy_loss         | -2.55      |
|    explained_variance   | 0.838      |
|    learning_rate        | 0.000223   |
|    loss                 | -0.0739    |
|    n_updates            | 500        |
|    policy_gradient_loss | -0.0198    |
|    std                  | 0.861      |
|    value_loss           | 0.0328     |
----------------------------------------
[Step   159744] SR=0.370 | FracGoal=0.521 | Ret=740.38 | Vis=0.62 | Prog=0.082 | CollEvt=26.52 | Stage=0.33
-------------------------------------------
| curriculum/               |             |
|    stage                  | 0.33        |
| research/                 |             |
|    collision_count        | 75.5        |
|    collision_event_count  | 26.5        |
|    curriculum_stage       | 0.33        |
|    episode_length         | 548         |
|    episode_return         | 740         |
|    fraction_at_goal       | 0.521       |
|    reward_collision       | -0.0111     |
|    reward_progress        | 0.0823      |
|    reward_zero_visibility | -0.0258     |
|    stray_count            | 0.12        |
|    success_rate           | 0.37        |
|    visibility_ratio       | 0.619       |
| rollout/                  |             |
|    ep_len_mean            | 548         |
|    ep_rew_mean            | 740         |
| time/                     |             |
|    fps                    | 146         |
|    iterations             | 52          |
|    time_elapsed           | 1089        |
|    total_timesteps        | 159744      |
| train/                    |             |
|    approx_kl              | 0.037000097 |
|    clip_fraction          | 0.27        |
|    clip_range             | 0.2         |
|    entropy_loss           | -2.54       |
|    explained_variance     | 0.77        |
|    learning_rate          | 0.000222    |
|    loss                   | -0.0165     |
|    n_updates              | 510         |
|    policy_gradient_loss   | -0.0294     |
|    std                    | 0.86        |
|    value_loss             | 0.0399      |
-------------------------------------------
----------------------------------------
| curriculum/             |            |
|    stage                | 0.33       |
| rollout/                |            |
|    ep_len_mean          | 547        |
|    ep_rew_mean          | 736        |
| time/                   |            |
|    fps                  | 146        |
|    iterations           | 53         |
|    time_elapsed         | 1108       |
|    total_timesteps      | 162816     |
| train/                  |            |
|    approx_kl            | 0.04896804 |
|    clip_fraction        | 0.257      |
|    clip_range           | 0.2        |
|    entropy_loss         | -2.53      |
|    explained_variance   | 0.749      |
|    learning_rate        | 0.00022    |
|    loss                 | -0.0614    |
|    n_updates            | 520        |
|    policy_gradient_loss | -0.0366    |
|    std                  | 0.858      |
|    value_loss           | 0.0488     |
----------------------------------------
[Step   165888] SR=0.370 | FracGoal=0.523 | Ret=733.14 | Vis=0.63 | Prog=0.082 | CollEvt=24.51 | Stage=0.33
------------------------------------------
| curriculum/               |            |
|    stage                  | 0.33       |
| research/                 |            |
|    collision_count        | 73.7       |
|    collision_event_count  | 24.5       |
|    curriculum_stage       | 0.33       |
|    episode_length         | 546        |
|    episode_return         | 733        |
|    fraction_at_goal       | 0.523      |
|    reward_collision       | -0.0105    |
|    reward_progress        | 0.0818     |
|    reward_zero_visibility | -0.0246    |
|    stray_count            | 0.23       |
|    success_rate           | 0.37       |
|    visibility_ratio       | 0.629      |
| rollout/                  |            |
|    ep_len_mean            | 546        |
|    ep_rew_mean            | 733        |
| time/                     |            |
|    fps                    | 147        |
|    iterations             | 54         |
|    time_elapsed           | 1126       |
|    total_timesteps        | 165888     |
| train/                    |            |
|    approx_kl              | 0.03823655 |
|    clip_fraction          | 0.262      |
|    clip_range             | 0.2        |
|    entropy_loss           | -2.53      |
|    explained_variance     | 0.584      |
|    learning_rate          | 0.000219   |
|    loss                   | 0.00169    |
|    n_updates              | 530        |
|    policy_gradient_loss   | -0.0309    |
|    std                    | 0.858      |
|    value_loss             | 0.0326     |
------------------------------------------
-----------------------------------------
| curriculum/             |             |
|    stage                | 0.33        |
| rollout/                |             |
|    ep_len_mean          | 548         |
|    ep_rew_mean          | 741         |
| time/                   |             |
|    fps                  | 147         |
|    iterations           | 55          |
|    time_elapsed         | 1141        |
|    total_timesteps      | 168960      |
| train/                  |             |
|    approx_kl            | 0.047268163 |
|    clip_fraction        | 0.282       |
|    clip_range           | 0.2         |
|    entropy_loss         | -2.53       |
|    explained_variance   | 0.743       |
|    learning_rate        | 0.000217    |
|    loss                 | 0.0336      |
|    n_updates            | 540         |
|    policy_gradient_loss | -0.0241     |
|    std                  | 0.855       |
|    value_loss           | 0.048       |
-----------------------------------------
[Step   172032] SR=0.370 | FracGoal=0.513 | Ret=742.66 | Vis=0.64 | Prog=0.077 | CollEvt=24.73 | Stage=0.33
-----------------------------------------
| curriculum/               |           |
|    stage                  | 0.33      |
| research/                 |           |
|    collision_count        | 77.1      |
|    collision_event_count  | 24.7      |
|    curriculum_stage       | 0.33      |
|    episode_length         | 550       |
|    episode_return         | 743       |
|    fraction_at_goal       | 0.513     |
|    reward_collision       | -0.0105   |
|    reward_progress        | 0.0773    |
|    reward_zero_visibility | -0.0198   |
|    stray_count            | 0.27      |
|    success_rate           | 0.37      |
|    visibility_ratio       | 0.643     |
| rollout/                  |           |
|    ep_len_mean            | 550       |
|    ep_rew_mean            | 743       |
| time/                     |           |
|    fps                    | 148       |
|    iterations             | 56        |
|    time_elapsed           | 1157      |
|    total_timesteps        | 172032    |
| train/                    |           |
|    approx_kl              | 0.0438768 |
|    clip_fraction          | 0.273     |
|    clip_range             | 0.2       |
|    entropy_loss           | -2.52     |
|    explained_variance     | 0.597     |
|    learning_rate          | 0.000216  |
|    loss                   | -0.0251   |
|    n_updates              | 550       |
|    policy_gradient_loss   | -0.0225   |
|    std                    | 0.855     |
|    value_loss             | 0.037     |
-----------------------------------------
[validation @ 175,056] SR=0.133 | FracGoal=0.241 | MeanDist=4.93 | best=0.241
----------------------------------------
| curriculum/             |            |
|    stage                | 0.33       |
| rollout/                |            |
|    ep_len_mean          | 542        |
|    ep_rew_mean          | 738        |
| time/                   |            |
|    fps                  | 144        |
|    iterations           | 57         |
|    time_elapsed         | 1211       |
|    total_timesteps      | 175104     |
| train/                  |            |
|    approx_kl            | 0.04997614 |
|    clip_fraction        | 0.291      |
|    clip_range           | 0.2        |
|    entropy_loss         | -2.52      |
|    explained_variance   | 0.6        |
|    learning_rate        | 0.000214   |
|    loss                 | -0.0744    |
|    n_updates            | 560        |
|    policy_gradient_loss | -0.0268    |
|    std                  | 0.856      |
|    value_loss           | 0.0336     |
| validation/             |            |
|    episode_length       | 657        |
|    fraction_at_goal     | 0.241      |
|    mean_dist_to_goal    | 4.93       |
|    success_rate         | 0.133      |
----------------------------------------
Adaptive curriculum advanced to stage 0.66 at timestep 177,720
[Step   178176] SR=0.390 | FracGoal=0.523 | Ret=738.41 | Vis=0.65 | Prog=0.078 | CollEvt=24.43 | Stage=0.40
------------------------------------------
| curriculum/               |            |
|    stage                  | 0.66       |
| research/                 |            |
|    collision_count        | 77.6       |
|    collision_event_count  | 24.4       |
|    curriculum_stage       | 0.396      |
|    episode_length         | 543        |
|    episode_return         | 738        |
|    fraction_at_goal       | 0.523      |
|    reward_collision       | -0.0104    |
|    reward_progress        | 0.0776     |
|    reward_zero_visibility | -0.0197    |
|    stray_count            | 0.28       |
|    success_rate           | 0.39       |
|    visibility_ratio       | 0.654      |
| rollout/                  |            |
|    ep_len_mean            | 543        |
|    ep_rew_mean            | 738        |
| time/                     |            |
|    fps                    | 145        |
|    iterations             | 58         |
|    time_elapsed           | 1227       |
|    total_timesteps        | 178176     |
| train/                    |            |
|    approx_kl              | 0.05370812 |
|    clip_fraction          | 0.299      |
|    clip_range             | 0.2        |
|    entropy_loss           | -2.52      |
|    explained_variance     | 0.665      |
|    learning_rate          | 0.000212   |
|    loss                   | -0.0274    |
|    n_updates              | 570        |
|    policy_gradient_loss   | -0.0194    |
|    std                    | 0.855      |
|    value_loss             | 0.067      |
------------------------------------------
-----------------------------------------
| curriculum/             |             |
|    stage                | 0.66        |
| rollout/                |             |
|    ep_len_mean          | 539         |
|    ep_rew_mean          | 731         |
| time/                   |             |
|    fps                  | 145         |
|    iterations           | 59          |
|    time_elapsed         | 1246        |
|    total_timesteps      | 181248      |
| train/                  |             |
|    approx_kl            | 0.038023196 |
|    clip_fraction        | 0.244       |
|    clip_range           | 0.2         |
|    entropy_loss         | -2.52       |
|    explained_variance   | 0.834       |
|    learning_rate        | 0.000211    |
|    loss                 | -0.0131     |
|    n_updates            | 580         |
|    policy_gradient_loss | -0.0284     |
|    std                  | 0.849       |
|    value_loss           | 0.055       |
-----------------------------------------
[Step   184320] SR=0.400 | FracGoal=0.525 | Ret=730.44 | Vis=0.66 | Prog=0.078 | CollEvt=23.99 | Stage=0.56
------------------------------------------
| curriculum/               |            |
|    stage                  | 0.66       |
| research/                 |            |
|    collision_count        | 75.5       |
|    collision_event_count  | 24         |
|    curriculum_stage       | 0.561      |
|    episode_length         | 539        |
|    episode_return         | 730        |
|    fraction_at_goal       | 0.525      |
|    reward_collision       | -0.0103    |
|    reward_progress        | 0.0778     |
|    reward_zero_visibility | -0.0192    |
|    stray_count            | 0.28       |
|    success_rate           | 0.4        |
|    visibility_ratio       | 0.657      |
| rollout/                  |            |
|    ep_len_mean            | 539        |
|    ep_rew_mean            | 730        |
| time/                     |            |
|    fps                    | 145        |
|    iterations             | 60         |
|    time_elapsed           | 1264       |
|    total_timesteps        | 184320     |
| train/                    |            |
|    approx_kl              | 0.06421882 |
|    clip_fraction          | 0.36       |
|    clip_range             | 0.2        |
|    entropy_loss           | -2.5       |
|    explained_variance     | 0.783      |
|    learning_rate          | 0.000209   |
|    loss                   | -0.0263    |
|    n_updates              | 590        |
|    policy_gradient_loss   | -0.00361   |
|    std                    | 0.845      |
|    value_loss             | 0.0219     |
------------------------------------------
-----------------------------------------
| curriculum/             |             |
|    stage                | 0.66        |
| rollout/                |             |
|    ep_len_mean          | 543         |
|    ep_rew_mean          | 725         |
| time/                   |             |
|    fps                  | 146         |
|    iterations           | 61          |
|    time_elapsed         | 1276        |
|    total_timesteps      | 187392      |
| train/                  |             |
|    approx_kl            | 0.041604705 |
|    clip_fraction        | 0.309       |
|    clip_range           | 0.2         |
|    entropy_loss         | -2.49       |
|    explained_variance   | 0.804       |
|    learning_rate        | 0.000208    |
|    loss                 | 0.00195     |
|    n_updates            | 600         |
|    policy_gradient_loss | -0.0125     |
|    std                  | 0.84        |
|    value_loss           | 0.00872     |
-----------------------------------------
[Step   190464] SR=0.370 | FracGoal=0.484 | Ret=731.31 | Vis=0.64 | Prog=0.075 | CollEvt=24.24 | Stage=0.66
------------------------------------------
| curriculum/               |            |
|    stage                  | 0.66       |
| research/                 |            |
|    collision_count        | 75.8       |
|    collision_event_count  | 24.2       |
|    curriculum_stage       | 0.66       |
|    episode_length         | 548        |
|    episode_return         | 731        |
|    fraction_at_goal       | 0.484      |
|    reward_collision       | -0.0104    |
|    reward_progress        | 0.0748     |
|    reward_zero_visibility | -0.0233    |
|    stray_count            | 0.28       |
|    success_rate           | 0.37       |
|    visibility_ratio       | 0.641      |
| rollout/                  |            |
|    ep_len_mean            | 548        |
|    ep_rew_mean            | 731        |
| time/                     |            |
|    fps                    | 146        |
|    iterations             | 62         |
|    time_elapsed           | 1301       |
|    total_timesteps        | 190464     |
| train/                    |            |
|    approx_kl              | 0.06781438 |
|    clip_fraction          | 0.308      |
|    clip_range             | 0.2        |
|    entropy_loss           | -2.49      |
|    explained_variance     | 0.768      |
|    learning_rate          | 0.000206   |
|    loss                   | 0.0627     |
|    n_updates              | 610        |
|    policy_gradient_loss   | -0.0328    |
|    std                    | 0.839      |
|    value_loss             | 0.0266     |
------------------------------------------
-----------------------------------------
| curriculum/             |             |
|    stage                | 0.66        |
| rollout/                |             |
|    ep_len_mean          | 552         |
|    ep_rew_mean          | 733         |
| time/                   |             |
|    fps                  | 147         |
|    iterations           | 63          |
|    time_elapsed         | 1309        |
|    total_timesteps      | 193536      |
| train/                  |             |
|    approx_kl            | 0.054750253 |
|    clip_fraction        | 0.352       |
|    clip_range           | 0.2         |
|    entropy_loss         | -2.49       |
|    explained_variance   | 0.839       |
|    learning_rate        | 0.000205    |
|    loss                 | -0.0669     |
|    n_updates            | 620         |
|    policy_gradient_loss | -0.0127     |
|    std                  | 0.843       |
|    value_loss           | 0.0276      |
-----------------------------------------
[Step   196608] SR=0.330 | FracGoal=0.448 | Ret=738.28 | Vis=0.65 | Prog=0.071 | CollEvt=26.15 | Stage=0.66
-------------------------------------------
| curriculum/               |             |
|    stage                  | 0.66        |
| research/                 |             |
|    collision_count        | 78.8        |
|    collision_event_count  | 26.1        |
|    curriculum_stage       | 0.66        |
|    episode_length         | 566         |
|    episode_return         | 738         |
|    fraction_at_goal       | 0.448       |
|    reward_collision       | -0.0109     |
|    reward_progress        | 0.0712      |
|    reward_zero_visibility | -0.0238     |
|    stray_count            | 0.32        |
|    success_rate           | 0.33        |
|    visibility_ratio       | 0.649       |
| rollout/                  |             |
|    ep_len_mean            | 566         |
|    ep_rew_mean            | 738         |
| time/                     |             |
|    fps                    | 148         |
|    iterations             | 64          |
|    time_elapsed           | 1319        |
|    total_timesteps        | 196608      |
| train/                    |             |
|    approx_kl              | 0.034226473 |
|    clip_fraction          | 0.278       |
|    clip_range             | 0.2         |
|    entropy_loss           | -2.5        |
|    explained_variance     | 0.881       |
|    learning_rate          | 0.000203    |
|    loss                   | -0.0641     |
|    n_updates              | 630         |
|    policy_gradient_loss   | -0.0168     |
|    std                    | 0.843       |
|    value_loss             | 0.013       |
-------------------------------------------
-----------------------------------------
| curriculum/             |             |
|    stage                | 0.66        |
| rollout/                |             |
|    ep_len_mean          | 569         |
|    ep_rew_mean          | 741         |
| time/                   |             |
|    fps                  | 148         |
|    iterations           | 65          |
|    time_elapsed         | 1345        |
|    total_timesteps      | 199680      |
| train/                  |             |
|    approx_kl            | 0.043484107 |
|    clip_fraction        | 0.297       |
|    clip_range           | 0.2         |
|    entropy_loss         | -2.49       |
|    explained_variance   | 0.836       |
|    learning_rate        | 0.000202    |
|    loss                 | -0.0461     |
|    n_updates            | 640         |
|    policy_gradient_loss | -0.0226     |
|    std                  | 0.84        |
|    value_loss           | 0.0216      |
-----------------------------------------
[validation @ 200,064] SR=0.067 | FracGoal=0.147 | MeanDist=4.89 | best=0.241
Adaptive curriculum fell back to stage 0.33 at timestep 202,728
[Step   202752] SR=0.310 | FracGoal=0.422 | Ret=746.73 | Vis=0.63 | Prog=0.067 | CollEvt=26.77 | Stage=0.66
-------------------------------------------
| curriculum/               |             |
|    stage                  | 0.33        |
| research/                 |             |
|    collision_count        | 81.1        |
|    collision_event_count  | 26.8        |
|    curriculum_stage       | 0.66        |
|    episode_length         | 575         |
|    episode_return         | 747         |
|    fraction_at_goal       | 0.422       |
|    reward_collision       | -0.011      |
|    reward_progress        | 0.067       |
|    reward_zero_visibility | -0.026      |
|    stray_count            | 0.32        |
|    success_rate           | 0.31        |
|    visibility_ratio       | 0.635       |
| rollout/                  |             |
|    ep_len_mean            | 575         |
|    ep_rew_mean            | 747         |
| time/                     |             |
|    fps                    | 143         |
|    iterations             | 66          |
|    time_elapsed           | 1417        |
|    total_timesteps        | 202752      |
| train/                    |             |
|    approx_kl              | 0.045113176 |
|    clip_fraction          | 0.286       |
|    clip_range             | 0.2         |
|    entropy_loss           | -2.49       |
|    explained_variance     | 0.831       |
|    learning_rate          | 0.0002      |
|    loss                   | -0.0184     |
|    n_updates              | 650         |
|    policy_gradient_loss   | -0.0249     |
|    std                    | 0.837       |
|    value_loss             | 0.0162      |
| validation/               |             |
|    episode_length         | 674         |
|    fraction_at_goal       | 0.147       |
|    mean_dist_to_goal      | 4.89        |
|    success_rate           | 0.0667      |
-------------------------------------------
-----------------------------------------
| curriculum/             |             |
|    stage                | 0.33        |
| rollout/                |             |
|    ep_len_mean          | 583         |
|    ep_rew_mean          | 752         |
| time/                   |             |
|    fps                  | 143         |
|    iterations           | 67          |
|    time_elapsed         | 1432        |
|    total_timesteps      | 205824      |
| train/                  |             |
|    approx_kl            | 0.046484444 |
|    clip_fraction        | 0.291       |
|    clip_range           | 0.2         |
|    entropy_loss         | -2.48       |
|    explained_variance   | 0.792       |
|    learning_rate        | 0.000199    |
|    loss                 | -0.0485     |
|    n_updates            | 660         |
|    policy_gradient_loss | -0.0196     |
|    std                  | 0.834       |
|    value_loss           | 0.00601     |
-----------------------------------------
[Step   208896] SR=0.310 | FracGoal=0.407 | Ret=745.95 | Vis=0.65 | Prog=0.061 | CollEvt=26.87 | Stage=0.33
------------------------------------------
| curriculum/               |            |
|    stage                  | 0.33       |
| research/                 |            |
|    collision_count        | 80.3       |
|    collision_event_count  | 26.9       |
|    curriculum_stage       | 0.33       |
|    episode_length         | 576        |
|    episode_return         | 746        |
|    fraction_at_goal       | 0.407      |
|    reward_collision       | -0.011     |
|    reward_progress        | 0.0612     |
|    reward_zero_visibility | -0.0256    |
|    stray_count            | 0.31       |
|    success_rate           | 0.31       |
|    visibility_ratio       | 0.649      |
| rollout/                  |            |
|    ep_len_mean            | 576        |
|    ep_rew_mean            | 746        |
| time/                     |            |
|    fps                    | 142        |
|    iterations             | 68         |
|    time_elapsed           | 1466       |
|    total_timesteps        | 208896     |
| train/                    |            |
|    approx_kl              | 0.04673341 |
|    clip_fraction          | 0.278      |
|    clip_range             | 0.2        |
|    entropy_loss           | -2.47      |
|    explained_variance     | 0.718      |
|    learning_rate          | 0.000197   |
|    loss                   | -0.0525    |
|    n_updates              | 670        |
|    policy_gradient_loss   | -0.0306    |
|    std                    | 0.833      |
|    value_loss             | 0.032      |
------------------------------------------
----------------------------------------
| curriculum/             |            |
|    stage                | 0.33       |
| rollout/                |            |
|    ep_len_mean          | 579        |
|    ep_rew_mean          | 743        |
| time/                   |            |
|    fps                  | 142        |
|    iterations           | 69         |
|    time_elapsed         | 1487       |
|    total_timesteps      | 211968     |
| train/                  |            |
|    approx_kl            | 0.04475179 |
|    clip_fraction        | 0.261      |
|    clip_range           | 0.2        |
|    entropy_loss         | -2.47      |
|    explained_variance   | 0.779      |
|    learning_rate        | 0.000196   |
|    loss                 | -0.0556    |
|    n_updates            | 680        |
|    policy_gradient_loss | -0.033     |
|    std                  | 0.829      |
|    value_loss           | 0.0295     |
----------------------------------------
[Step   215040] SR=0.290 | FracGoal=0.374 | Ret=755.56 | Vis=0.64 | Prog=0.058 | CollEvt=28.26 | Stage=0.33
------------------------------------------
| curriculum/               |            |
|    stage                  | 0.33       |
| research/                 |            |
|    collision_count        | 85.8       |
|    collision_event_count  | 28.3       |
|    curriculum_stage       | 0.33       |
|    episode_length         | 588        |
|    episode_return         | 756        |
|    fraction_at_goal       | 0.374      |
|    reward_collision       | -0.0114    |
|    reward_progress        | 0.0583     |
|    reward_zero_visibility | -0.0272    |
|    stray_count            | 0.29       |
|    success_rate           | 0.29       |
|    visibility_ratio       | 0.644      |
| rollout/                  |            |
|    ep_len_mean            | 588        |
|    ep_rew_mean            | 756        |
| time/                     |            |
|    fps                    | 142        |
|    iterations             | 70         |
|    time_elapsed           | 1510       |
|    total_timesteps        | 215040     |
| train/                    |            |
|    approx_kl              | 0.04060734 |
|    clip_fraction          | 0.265      |
|    clip_range             | 0.2        |
|    entropy_loss           | -2.46      |
|    explained_variance     | 0.882      |
|    learning_rate          | 0.000194   |
|    loss                   | -0.0835    |
|    n_updates              | 690        |
|    policy_gradient_loss   | -0.0329    |
|    std                    | 0.824      |
|    value_loss             | 0.00886    |
------------------------------------------
-----------------------------------------
| curriculum/             |             |
|    stage                | 0.33        |
| rollout/                |             |
|    ep_len_mean          | 591         |
|    ep_rew_mean          | 762         |
| time/                   |             |
|    fps                  | 141         |
|    iterations           | 71          |
|    time_elapsed         | 1536        |
|    total_timesteps      | 218112      |
| train/                  |             |
|    approx_kl            | 0.034619853 |
|    clip_fraction        | 0.258       |
|    clip_range           | 0.2         |
|    entropy_loss         | -2.45       |
|    explained_variance   | 0.878       |
|    learning_rate        | 0.000192    |
|    loss                 | -0.0645     |
|    n_updates            | 700         |
|    policy_gradient_loss | -0.0307     |
|    std                  | 0.822       |
|    value_loss           | 0.0207      |
-----------------------------------------
[Step   221184] SR=0.290 | FracGoal=0.380 | Ret=762.06 | Vis=0.64 | Prog=0.061 | CollEvt=27.95 | Stage=0.33
-------------------------------------------
| curriculum/               |             |
|    stage                  | 0.33        |
| research/                 |             |
|    collision_count        | 84.3        |
|    collision_event_count  | 28          |
|    curriculum_stage       | 0.33        |
|    episode_length         | 587         |
|    episode_return         | 762         |
|    fraction_at_goal       | 0.38        |
|    reward_collision       | -0.0111     |
|    reward_progress        | 0.0615      |
|    reward_zero_visibility | -0.0248     |
|    stray_count            | 0.3         |
|    success_rate           | 0.29        |
|    visibility_ratio       | 0.644       |
| rollout/                  |             |
|    ep_len_mean            | 587         |
|    ep_rew_mean            | 762         |
| time/                     |             |
|    fps                    | 142         |
|    iterations             | 72          |
|    time_elapsed           | 1552        |
|    total_timesteps        | 221184      |
| train/                    |             |
|    approx_kl              | 0.032813136 |
|    clip_fraction          | 0.264       |
|    clip_range             | 0.2         |
|    entropy_loss           | -2.44       |
|    explained_variance     | 0.811       |
|    learning_rate          | 0.000191    |
|    loss                   | -0.0639     |
|    n_updates              | 710         |
|    policy_gradient_loss   | -0.0273     |
|    std                    | 0.82        |
|    value_loss             | 0.0197      |
-------------------------------------------
-----------------------------------------
| curriculum/             |             |
|    stage                | 0.33        |
| rollout/                |             |
|    ep_len_mean          | 602         |
|    ep_rew_mean          | 781         |
| time/                   |             |
|    fps                  | 142         |
|    iterations           | 73          |
|    time_elapsed         | 1575        |
|    total_timesteps      | 224256      |
| train/                  |             |
|    approx_kl            | 0.043136008 |
|    clip_fraction        | 0.299       |
|    clip_range           | 0.2         |
|    entropy_loss         | -2.44       |
|    explained_variance   | 0.823       |
|    learning_rate        | 0.000189    |
|    loss                 | -0.0434     |
|    n_updates            | 720         |
|    policy_gradient_loss | -0.0228     |
|    std                  | 0.819       |
|    value_loss           | 0.0201      |
-----------------------------------------
[validation @ 225,072] SR=0.133 | FracGoal=0.203 | MeanDist=4.27 | best=0.241
[Step   227328] SR=0.260 | FracGoal=0.359 | Ret=784.93 | Vis=0.63 | Prog=0.057 | CollEvt=28.61 | Stage=0.33
-------------------------------------------
| curriculum/               |             |
|    stage                  | 0.33        |
| research/                 |             |
|    collision_count        | 82.2        |
|    collision_event_count  | 28.6        |
|    curriculum_stage       | 0.33        |
|    episode_length         | 604         |
|    episode_return         | 785         |
|    fraction_at_goal       | 0.359       |
|    reward_collision       | -0.0111     |
|    reward_progress        | 0.0571      |
|    reward_zero_visibility | -0.0267     |
|    stray_count            | 0.18        |
|    success_rate           | 0.26        |
|    visibility_ratio       | 0.635       |
| rollout/                  |             |
|    ep_len_mean            | 604         |
|    ep_rew_mean            | 785         |
| time/                     |             |
|    fps                    | 137         |
|    iterations             | 74          |
|    time_elapsed           | 1650        |
|    total_timesteps        | 227328      |
| train/                    |             |
|    approx_kl              | 0.046993244 |
|    clip_fraction          | 0.284       |
|    clip_range             | 0.2         |
|    entropy_loss           | -2.43       |
|    explained_variance     | 0.922       |
|    learning_rate          | 0.000188    |
|    loss                   | -0.0486     |
|    n_updates              | 730         |
|    policy_gradient_loss   | -0.0249     |
|    std                    | 0.813       |
|    value_loss             | 0.0142      |
| validation/               |             |
|    episode_length         | 640         |
|    fraction_at_goal       | 0.203       |
|    mean_dist_to_goal      | 4.27        |
|    success_rate           | 0.133       |
-------------------------------------------
-----------------------------------------
| curriculum/             |             |
|    stage                | 0.33        |
| rollout/                |             |
|    ep_len_mean          | 604         |
|    ep_rew_mean          | 786         |
| time/                   |             |
|    fps                  | 137         |
|    iterations           | 75          |
|    time_elapsed         | 1672        |
|    total_timesteps      | 230400      |
| train/                  |             |
|    approx_kl            | 0.037717015 |
|    clip_fraction        | 0.25        |
|    clip_range           | 0.2         |
|    entropy_loss         | -2.42       |
|    explained_variance   | 0.843       |
|    learning_rate        | 0.000186    |
|    loss                 | -0.0458     |
|    n_updates            | 740         |
|    policy_gradient_loss | -0.0314     |
|    std                  | 0.81        |
|    value_loss           | 0.0315      |
-----------------------------------------
[Step   233472] SR=0.250 | FracGoal=0.375 | Ret=791.43 | Vis=0.63 | Prog=0.058 | CollEvt=27.44 | Stage=0.33
-------------------------------------------
| curriculum/               |             |
|    stage                  | 0.33        |
| research/                 |             |
|    collision_count        | 77.3        |
|    collision_event_count  | 27.4        |
|    curriculum_stage       | 0.33        |
|    episode_length         | 607         |
|    episode_return         | 791         |
|    fraction_at_goal       | 0.375       |
|    reward_collision       | -0.0106     |
|    reward_progress        | 0.0579      |
|    reward_zero_visibility | -0.028      |
|    stray_count            | 0.14        |
|    success_rate           | 0.25        |
|    visibility_ratio       | 0.63        |
| rollout/                  |             |
|    ep_len_mean            | 607         |
|    ep_rew_mean            | 791         |
| time/                     |             |
|    fps                    | 138         |
|    iterations             | 76          |
|    time_elapsed           | 1691        |
|    total_timesteps        | 233472      |
| train/                    |             |
|    approx_kl              | 0.044961598 |
|    clip_fraction          | 0.278       |
|    clip_range             | 0.2         |
|    entropy_loss           | -2.41       |
|    explained_variance     | 0.861       |
|    learning_rate          | 0.000185    |
|    loss                   | -0.039      |
|    n_updates              | 750         |
|    policy_gradient_loss   | -0.0245     |
|    std                    | 0.81        |
|    value_loss             | 0.013       |
-------------------------------------------
-----------------------------------------
| curriculum/             |             |
|    stage                | 0.33        |
| rollout/                |             |
|    ep_len_mean          | 609         |
|    ep_rew_mean          | 794         |
| time/                   |             |
|    fps                  | 137         |
|    iterations           | 77          |
|    time_elapsed         | 1718        |
|    total_timesteps      | 236544      |
| train/                  |             |
|    approx_kl            | 0.030970968 |
|    clip_fraction        | 0.237       |
|    clip_range           | 0.2         |
|    entropy_loss         | -2.41       |
|    explained_variance   | 0.763       |
|    learning_rate        | 0.000183    |
|    loss                 | -0.0489     |
|    n_updates            | 760         |
|    policy_gradient_loss | -0.0254     |
|    std                  | 0.806       |
|    value_loss           | 0.0382      |
-----------------------------------------
[Step   239616] SR=0.220 | FracGoal=0.357 | Ret=794.30 | Vis=0.63 | Prog=0.060 | CollEvt=26.62 | Stage=0.33
-------------------------------------------
| curriculum/               |             |
|    stage                  | 0.33        |
| research/                 |             |
|    collision_count        | 73.8        |
|    collision_event_count  | 26.6        |
|    curriculum_stage       | 0.33        |
|    episode_length         | 612         |
|    episode_return         | 794         |
|    fraction_at_goal       | 0.357       |
|    reward_collision       | -0.0104     |
|    reward_progress        | 0.0597      |
|    reward_zero_visibility | -0.0256     |
|    stray_count            | 0.13        |
|    success_rate           | 0.22        |
|    visibility_ratio       | 0.63        |
| rollout/                  |             |
|    ep_len_mean            | 612         |
|    ep_rew_mean            | 794         |
| time/                     |             |
|    fps                    | 138         |
|    iterations             | 78          |
|    time_elapsed           | 1736        |
|    total_timesteps        | 239616      |
| train/                    |             |
|    approx_kl              | 0.029904228 |
|    clip_fraction          | 0.251       |
|    clip_range             | 0.2         |
|    entropy_loss           | -2.41       |
|    explained_variance     | 0.863       |
|    learning_rate          | 0.000182    |
|    loss                   | -0.0553     |
|    n_updates              | 770         |
|    policy_gradient_loss   | -0.0274     |
|    std                    | 0.807       |
|    value_loss             | 0.0162      |
-------------------------------------------
----------------------------------------
| curriculum/             |            |
|    stage                | 0.33       |
| rollout/                |            |
|    ep_len_mean          | 618        |
|    ep_rew_mean          | 805        |
| time/                   |            |
|    fps                  | 138        |
|    iterations           | 79         |
|    time_elapsed         | 1750       |
|    total_timesteps      | 242688     |
| train/                  |            |
|    approx_kl            | 0.04216093 |
|    clip_fraction        | 0.252      |
|    clip_range           | 0.2        |
|    entropy_loss         | -2.41      |
|    explained_variance   | 0.85       |
|    learning_rate        | 0.00018    |
|    loss                 | -0.0503    |
|    n_updates            | 780        |
|    policy_gradient_loss | -0.0191    |
|    std                  | 0.806      |
|    value_loss           | 0.0264     |
----------------------------------------
[Step   245760] SR=0.230 | FracGoal=0.361 | Ret=800.90 | Vis=0.63 | Prog=0.060 | CollEvt=24.75 | Stage=0.33
-------------------------------------------
| curriculum/               |             |
|    stage                  | 0.33        |
| research/                 |             |
|    collision_count        | 66.1        |
|    collision_event_count  | 24.8        |
|    curriculum_stage       | 0.33        |
|    episode_length         | 612         |
|    episode_return         | 801         |
|    fraction_at_goal       | 0.361       |
|    reward_collision       | -0.00946    |
|    reward_progress        | 0.06        |
|    reward_zero_visibility | -0.0238     |
|    stray_count            | 0.12        |
|    success_rate           | 0.23        |
|    visibility_ratio       | 0.63        |
| rollout/                  |             |
|    ep_len_mean            | 612         |
|    ep_rew_mean            | 801         |
| time/                     |             |
|    fps                    | 138         |
|    iterations             | 80          |
|    time_elapsed           | 1775        |
|    total_timesteps        | 245760      |
| train/                    |             |
|    approx_kl              | 0.030744253 |
|    clip_fraction          | 0.219       |
|    clip_range             | 0.2         |
|    entropy_loss           | -2.4        |
|    explained_variance     | 0.807       |
|    learning_rate          | 0.000179    |
|    loss                   | -0.0507     |
|    n_updates              | 790         |
|    policy_gradient_loss   | -0.0263     |
|    std                    | 0.804       |
|    value_loss             | 0.0414      |
-------------------------------------------
-----------------------------------------
| curriculum/             |             |
|    stage                | 0.33        |
| rollout/                |             |
|    ep_len_mean          | 600         |
|    ep_rew_mean          | 792         |
| time/                   |             |
|    fps                  | 138         |
|    iterations           | 81          |
|    time_elapsed         | 1795        |
|    total_timesteps      | 248832      |
| train/                  |             |
|    approx_kl            | 0.047176957 |
|    clip_fraction        | 0.266       |
|    clip_range           | 0.2         |
|    entropy_loss         | -2.4        |
|    explained_variance   | 0.662       |
|    learning_rate        | 0.000177    |
|    loss                 | -0.00649    |
|    n_updates            | 800         |
|    policy_gradient_loss | -0.0301     |
|    std                  | 0.803       |
|    value_loss           | 0.0761      |
-----------------------------------------
[validation @ 250,080] SR=0.200 | FracGoal=0.247 | MeanDist=4.49 | best=0.247
[Step   251904] SR=0.270 | FracGoal=0.396 | Ret=786.07 | Vis=0.64 | Prog=0.074 | CollEvt=25.09 | Stage=0.33
-------------------------------------------
| curriculum/               |             |
|    stage                  | 0.33        |
| research/                 |             |
|    collision_count        | 67.1        |
|    collision_event_count  | 25.1        |
|    curriculum_stage       | 0.33        |
|    episode_length         | 588         |
|    episode_return         | 786         |
|    fraction_at_goal       | 0.396       |
|    reward_collision       | -0.00969    |
|    reward_progress        | 0.0742      |
|    reward_zero_visibility | -0.0213     |
|    stray_count            | 0.1         |
|    success_rate           | 0.27        |
|    visibility_ratio       | 0.641       |
| rollout/                  |             |
|    ep_len_mean            | 588         |
|    ep_rew_mean            | 786         |
| time/                     |             |
|    fps                    | 135         |
|    iterations             | 82          |
|    time_elapsed           | 1864        |
|    total_timesteps        | 251904      |
| train/                    |             |
|    approx_kl              | 0.043125063 |
|    clip_fraction          | 0.266       |
|    clip_range             | 0.2         |
|    entropy_loss           | -2.4        |
|    explained_variance     | 0.775       |
|    learning_rate          | 0.000176    |
|    loss                   | -0.0318     |
|    n_updates              | 810         |
|    policy_gradient_loss   | -0.0226     |
|    std                    | 0.801       |
|    value_loss             | 0.0232      |
| validation/               |             |
|    episode_length         | 609         |
|    fraction_at_goal       | 0.247       |
|    mean_dist_to_goal      | 4.49        |
|    success_rate           | 0.2         |
-------------------------------------------
-----------------------------------------
| curriculum/             |             |
|    stage                | 0.33        |
| rollout/                |             |
|    ep_len_mean          | 579         |
|    ep_rew_mean          | 780         |
| time/                   |             |
|    fps                  | 135         |
|    iterations           | 83          |
|    time_elapsed         | 1886        |
|    total_timesteps      | 254976      |
| train/                  |             |
|    approx_kl            | 0.035249826 |
|    clip_fraction        | 0.26        |
|    clip_range           | 0.2         |
|    entropy_loss         | -2.39       |
|    explained_variance   | 0.889       |
|    learning_rate        | 0.000174    |
|    loss                 | -0.0489     |
|    n_updates            | 820         |
|    policy_gradient_loss | -0.0228     |
|    std                  | 0.798       |
|    value_loss           | 0.0207      |
-----------------------------------------
[Step   258048] SR=0.300 | FracGoal=0.420 | Ret=776.97 | Vis=0.64 | Prog=0.075 | CollEvt=22.90 | Stage=0.33
------------------------------------------
| curriculum/               |            |
|    stage                  | 0.33       |
| research/                 |            |
|    collision_count        | 60         |
|    collision_event_count  | 22.9       |
|    curriculum_stage       | 0.33       |
|    episode_length         | 575        |
|    episode_return         | 777        |
|    fraction_at_goal       | 0.42       |
|    reward_collision       | -0.00893   |
|    reward_progress        | 0.0751     |
|    reward_zero_visibility | -0.0193    |
|    stray_count            | 0.1        |
|    success_rate           | 0.3        |
|    visibility_ratio       | 0.639      |
| rollout/                  |            |
|    ep_len_mean            | 575        |
|    ep_rew_mean            | 777        |
| time/                     |            |
|    fps                    | 134        |
|    iterations             | 84         |
|    time_elapsed           | 1917       |
|    total_timesteps        | 258048     |
| train/                    |            |
|    approx_kl              | 0.03467977 |
|    clip_fraction          | 0.244      |
|    clip_range             | 0.2        |
|    entropy_loss           | -2.38      |
|    explained_variance     | 0.708      |
|    learning_rate          | 0.000173   |
|    loss                   | -0.0363    |
|    n_updates              | 830        |
|    policy_gradient_loss   | -0.0297    |
|    std                    | 0.794      |
|    value_loss             | 0.037      |
------------------------------------------
-----------------------------------------
| curriculum/             |             |
|    stage                | 0.33        |
| rollout/                |             |
|    ep_len_mean          | 567         |
|    ep_rew_mean          | 768         |
| time/                   |             |
|    fps                  | 134         |
|    iterations           | 85          |
|    time_elapsed         | 1940        |
|    total_timesteps      | 261120      |
| train/                  |             |
|    approx_kl            | 0.047699228 |
|    clip_fraction        | 0.282       |
|    clip_range           | 0.2         |
|    entropy_loss         | -2.37       |
|    explained_variance   | 0.852       |
|    learning_rate        | 0.000171    |
|    loss                 | -0.0779     |
|    n_updates            | 840         |
|    policy_gradient_loss | -0.0306     |
|    std                  | 0.793       |
|    value_loss           | 0.0198      |
-----------------------------------------
[Step   264192] SR=0.310 | FracGoal=0.421 | Ret=779.31 | Vis=0.63 | Prog=0.075 | CollEvt=21.43 | Stage=0.33
-------------------------------------------
| curriculum/               |             |
|    stage                  | 0.33        |
| research/                 |             |
|    collision_count        | 60.1        |
|    collision_event_count  | 21.4        |
|    curriculum_stage       | 0.33        |
|    episode_length         | 574         |
|    episode_return         | 779         |
|    fraction_at_goal       | 0.421       |
|    reward_collision       | -0.00864    |
|    reward_progress        | 0.0751      |
|    reward_zero_visibility | -0.0187     |
|    stray_count            | 0.09        |
|    success_rate           | 0.31        |
|    visibility_ratio       | 0.632       |
| rollout/                  |             |
|    ep_len_mean            | 574         |
|    ep_rew_mean            | 779         |
| time/                     |             |
|    fps                    | 134         |
|    iterations             | 86          |
|    time_elapsed           | 1964        |
|    total_timesteps        | 264192      |
| train/                    |             |
|    approx_kl              | 0.037852686 |
|    clip_fraction          | 0.231       |
|    clip_range             | 0.2         |
|    entropy_loss           | -2.37       |
|    explained_variance     | 0.781       |
|    learning_rate          | 0.000169    |
|    loss                   | -0.0603     |
|    n_updates              | 850         |
|    policy_gradient_loss   | -0.0317     |
|    std                    | 0.789       |
|    value_loss             | 0.0284      |
-------------------------------------------
----------------------------------------
| curriculum/             |            |
|    stage                | 0.33       |
| rollout/                |            |
|    ep_len_mean          | 572        |
|    ep_rew_mean          | 780        |
| time/                   |            |
|    fps                  | 134        |
|    iterations           | 87         |
|    time_elapsed         | 1981       |
|    total_timesteps      | 267264     |
| train/                  |            |
|    approx_kl            | 0.04416591 |
|    clip_fraction        | 0.252      |
|    clip_range           | 0.2        |
|    entropy_loss         | -2.35      |
|    explained_variance   | 0.883      |
|    learning_rate        | 0.000168   |
|    loss                 | -0.0561    |
|    n_updates            | 860        |
|    policy_gradient_loss | -0.0293    |
|    std                  | 0.782      |
|    value_loss           | 0.0193     |
----------------------------------------
[Step   270336] SR=0.330 | FracGoal=0.448 | Ret=767.38 | Vis=0.63 | Prog=0.080 | CollEvt=20.74 | Stage=0.33
------------------------------------------
| curriculum/               |            |
|    stage                  | 0.33       |
| research/                 |            |
|    collision_count        | 55         |
|    collision_event_count  | 20.7       |
|    curriculum_stage       | 0.33       |
|    episode_length         | 560        |
|    episode_return         | 767        |
|    fraction_at_goal       | 0.448      |
|    reward_collision       | -0.00841   |
|    reward_progress        | 0.0797     |
|    reward_zero_visibility | -0.0178    |
|    stray_count            | 0.08       |
|    success_rate           | 0.33       |
|    visibility_ratio       | 0.633      |
| rollout/                  |            |
|    ep_len_mean            | 560        |
|    ep_rew_mean            | 767        |
| time/                     |            |
|    fps                    | 134        |
|    iterations             | 88         |
|    time_elapsed           | 2005       |
|    total_timesteps        | 270336     |
| train/                    |            |
|    approx_kl              | 0.03304352 |
|    clip_fraction          | 0.26       |
|    clip_range             | 0.2        |
|    entropy_loss           | -2.34      |
|    explained_variance     | 0.803      |
|    learning_rate          | 0.000166   |
|    loss                   | -0.00308   |
|    n_updates              | 870        |
|    policy_gradient_loss   | -0.018     |
|    std                    | 0.78       |
|    value_loss             | 0.0415     |
------------------------------------------
----------------------------------------
| curriculum/             |            |
|    stage                | 0.33       |
| rollout/                |            |
|    ep_len_mean          | 560        |
|    ep_rew_mean          | 769        |
| time/                   |            |
|    fps                  | 134        |
|    iterations           | 89         |
|    time_elapsed         | 2027       |
|    total_timesteps      | 273408     |
| train/                  |            |
|    approx_kl            | 0.06758249 |
|    clip_fraction        | 0.296      |
|    clip_range           | 0.2        |
|    entropy_loss         | -2.34      |
|    explained_variance   | 0.838      |
|    learning_rate        | 0.000165   |
|    loss                 | -0.0209    |
|    n_updates            | 880        |
|    policy_gradient_loss | -0.0208    |
|    std                  | 0.778      |
|    value_loss           | 0.0295     |
----------------------------------------
[validation @ 275,088] SR=0.100 | FracGoal=0.194 | MeanDist=4.92 | best=0.247
[Step   276480] SR=0.330 | FracGoal=0.447 | Ret=777.10 | Vis=0.64 | Prog=0.077 | CollEvt=20.59 | Stage=0.33
-------------------------------------------
| curriculum/               |             |
|    stage                  | 0.33        |
| research/                 |             |
|    collision_count        | 56.8        |
|    collision_event_count  | 20.6        |
|    curriculum_stage       | 0.33        |
|    episode_length         | 567         |
|    episode_return         | 777         |
|    fraction_at_goal       | 0.447       |
|    reward_collision       | -0.00844    |
|    reward_progress        | 0.0769      |
|    reward_zero_visibility | -0.0171     |
|    stray_count            | 0.06        |
|    success_rate           | 0.33        |
|    visibility_ratio       | 0.643       |
| rollout/                  |             |
|    ep_len_mean            | 567         |
|    ep_rew_mean            | 777         |
| time/                     |             |
|    fps                    | 132         |
|    iterations             | 90          |
|    time_elapsed           | 2088        |
|    total_timesteps        | 276480      |
| train/                    |             |
|    approx_kl              | 0.035977066 |
|    clip_fraction          | 0.265       |
|    clip_range             | 0.2         |
|    entropy_loss           | -2.33       |
|    explained_variance     | 0.773       |
|    learning_rate          | 0.000163    |
|    loss                   | -0.0583     |
|    n_updates              | 890         |
|    policy_gradient_loss   | -0.0231     |
|    std                    | 0.778       |
|    value_loss             | 0.0255      |
| validation/               |             |
|    episode_length         | 650         |
|    fraction_at_goal       | 0.194       |
|    mean_dist_to_goal      | 4.92        |
|    success_rate           | 0.1         |
-------------------------------------------
-----------------------------------------
| curriculum/             |             |
|    stage                | 0.33        |
| rollout/                |             |
|    ep_len_mean          | 564         |
|    ep_rew_mean          | 773         |
| time/                   |             |
|    fps                  | 132         |
|    iterations           | 91          |
|    time_elapsed         | 2116        |
|    total_timesteps      | 279552      |
| train/                  |             |
|    approx_kl            | 0.032243125 |
|    clip_fraction        | 0.271       |
|    clip_range           | 0.2         |
|    entropy_loss         | -2.33       |
|    explained_variance   | 0.699       |
|    learning_rate        | 0.000162    |
|    loss                 | -0.0601     |
|    n_updates            | 900         |
|    policy_gradient_loss | -0.0246     |
|    std                  | 0.777       |
|    value_loss           | 0.0461      |
-----------------------------------------
[Step   282624] SR=0.350 | FracGoal=0.462 | Ret=771.72 | Vis=0.65 | Prog=0.076 | CollEvt=20.08 | Stage=0.33
-------------------------------------------
| curriculum/               |             |
|    stage                  | 0.33        |
| research/                 |             |
|    collision_count        | 54.5        |
|    collision_event_count  | 20.1        |
|    curriculum_stage       | 0.33        |
|    episode_length         | 562         |
|    episode_return         | 772         |
|    fraction_at_goal       | 0.462       |
|    reward_collision       | -0.00825    |
|    reward_progress        | 0.0755      |
|    reward_zero_visibility | -0.0149     |
|    stray_count            | 0.08        |
|    success_rate           | 0.35        |
|    visibility_ratio       | 0.647       |
| rollout/                  |             |
|    ep_len_mean            | 562         |
|    ep_rew_mean            | 772         |
| time/                     |             |
|    fps                    | 132         |
|    iterations             | 92          |
|    time_elapsed           | 2136        |
|    total_timesteps        | 282624      |
| train/                    |             |
|    approx_kl              | 0.044658203 |
|    clip_fraction          | 0.257       |
|    clip_range             | 0.2         |
|    entropy_loss           | -2.33       |
|    explained_variance     | 0.807       |
|    learning_rate          | 0.00016     |
|    loss                   | -0.059      |
|    n_updates              | 910         |
|    policy_gradient_loss   | -0.029      |
|    std                    | 0.774       |
|    value_loss             | 0.021       |
-------------------------------------------
-----------------------------------------
| curriculum/             |             |
|    stage                | 0.33        |
| rollout/                |             |
|    ep_len_mean          | 567         |
|    ep_rew_mean          | 774         |
| time/                   |             |
|    fps                  | 133         |
|    iterations           | 93          |
|    time_elapsed         | 2144        |
|    total_timesteps      | 285696      |
| train/                  |             |
|    approx_kl            | 0.038190678 |
|    clip_fraction        | 0.256       |
|    clip_range           | 0.2         |
|    entropy_loss         | -2.32       |
|    explained_variance   | 0.911       |
|    learning_rate        | 0.000159    |
|    loss                 | -0.0575     |
|    n_updates            | 920         |
|    policy_gradient_loss | -0.027      |
|    std                  | 0.772       |
|    value_loss           | 0.0461      |
-----------------------------------------
[Step   288768] SR=0.330 | FracGoal=0.426 | Ret=770.96 | Vis=0.66 | Prog=0.076 | CollEvt=23.28 | Stage=0.33
------------------------------------------
| curriculum/               |            |
|    stage                  | 0.33       |
| research/                 |            |
|    collision_count        | 62.2       |
|    collision_event_count  | 23.3       |
|    curriculum_stage       | 0.33       |
|    episode_length         | 564        |
|    episode_return         | 771        |
|    fraction_at_goal       | 0.426      |
|    reward_collision       | -0.00942   |
|    reward_progress        | 0.0759     |
|    reward_zero_visibility | -0.0117    |
|    stray_count            | 0.11       |
|    success_rate           | 0.33       |
|    visibility_ratio       | 0.664      |
| rollout/                  |            |
|    ep_len_mean            | 564        |
|    ep_rew_mean            | 771        |
| time/                     |            |
|    fps                    | 133        |
|    iterations             | 94         |
|    time_elapsed           | 2167       |
|    total_timesteps        | 288768     |
| train/                    |            |
|    approx_kl              | 0.03851302 |
|    clip_fraction          | 0.26       |
|    clip_range             | 0.2        |
|    entropy_loss           | -2.32      |
|    explained_variance     | 0.916      |
|    learning_rate          | 0.000157   |
|    loss                   | -0.0242    |
|    n_updates              | 930        |
|    policy_gradient_loss   | -0.0236    |
|    std                    | 0.77       |
|    value_loss             | 0.0113     |
------------------------------------------
----------------------------------------
| curriculum/             |            |
|    stage                | 0.33       |
| rollout/                |            |
|    ep_len_mean          | 565        |
|    ep_rew_mean          | 770        |
| time/                   |            |
|    fps                  | 133        |
|    iterations           | 95         |
|    time_elapsed         | 2186       |
|    total_timesteps      | 291840     |
| train/                  |            |
|    approx_kl            | 0.03440319 |
|    clip_fraction        | 0.227      |
|    clip_range           | 0.2        |
|    entropy_loss         | -2.31      |
|    explained_variance   | 0.764      |
|    learning_rate        | 0.000156   |
|    loss                 | -0.0294    |
|    n_updates            | 940        |
|    policy_gradient_loss | -0.028     |
|    std                  | 0.766      |
|    value_loss           | 0.0293     |
----------------------------------------
[Step   294912] SR=0.340 | FracGoal=0.422 | Ret=766.80 | Vis=0.66 | Prog=0.075 | CollEvt=23.19 | Stage=0.33
------------------------------------------
| curriculum/               |            |
|    stage                  | 0.33       |
| research/                 |            |
|    collision_count        | 62.4       |
|    collision_event_count  | 23.2       |
|    curriculum_stage       | 0.33       |
|    episode_length         | 561        |
|    episode_return         | 767        |
|    fraction_at_goal       | 0.422      |
|    reward_collision       | -0.00942   |
|    reward_progress        | 0.0747     |
|    reward_zero_visibility | -0.0121    |
|    stray_count            | 0.12       |
|    success_rate           | 0.34       |
|    visibility_ratio       | 0.664      |
| rollout/                  |            |
|    ep_len_mean            | 561        |
|    ep_rew_mean            | 767        |
| time/                     |            |
|    fps                    | 133        |
|    iterations             | 96         |
|    time_elapsed           | 2202       |
|    total_timesteps        | 294912     |
| train/                    |            |
|    approx_kl              | 0.03661441 |
|    clip_fraction          | 0.245      |
|    clip_range             | 0.2        |
|    entropy_loss           | -2.3       |
|    explained_variance     | 0.874      |
|    learning_rate          | 0.000154   |
|    loss                   | -0.0557    |
|    n_updates              | 950        |
|    policy_gradient_loss   | -0.0299    |
|    std                    | 0.762      |
|    value_loss             | 0.0147     |
------------------------------------------
-----------------------------------------
| curriculum/             |             |
|    stage                | 0.33        |
| rollout/                |             |
|    ep_len_mean          | 556         |
|    ep_rew_mean          | 758         |
| time/                   |             |
|    fps                  | 134         |
|    iterations           | 97          |
|    time_elapsed         | 2220        |
|    total_timesteps      | 297984      |
| train/                  |             |
|    approx_kl            | 0.054391112 |
|    clip_fraction        | 0.278       |
|    clip_range           | 0.2         |
|    entropy_loss         | -2.29       |
|    explained_variance   | 0.88        |
|    learning_rate        | 0.000153    |
|    loss                 | -0.00958    |
|    n_updates            | 960         |
|    policy_gradient_loss | -0.0261     |
|    std                  | 0.761       |
|    value_loss           | 0.0131      |
-----------------------------------------
[validation @ 300,096] SR=0.167 | FracGoal=0.256 | MeanDist=4.70 | best=0.256
[Step   301056] SR=0.330 | FracGoal=0.410 | Ret=759.83 | Vis=0.67 | Prog=0.077 | CollEvt=23.65 | Stage=0.33
------------------------------------------
| curriculum/               |            |
|    stage                  | 0.33       |
| research/                 |            |
|    collision_count        | 71.5       |
|    collision_event_count  | 23.6       |
|    curriculum_stage       | 0.33       |
|    episode_length         | 558        |
|    episode_return         | 760        |
|    fraction_at_goal       | 0.41       |
|    reward_collision       | -0.0101    |
|    reward_progress        | 0.0768     |
|    reward_zero_visibility | -0.0107    |
|    stray_count            | 0.11       |
|    success_rate           | 0.33       |
|    visibility_ratio       | 0.668      |
| rollout/                  |            |
|    ep_len_mean            | 558        |
|    ep_rew_mean            | 760        |
| time/                     |            |
|    fps                    | 131        |
|    iterations             | 98         |
|    time_elapsed           | 2289       |
|    total_timesteps        | 301056     |
| train/                    |            |
|    approx_kl              | 0.04153898 |
|    clip_fraction          | 0.25       |
|    clip_range             | 0.2        |
|    entropy_loss           | -2.29      |
|    explained_variance     | 0.915      |
|    learning_rate          | 0.000151   |
|    loss                   | -0.0469    |
|    n_updates              | 970        |
|    policy_gradient_loss   | -0.0317    |
|    std                    | 0.759      |
|    value_loss             | 0.0159     |
| validation/               |            |
|    episode_length         | 622        |
|    fraction_at_goal       | 0.256      |
|    mean_dist_to_goal      | 4.7        |
|    success_rate           | 0.167      |
------------------------------------------
-----------------------------------------
| curriculum/             |             |
|    stage                | 0.33        |
| rollout/                |             |
|    ep_len_mean          | 570         |
|    ep_rew_mean          | 775         |
| time/                   |             |
|    fps                  | 132         |
|    iterations           | 99          |
|    time_elapsed         | 2303        |
|    total_timesteps      | 304128      |
| train/                  |             |
|    approx_kl            | 0.039172016 |
|    clip_fraction        | 0.291       |
|    clip_range           | 0.2         |
|    entropy_loss         | -2.28       |
|    explained_variance   | 0.961       |
|    learning_rate        | 0.000149    |
|    loss                 | -0.0184     |
|    n_updates            | 980         |
|    policy_gradient_loss | -0.0198     |
|    std                  | 0.757       |
|    value_loss           | 0.00726     |
-----------------------------------------
[Step   307200] SR=0.300 | FracGoal=0.383 | Ret=787.47 | Vis=0.67 | Prog=0.064 | CollEvt=23.89 | Stage=0.33
-------------------------------------------
| curriculum/               |             |
|    stage                  | 0.33        |
| research/                 |             |
|    collision_count        | 76.5        |
|    collision_event_count  | 23.9        |
|    curriculum_stage       | 0.33        |
|    episode_length         | 579         |
|    episode_return         | 787         |
|    fraction_at_goal       | 0.383       |
|    reward_collision       | -0.0102     |
|    reward_progress        | 0.0639      |
|    reward_zero_visibility | -0.0108     |
|    stray_count            | 0.15        |
|    success_rate           | 0.3         |
|    visibility_ratio       | 0.675       |
| rollout/                  |             |
|    ep_len_mean            | 579         |
|    ep_rew_mean            | 787         |
| time/                     |             |
|    fps                    | 131         |
|    iterations             | 100         |
|    time_elapsed           | 2329        |
|    total_timesteps        | 307200      |
| train/                    |             |
|    approx_kl              | 0.031961955 |
|    clip_fraction          | 0.249       |
|    clip_range             | 0.2         |
|    entropy_loss           | -2.28       |
|    explained_variance     | 0.816       |
|    learning_rate          | 0.000148    |
|    loss                   | -0.0665     |
|    n_updates              | 990         |
|    policy_gradient_loss   | -0.0273     |
|    std                    | 0.755       |
|    value_loss             | 0.0193      |
-------------------------------------------
-----------------------------------------
| curriculum/             |             |
|    stage                | 0.33        |
| rollout/                |             |
|    ep_len_mean          | 585         |
|    ep_rew_mean          | 796         |
| time/                   |             |
|    fps                  | 132         |
|    iterations           | 101         |
|    time_elapsed         | 2349        |
|    total_timesteps      | 310272      |
| train/                  |             |
|    approx_kl            | 0.037898228 |
|    clip_fraction        | 0.253       |
|    clip_range           | 0.2         |
|    entropy_loss         | -2.27       |
|    explained_variance   | 0.868       |
|    learning_rate        | 0.000146    |
|    loss                 | -0.0353     |
|    n_updates            | 1000        |
|    policy_gradient_loss | -0.0297     |
|    std                  | 0.755       |
|    value_loss           | 0.0196      |
-----------------------------------------
[Step   313344] SR=0.290 | FracGoal=0.381 | Ret=799.64 | Vis=0.69 | Prog=0.063 | CollEvt=23.31 | Stage=0.33
-------------------------------------------
| curriculum/               |             |
|    stage                  | 0.33        |
| research/                 |             |
|    collision_count        | 77.6        |
|    collision_event_count  | 23.3        |
|    curriculum_stage       | 0.33        |
|    episode_length         | 585         |
|    episode_return         | 800         |
|    fraction_at_goal       | 0.381       |
|    reward_collision       | -0.0101     |
|    reward_progress        | 0.0627      |
|    reward_zero_visibility | -0.00794    |
|    stray_count            | 0.16        |
|    success_rate           | 0.29        |
|    visibility_ratio       | 0.685       |
| rollout/                  |             |
|    ep_len_mean            | 585         |
|    ep_rew_mean            | 800         |
| time/                     |             |
|    fps                    | 132         |
|    iterations             | 102         |
|    time_elapsed           | 2359        |
|    total_timesteps        | 313344      |
| train/                    |             |
|    approx_kl              | 0.042018972 |
|    clip_fraction          | 0.268       |
|    clip_range             | 0.2         |
|    entropy_loss           | -2.27       |
|    explained_variance     | 0.893       |
|    learning_rate          | 0.000145    |
|    loss                   | -0.0714     |
|    n_updates              | 1010        |
|    policy_gradient_loss   | -0.0305     |
|    std                    | 0.755       |
|    value_loss             | 0.00626     |
-------------------------------------------
----------------------------------------
| curriculum/             |            |
|    stage                | 0.33       |
| rollout/                |            |
|    ep_len_mean          | 597        |
|    ep_rew_mean          | 815        |
| time/                   |            |
|    fps                  | 133        |
|    iterations           | 103        |
|    time_elapsed         | 2377       |
|    total_timesteps      | 316416     |
| train/                  |            |
|    approx_kl            | 0.04723563 |
|    clip_fraction        | 0.239      |
|    clip_range           | 0.2        |
|    entropy_loss         | -2.27      |
|    explained_variance   | 0.808      |
|    learning_rate        | 0.000143   |
|    loss                 | -0.055     |
|    n_updates            | 1020       |
|    policy_gradient_loss | -0.0244    |
|    std                  | 0.753      |
|    value_loss           | 0.00918    |
----------------------------------------
[Step   319488] SR=0.270 | FracGoal=0.369 | Ret=815.17 | Vis=0.69 | Prog=0.061 | CollEvt=24.89 | Stage=0.33
-------------------------------------------
| curriculum/               |             |
|    stage                  | 0.33        |
| research/                 |             |
|    collision_count        | 77.6        |
|    collision_event_count  | 24.9        |
|    curriculum_stage       | 0.33        |
|    episode_length         | 596         |
|    episode_return         | 815         |
|    fraction_at_goal       | 0.369       |
|    reward_collision       | -0.0104     |
|    reward_progress        | 0.0606      |
|    reward_zero_visibility | -0.00758    |
|    stray_count            | 0.13        |
|    success_rate           | 0.27        |
|    visibility_ratio       | 0.692       |
| rollout/                  |             |
|    ep_len_mean            | 596         |
|    ep_rew_mean            | 815         |
| time/                     |             |
|    fps                    | 132         |
|    iterations             | 104         |
|    time_elapsed           | 2405        |
|    total_timesteps        | 319488      |
| train/                    |             |
|    approx_kl              | 0.038105436 |
|    clip_fraction          | 0.273       |
|    clip_range             | 0.2         |
|    entropy_loss           | -2.27       |
|    explained_variance     | 0.784       |
|    learning_rate          | 0.000142    |
|    loss                   | 0.0147      |
|    n_updates              | 1030        |
|    policy_gradient_loss   | -0.028      |
|    std                    | 0.753       |
|    value_loss             | 0.0354      |
-------------------------------------------
-----------------------------------------
| curriculum/             |             |
|    stage                | 0.33        |
| rollout/                |             |
|    ep_len_mean          | 594         |
|    ep_rew_mean          | 814         |
| time/                   |             |
|    fps                  | 133         |
|    iterations           | 105         |
|    time_elapsed         | 2417        |
|    total_timesteps      | 322560      |
| train/                  |             |
|    approx_kl            | 0.034759395 |
|    clip_fraction        | 0.247       |
|    clip_range           | 0.2         |
|    entropy_loss         | -2.27       |
|    explained_variance   | 0.88        |
|    learning_rate        | 0.00014     |
|    loss                 | -0.0507     |
|    n_updates            | 1040        |
|    policy_gradient_loss | -0.0241     |
|    std                  | 0.751       |
|    value_loss           | 0.0233      |
-----------------------------------------
[validation @ 325,104] SR=0.233 | FracGoal=0.322 | MeanDist=3.96 | best=0.322
[Step   325632] SR=0.270 | FracGoal=0.373 | Ret=812.44 | Vis=0.70 | Prog=0.064 | CollEvt=24.67 | Stage=0.33
------------------------------------------
| curriculum/               |            |
|    stage                  | 0.33       |
| research/                 |            |
|    collision_count        | 78.4       |
|    collision_event_count  | 24.7       |
|    curriculum_stage       | 0.33       |
|    episode_length         | 592        |
|    episode_return         | 812        |
|    fraction_at_goal       | 0.373      |
|    reward_collision       | -0.0103    |
|    reward_progress        | 0.0641     |
|    reward_zero_visibility | -0.00531   |
|    stray_count            | 0.16       |
|    success_rate           | 0.27       |
|    visibility_ratio       | 0.704      |
| rollout/                  |            |
|    ep_len_mean            | 592        |
|    ep_rew_mean            | 812        |
| time/                     |            |
|    fps                    | 131        |
|    iterations             | 106        |
|    time_elapsed           | 2483       |
|    total_timesteps        | 325632     |
| train/                    |            |
|    approx_kl              | 0.03539328 |
|    clip_fraction          | 0.251      |
|    clip_range             | 0.2        |
|    entropy_loss           | -2.26      |
|    explained_variance     | 0.86       |
|    learning_rate          | 0.000139   |
|    loss                   | -0.0644    |
|    n_updates              | 1050       |
|    policy_gradient_loss   | -0.0218    |
|    std                    | 0.751      |
|    value_loss             | 0.035      |
| validation/               |            |
|    episode_length         | 601        |
|    fraction_at_goal       | 0.322      |
|    mean_dist_to_goal      | 3.96       |
|    success_rate           | 0.233      |
------------------------------------------
-----------------------------------------
| curriculum/             |             |
|    stage                | 0.33        |
| rollout/                |             |
|    ep_len_mean          | 591         |
|    ep_rew_mean          | 809         |
| time/                   |             |
|    fps                  | 131         |
|    iterations           | 107         |
|    time_elapsed         | 2504        |
|    total_timesteps      | 328704      |
| train/                  |             |
|    approx_kl            | 0.031182274 |
|    clip_fraction        | 0.223       |
|    clip_range           | 0.2         |
|    entropy_loss         | -2.26       |
|    explained_variance   | 0.798       |
|    learning_rate        | 0.000137    |
|    loss                 | -0.057      |
|    n_updates            | 1060        |
|    policy_gradient_loss | -0.0275     |
|    std                  | 0.751       |
|    value_loss           | 0.0305      |
-----------------------------------------
[Step   331776] SR=0.240 | FracGoal=0.360 | Ret=818.92 | Vis=0.70 | Prog=0.062 | CollEvt=24.61 | Stage=0.33
-------------------------------------------
| curriculum/               |             |
|    stage                  | 0.33        |
| research/                 |             |
|    collision_count        | 77.9        |
|    collision_event_count  | 24.6        |
|    curriculum_stage       | 0.33        |
|    episode_length         | 600         |
|    episode_return         | 819         |
|    fraction_at_goal       | 0.36        |
|    reward_collision       | -0.0102     |
|    reward_progress        | 0.0618      |
|    reward_zero_visibility | -0.00548    |
|    stray_count            | 0.17        |
|    success_rate           | 0.24        |
|    visibility_ratio       | 0.701       |
| rollout/                  |             |
|    ep_len_mean            | 600         |
|    ep_rew_mean            | 819         |
| time/                     |             |
|    fps                    | 131         |
|    iterations             | 108         |
|    time_elapsed           | 2516        |
|    total_timesteps        | 331776      |
| train/                    |             |
|    approx_kl              | 0.055434916 |
|    clip_fraction          | 0.268       |
|    clip_range             | 0.2         |
|    entropy_loss           | -2.26       |
|    explained_variance     | 0.794       |
|    learning_rate          | 0.000136    |
|    loss                   | -0.078      |
|    n_updates              | 1070        |
|    policy_gradient_loss   | -0.0345     |
|    std                    | 0.749       |
|    value_loss             | 0.019       |
-------------------------------------------
-----------------------------------------
| curriculum/             |             |
|    stage                | 0.33        |
| rollout/                |             |
|    ep_len_mean          | 603         |
|    ep_rew_mean          | 817         |
| time/                   |             |
|    fps                  | 131         |
|    iterations           | 109         |
|    time_elapsed         | 2542        |
|    total_timesteps      | 334848      |
| train/                  |             |
|    approx_kl            | 0.030316418 |
|    clip_fraction        | 0.247       |
|    clip_range           | 0.2         |
|    entropy_loss         | -2.25       |
|    explained_variance   | 0.831       |
|    learning_rate        | 0.000134    |
|    loss                 | -0.0495     |
|    n_updates            | 1080        |
|    policy_gradient_loss | -0.0293     |
|    std                  | 0.747       |
|    value_loss           | 0.0264      |
-----------------------------------------
[Step   337920] SR=0.230 | FracGoal=0.354 | Ret=813.90 | Vis=0.69 | Prog=0.060 | CollEvt=26.28 | Stage=0.33
------------------------------------------
| curriculum/               |            |
|    stage                  | 0.33       |
| research/                 |            |
|    collision_count        | 85.1       |
|    collision_event_count  | 26.3       |
|    curriculum_stage       | 0.33       |
|    episode_length         | 602        |
|    episode_return         | 814        |
|    fraction_at_goal       | 0.354      |
|    reward_collision       | -0.011     |
|    reward_progress        | 0.06       |
|    reward_zero_visibility | -0.00623   |
|    stray_count            | 0.21       |
|    success_rate           | 0.23       |
|    visibility_ratio       | 0.695      |
| rollout/                  |            |
|    ep_len_mean            | 602        |
|    ep_rew_mean            | 814        |
| time/                     |            |
|    fps                    | 131        |
|    iterations             | 110        |
|    time_elapsed           | 2569       |
|    total_timesteps        | 337920     |
| train/                    |            |
|    approx_kl              | 0.04454471 |
|    clip_fraction          | 0.239      |
|    clip_range             | 0.2        |
|    entropy_loss           | -2.25      |
|    explained_variance     | 0.8        |
|    learning_rate          | 0.000133   |
|    loss                   | -0.0516    |
|    n_updates              | 1090       |
|    policy_gradient_loss   | -0.0334    |
|    std                    | 0.747      |
|    value_loss             | 0.0225     |
------------------------------------------
----------------------------------------
| curriculum/             |            |
|    stage                | 0.33       |
| rollout/                |            |
|    ep_len_mean          | 608        |
|    ep_rew_mean          | 822        |
| time/                   |            |
|    fps                  | 131        |
|    iterations           | 111        |
|    time_elapsed         | 2587       |
|    total_timesteps      | 340992     |
| train/                  |            |
|    approx_kl            | 0.03652884 |
|    clip_fraction        | 0.254      |
|    clip_range           | 0.2        |
|    entropy_loss         | -2.25      |
|    explained_variance   | 0.868      |
|    learning_rate        | 0.000131   |
|    loss                 | -0.0786    |
|    n_updates            | 1100       |
|    policy_gradient_loss | -0.0294    |
|    std                  | 0.744      |
|    value_loss           | 0.0234     |
----------------------------------------
[Step   344064] SR=0.220 | FracGoal=0.367 | Ret=821.58 | Vis=0.68 | Prog=0.059 | CollEvt=26.94 | Stage=0.33
------------------------------------------
| curriculum/               |            |
|    stage                  | 0.33       |
| research/                 |            |
|    collision_count        | 86.9       |
|    collision_event_count  | 26.9       |
|    curriculum_stage       | 0.33       |
|    episode_length         | 606        |
|    episode_return         | 822        |
|    fraction_at_goal       | 0.367      |
|    reward_collision       | -0.0112    |
|    reward_progress        | 0.0595     |
|    reward_zero_visibility | -0.00899   |
|    stray_count            | 0.2        |
|    success_rate           | 0.22       |
|    visibility_ratio       | 0.678      |
| rollout/                  |            |
|    ep_len_mean            | 606        |
|    ep_rew_mean            | 822        |
| time/                     |            |
|    fps                    | 131        |
|    iterations             | 112        |
|    time_elapsed           | 2611       |
|    total_timesteps        | 344064     |
| train/                    |            |
|    approx_kl              | 0.03383897 |
|    clip_fraction          | 0.235      |
|    clip_range             | 0.2        |
|    entropy_loss           | -2.24      |
|    explained_variance     | 0.894      |
|    learning_rate          | 0.00013    |
|    loss                   | -0.0605    |
|    n_updates              | 1110       |
|    policy_gradient_loss   | -0.0333    |
|    std                    | 0.743      |
|    value_loss             | 0.0233     |
------------------------------------------
----------------------------------------
| curriculum/             |            |
|    stage                | 0.33       |
| rollout/                |            |
|    ep_len_mean          | 606        |
|    ep_rew_mean          | 820        |
| time/                   |            |
|    fps                  | 132        |
|    iterations           | 113        |
|    time_elapsed         | 2624       |
|    total_timesteps      | 347136     |
| train/                  |            |
|    approx_kl            | 0.03662139 |
|    clip_fraction        | 0.251      |
|    clip_range           | 0.2        |
|    entropy_loss         | -2.24      |
|    explained_variance   | 0.89       |
|    learning_rate        | 0.000128   |
|    loss                 | -0.0382    |
|    n_updates            | 1120       |
|    policy_gradient_loss | -0.034     |
|    std                  | 0.743      |
|    value_loss           | 0.0129     |
----------------------------------------
[validation @ 350,112] SR=0.167 | FracGoal=0.243 | MeanDist=4.53 | best=0.322
[Step   350208] SR=0.200 | FracGoal=0.347 | Ret=831.00 | Vis=0.66 | Prog=0.054 | CollEvt=25.58 | Stage=0.33
------------------------------------------
| curriculum/               |            |
|    stage                  | 0.33       |
| research/                 |            |
|    collision_count        | 84.8       |
|    collision_event_count  | 25.6       |
|    curriculum_stage       | 0.33       |
|    episode_length         | 618        |
|    episode_return         | 831        |
|    fraction_at_goal       | 0.347      |
|    reward_collision       | -0.0107    |
|    reward_progress        | 0.054      |
|    reward_zero_visibility | -0.00969   |
|    stray_count            | 0.21       |
|    success_rate           | 0.2        |
|    visibility_ratio       | 0.663      |
| rollout/                  |            |
|    ep_len_mean            | 618        |
|    ep_rew_mean            | 831        |
| time/                     |            |
|    fps                    | 130        |
|    iterations             | 114        |
|    time_elapsed           | 2678       |
|    total_timesteps        | 350208     |
| train/                    |            |
|    approx_kl              | 0.04673189 |
|    clip_fraction          | 0.274      |
|    clip_range             | 0.2        |
|    entropy_loss           | -2.24      |
|    explained_variance     | 0.929      |
|    learning_rate          | 0.000126   |
|    loss                   | -0.0522    |
|    n_updates              | 1130       |
|    policy_gradient_loss   | -0.0305    |
|    std                    | 0.742      |
|    value_loss             | 0.00834    |
| validation/               |            |
|    episode_length         | 640        |
|    fraction_at_goal       | 0.243      |
|    mean_dist_to_goal      | 4.53       |
|    success_rate           | 0.167      |
------------------------------------------
-----------------------------------------
| curriculum/             |             |
|    stage                | 0.33        |
| rollout/                |             |
|    ep_len_mean          | 621         |
|    ep_rew_mean          | 836         |
| time/                   |             |
|    fps                  | 130         |
|    iterations           | 115         |
|    time_elapsed         | 2697        |
|    total_timesteps      | 353280      |
| train/                  |             |
|    approx_kl            | 0.040110912 |
|    clip_fraction        | 0.256       |
|    clip_range           | 0.2         |
|    entropy_loss         | -2.24       |
|    explained_variance   | 0.933       |
|    learning_rate        | 0.000125    |
|    loss                 | -0.0824     |
|    n_updates            | 1140        |
|    policy_gradient_loss | -0.0288     |
|    std                  | 0.74        |
|    value_loss           | 0.00785     |
-----------------------------------------
[Step   356352] SR=0.200 | FracGoal=0.362 | Ret=833.91 | Vis=0.66 | Prog=0.053 | CollEvt=25.59 | Stage=0.33
-------------------------------------------
| curriculum/               |             |
|    stage                  | 0.33        |
| research/                 |             |
|    collision_count        | 87          |
|    collision_event_count  | 25.6        |
|    curriculum_stage       | 0.33        |
|    episode_length         | 621         |
|    episode_return         | 834         |
|    fraction_at_goal       | 0.362       |
|    reward_collision       | -0.0107     |
|    reward_progress        | 0.0531      |
|    reward_zero_visibility | -0.0103     |
|    stray_count            | 0.21        |
|    success_rate           | 0.2         |
|    visibility_ratio       | 0.662       |
| rollout/                  |             |
|    ep_len_mean            | 621         |
|    ep_rew_mean            | 834         |
| time/                     |             |
|    fps                    | 131         |
|    iterations             | 116         |
|    time_elapsed           | 2712        |
|    total_timesteps        | 356352      |
| train/                    |             |
|    approx_kl              | 0.043024577 |
|    clip_fraction          | 0.25        |
|    clip_range             | 0.2         |
|    entropy_loss           | -2.23       |
|    explained_variance     | 0.529       |
|    learning_rate          | 0.000123    |
|    loss                   | -0.0396     |
|    n_updates              | 1150        |
|    policy_gradient_loss   | -0.024      |
|    std                    | 0.74        |
|    value_loss             | 0.0441      |
-------------------------------------------
-----------------------------------------
| curriculum/             |             |
|    stage                | 0.33        |
| rollout/                |             |
|    ep_len_mean          | 616         |
|    ep_rew_mean          | 829         |
| time/                   |             |
|    fps                  | 131         |
|    iterations           | 117         |
|    time_elapsed         | 2726        |
|    total_timesteps      | 359424      |
| train/                  |             |
|    approx_kl            | 0.025834596 |
|    clip_fraction        | 0.249       |
|    clip_range           | 0.2         |
|    entropy_loss         | -2.23       |
|    explained_variance   | 0.861       |
|    learning_rate        | 0.000122    |
|    loss                 | -0.00953    |
|    n_updates            | 1160        |
|    policy_gradient_loss | -0.0165     |
|    std                  | 0.74        |
|    value_loss           | 0.00906     |
-----------------------------------------
[Step   362496] SR=0.220 | FracGoal=0.392 | Ret=824.23 | Vis=0.67 | Prog=0.057 | CollEvt=24.23 | Stage=0.33
-------------------------------------------
| curriculum/               |             |
|    stage                  | 0.33        |
| research/                 |             |
|    collision_count        | 80.1        |
|    collision_event_count  | 24.2        |
|    curriculum_stage       | 0.33        |
|    episode_length         | 612         |
|    episode_return         | 824         |
|    fraction_at_goal       | 0.392       |
|    reward_collision       | -0.01       |
|    reward_progress        | 0.0566      |
|    reward_zero_visibility | -0.0105     |
|    stray_count            | 0.22        |
|    success_rate           | 0.22        |
|    visibility_ratio       | 0.669       |
| rollout/                  |             |
|    ep_len_mean            | 612         |
|    ep_rew_mean            | 824         |
| time/                     |             |
|    fps                    | 131         |
|    iterations             | 118         |
|    time_elapsed           | 2752        |
|    total_timesteps        | 362496      |
| train/                    |             |
|    approx_kl              | 0.028839316 |
|    clip_fraction          | 0.242       |
|    clip_range             | 0.2         |
|    entropy_loss           | -2.23       |
|    explained_variance     | 0.748       |
|    learning_rate          | 0.00012     |
|    loss                   | -0.0535     |
|    n_updates              | 1170        |
|    policy_gradient_loss   | -0.0259     |
|    std                    | 0.741       |
|    value_loss             | 0.0361      |
-------------------------------------------
-----------------------------------------
| curriculum/             |             |
|    stage                | 0.33        |
| rollout/                |             |
|    ep_len_mean          | 608         |
|    ep_rew_mean          | 821         |
| time/                   |             |
|    fps                  | 132         |
|    iterations           | 119         |
|    time_elapsed         | 2766        |
|    total_timesteps      | 365568      |
| train/                  |             |
|    approx_kl            | 0.038249917 |
|    clip_fraction        | 0.222       |
|    clip_range           | 0.2         |
|    entropy_loss         | -2.23       |
|    explained_variance   | 0.806       |
|    learning_rate        | 0.000119    |
|    loss                 | -0.025      |
|    n_updates            | 1180        |
|    policy_gradient_loss | -0.0303     |
|    std                  | 0.74        |
|    value_loss           | 0.0228      |
-----------------------------------------
[Step   368640] SR=0.240 | FracGoal=0.428 | Ret=821.85 | Vis=0.66 | Prog=0.061 | CollEvt=22.04 | Stage=0.33
------------------------------------------
| curriculum/               |            |
|    stage                  | 0.33       |
| research/                 |            |
|    collision_count        | 69.5       |
|    collision_event_count  | 22         |
|    curriculum_stage       | 0.33       |
|    episode_length         | 607        |
|    episode_return         | 822        |
|    fraction_at_goal       | 0.428      |
|    reward_collision       | -0.00911   |
|    reward_progress        | 0.0608     |
|    reward_zero_visibility | -0.0112    |
|    stray_count            | 0.18       |
|    success_rate           | 0.24       |
|    visibility_ratio       | 0.661      |
| rollout/                  |            |
|    ep_len_mean            | 607        |
|    ep_rew_mean            | 822        |
| time/                     |            |
|    fps                    | 132        |
|    iterations             | 120        |
|    time_elapsed           | 2781       |
|    total_timesteps        | 368640     |
| train/                    |            |
|    approx_kl              | 0.03274361 |
|    clip_fraction          | 0.248      |
|    clip_range             | 0.2        |
|    entropy_loss           | -2.23      |
|    explained_variance     | 0.83       |
|    learning_rate          | 0.000117   |
|    loss                   | -0.0521    |
|    n_updates              | 1190       |
|    policy_gradient_loss   | -0.0293    |
|    std                    | 0.739      |
|    value_loss             | 0.0208     |
------------------------------------------
-----------------------------------------
| curriculum/             |             |
|    stage                | 0.33        |
| rollout/                |             |
|    ep_len_mean          | 604         |
|    ep_rew_mean          | 818         |
| time/                   |             |
|    fps                  | 132         |
|    iterations           | 121         |
|    time_elapsed         | 2803        |
|    total_timesteps      | 371712      |
| train/                  |             |
|    approx_kl            | 0.032842837 |
|    clip_fraction        | 0.247       |
|    clip_range           | 0.2         |
|    entropy_loss         | -2.23       |
|    explained_variance   | 0.879       |
|    learning_rate        | 0.000116    |
|    loss                 | -0.0647     |
|    n_updates            | 1200        |
|    policy_gradient_loss | -0.0277     |
|    std                  | 0.74        |
|    value_loss           | 0.0145      |
-----------------------------------------
[Step   374784] SR=0.250 | FracGoal=0.435 | Ret=826.45 | Vis=0.66 | Prog=0.060 | CollEvt=20.48 | Stage=0.33
------------------------------------------
| curriculum/               |            |
|    stage                  | 0.33       |
| research/                 |            |
|    collision_count        | 63.1       |
|    collision_event_count  | 20.5       |
|    curriculum_stage       | 0.33       |
|    episode_length         | 606        |
|    episode_return         | 826        |
|    fraction_at_goal       | 0.435      |
|    reward_collision       | -0.00846   |
|    reward_progress        | 0.0605     |
|    reward_zero_visibility | -0.0124    |
|    stray_count            | 0.17       |
|    success_rate           | 0.25       |
|    visibility_ratio       | 0.66       |
| rollout/                  |            |
|    ep_len_mean            | 606        |
|    ep_rew_mean            | 826        |
| time/                     |            |
|    fps                    | 132        |
|    iterations             | 122        |
|    time_elapsed           | 2818       |
|    total_timesteps        | 374784     |
| train/                    |            |
|    approx_kl              | 0.04230719 |
|    clip_fraction          | 0.249      |
|    clip_range             | 0.2        |
|    entropy_loss           | -2.23      |
|    explained_variance     | 0.901      |
|    learning_rate          | 0.000114   |
|    loss                   | -0.0395    |
|    n_updates              | 1210       |
|    policy_gradient_loss   | -0.0316    |
|    std                    | 0.739      |
|    value_loss             | 0.0176     |
------------------------------------------
[validation @ 375,120] SR=0.167 | FracGoal=0.241 | MeanDist=4.66 | best=0.322
-----------------------------------------
| curriculum/             |             |
|    stage                | 0.33        |
| rollout/                |             |
|    ep_len_mean          | 598         |
|    ep_rew_mean          | 815         |
| time/                   |             |
|    fps                  | 131         |
|    iterations           | 123         |
|    time_elapsed         | 2884        |
|    total_timesteps      | 377856      |
| train/                  |             |
|    approx_kl            | 0.026364204 |
|    clip_fraction        | 0.228       |
|    clip_range           | 0.2         |
|    entropy_loss         | -2.23       |
|    explained_variance   | 0.814       |
|    learning_rate        | 0.000113    |
|    loss                 | -0.0533     |
|    n_updates            | 1220        |
|    policy_gradient_loss | -0.0281     |
|    std                  | 0.738       |
|    value_loss           | 0.0226      |
| validation/             |             |
|    episode_length       | 627         |
|    fraction_at_goal     | 0.241       |
|    mean_dist_to_goal    | 4.66        |
|    success_rate         | 0.167       |
-----------------------------------------
[Step   380928] SR=0.270 | FracGoal=0.457 | Ret=807.22 | Vis=0.65 | Prog=0.063 | CollEvt=18.27 | Stage=0.33
------------------------------------------
| curriculum/               |            |
|    stage                  | 0.33       |
| research/                 |            |
|    collision_count        | 58.7       |
|    collision_event_count  | 18.3       |
|    curriculum_stage       | 0.33       |
|    episode_length         | 591        |
|    episode_return         | 807        |
|    fraction_at_goal       | 0.457      |
|    reward_collision       | -0.00795   |
|    reward_progress        | 0.0633     |
|    reward_zero_visibility | -0.0124    |
|    stray_count            | 0.15       |
|    success_rate           | 0.27       |
|    visibility_ratio       | 0.654      |
| rollout/                  |            |
|    ep_len_mean            | 591        |
|    ep_rew_mean            | 807        |
| time/                     |            |
|    fps                    | 131        |
|    iterations             | 124        |
|    time_elapsed           | 2903       |
|    total_timesteps        | 380928     |
| train/                    |            |
|    approx_kl              | 0.03201549 |
|    clip_fraction          | 0.216      |
|    clip_range             | 0.2        |
|    entropy_loss           | -2.23      |
|    explained_variance     | 0.692      |
|    learning_rate          | 0.000111   |
|    loss                   | -0.0544    |
|    n_updates              | 1230       |
|    policy_gradient_loss   | -0.0293    |
|    std                    | 0.736      |
|    value_loss             | 0.0606     |
------------------------------------------
----------------------------------------
| curriculum/             |            |
|    stage                | 0.33       |
| rollout/                |            |
|    ep_len_mean          | 597        |
|    ep_rew_mean          | 815        |
| time/                   |            |
|    fps                  | 131        |
|    iterations           | 125        |
|    time_elapsed         | 2929       |
|    total_timesteps      | 384000     |
| train/                  |            |
|    approx_kl            | 0.03407849 |
|    clip_fraction        | 0.231      |
|    clip_range           | 0.2        |
|    entropy_loss         | -2.22      |
|    explained_variance   | 0.829      |
|    learning_rate        | 0.00011    |
|    loss                 | -0.0622    |
|    n_updates            | 1240       |
|    policy_gradient_loss | -0.0254    |
|    std                  | 0.737      |
|    value_loss           | 0.0278     |
----------------------------------------
[Step   387072] SR=0.290 | FracGoal=0.457 | Ret=797.05 | Vis=0.66 | Prog=0.068 | CollEvt=19.16 | Stage=0.33
------------------------------------------
| curriculum/               |            |
|    stage                  | 0.33       |
| research/                 |            |
|    collision_count        | 59.3       |
|    collision_event_count  | 19.2       |
|    curriculum_stage       | 0.33       |
|    episode_length         | 583        |
|    episode_return         | 797        |
|    fraction_at_goal       | 0.457      |
|    reward_collision       | -0.00815   |
|    reward_progress        | 0.068      |
|    reward_zero_visibility | -0.012     |
|    stray_count            | 0.15       |
|    success_rate           | 0.29       |
|    visibility_ratio       | 0.656      |
| rollout/                  |            |
|    ep_len_mean            | 583        |
|    ep_rew_mean            | 797        |
| time/                     |            |
|    fps                    | 131        |
|    iterations             | 126        |
|    time_elapsed           | 2944       |
|    total_timesteps        | 387072     |
| train/                    |            |
|    approx_kl              | 0.03492426 |
|    clip_fraction          | 0.237      |
|    clip_range             | 0.2        |
|    entropy_loss           | -2.22      |
|    explained_variance     | 0.91       |
|    learning_rate          | 0.000108   |
|    loss                   | -0.043     |
|    n_updates              | 1250       |
|    policy_gradient_loss   | -0.03      |
|    std                    | 0.735      |
|    value_loss             | 0.0142     |
------------------------------------------
----------------------------------------
| curriculum/             |            |
|    stage                | 0.33       |
| rollout/                |            |
|    ep_len_mean          | 583        |
|    ep_rew_mean          | 794        |
| time/                   |            |
|    fps                  | 131        |
|    iterations           | 127        |
|    time_elapsed         | 2962       |
|    total_timesteps      | 390144     |
| train/                  |            |
|    approx_kl            | 0.02562783 |
|    clip_fraction        | 0.22       |
|    clip_range           | 0.2        |
|    entropy_loss         | -2.22      |
|    explained_variance   | 0.839      |
|    learning_rate        | 0.000106   |
|    loss                 | -0.0536    |
|    n_updates            | 1260       |
|    policy_gradient_loss | -0.0314    |
|    std                  | 0.732      |
|    value_loss           | 0.0331     |
----------------------------------------
[Step   393216] SR=0.280 | FracGoal=0.460 | Ret=798.22 | Vis=0.65 | Prog=0.068 | CollEvt=17.17 | Stage=0.33
-------------------------------------------
| curriculum/               |             |
|    stage                  | 0.33        |
| research/                 |             |
|    collision_count        | 54.2        |
|    collision_event_count  | 17.2        |
|    curriculum_stage       | 0.33        |
|    episode_length         | 587         |
|    episode_return         | 798         |
|    fraction_at_goal       | 0.46        |
|    reward_collision       | -0.00745    |
|    reward_progress        | 0.0679      |
|    reward_zero_visibility | -0.0142     |
|    stray_count            | 0.14        |
|    success_rate           | 0.28        |
|    visibility_ratio       | 0.652       |
| rollout/                  |             |
|    ep_len_mean            | 587         |
|    ep_rew_mean            | 798         |
| time/                     |             |
|    fps                    | 132         |
|    iterations             | 128         |
|    time_elapsed           | 2974        |
|    total_timesteps        | 393216      |
| train/                    |             |
|    approx_kl              | 0.037021447 |
|    clip_fraction          | 0.228       |
|    clip_range             | 0.2         |
|    entropy_loss           | -2.21       |
|    explained_variance     | 0.917       |
|    learning_rate          | 0.000105    |
|    loss                   | -0.0317     |
|    n_updates              | 1270        |
|    policy_gradient_loss   | -0.0236     |
|    std                    | 0.731       |
|    value_loss             | 0.0238      |
-------------------------------------------
-----------------------------------------
| curriculum/             |             |
|    stage                | 0.33        |
| rollout/                |             |
|    ep_len_mean          | 589         |
|    ep_rew_mean          | 803         |
| time/                   |             |
|    fps                  | 132         |
|    iterations           | 129         |
|    time_elapsed         | 2984        |
|    total_timesteps      | 396288      |
| train/                  |             |
|    approx_kl            | 0.049632072 |
|    clip_fraction        | 0.24        |
|    clip_range           | 0.2         |
|    entropy_loss         | -2.21       |
|    explained_variance   | 0.913       |
|    learning_rate        | 0.000103    |
|    loss                 | -0.0369     |
|    n_updates            | 1280        |
|    policy_gradient_loss | -0.0214     |
|    std                  | 0.73        |
|    value_loss           | 0.0156      |
-----------------------------------------
[Step   399360] SR=0.270 | FracGoal=0.447 | Ret=803.37 | Vis=0.65 | Prog=0.068 | CollEvt=15.96 | Stage=0.33
-------------------------------------------
| curriculum/               |             |
|    stage                  | 0.33        |
| research/                 |             |
|    collision_count        | 49.1        |
|    collision_event_count  | 16          |
|    curriculum_stage       | 0.33        |
|    episode_length         | 589         |
|    episode_return         | 803         |
|    fraction_at_goal       | 0.447       |
|    reward_collision       | -0.0069     |
|    reward_progress        | 0.0682      |
|    reward_zero_visibility | -0.0149     |
|    stray_count            | 0.09        |
|    success_rate           | 0.27        |
|    visibility_ratio       | 0.655       |
| rollout/                  |             |
|    ep_len_mean            | 589         |
|    ep_rew_mean            | 803         |
| time/                     |             |
|    fps                    | 133         |
|    iterations             | 130         |
|    time_elapsed           | 3000        |
|    total_timesteps        | 399360      |
| train/                    |             |
|    approx_kl              | 0.032063734 |
|    clip_fraction          | 0.25        |
|    clip_range             | 0.2         |
|    entropy_loss           | -2.2        |
|    explained_variance     | 0.87        |
|    learning_rate          | 0.000102    |
|    loss                   | -0.0681     |
|    n_updates              | 1290        |
|    policy_gradient_loss   | -0.0246     |
|    std                    | 0.729       |
|    value_loss             | 0.0348      |
-------------------------------------------
[validation @ 400,128] SR=0.167 | FracGoal=0.271 | MeanDist=4.23 | best=0.322
-----------------------------------------
| curriculum/             |             |
|    stage                | 0.33        |
| rollout/                |             |
|    ep_len_mean          | 584         |
|    ep_rew_mean          | 800         |
| time/                   |             |
|    fps                  | 132         |
|    iterations           | 131         |
|    time_elapsed         | 3043        |
|    total_timesteps      | 402432      |
| train/                  |             |
|    approx_kl            | 0.039691973 |
|    clip_fraction        | 0.259       |
|    clip_range           | 0.2         |
|    entropy_loss         | -2.2        |
|    explained_variance   | 0.94        |
|    learning_rate        | 0.0001      |
|    loss                 | -0.0435     |
|    n_updates            | 1300        |
|    policy_gradient_loss | -0.0265     |
|    std                  | 0.729       |
|    value_loss           | 0.00688     |
| validation/             |             |
|    episode_length       | 636         |
|    fraction_at_goal     | 0.271       |
|    mean_dist_to_goal    | 4.23        |
|    success_rate         | 0.167       |
-----------------------------------------
[Step   405504] SR=0.300 | FracGoal=0.471 | Ret=802.31 | Vis=0.67 | Prog=0.071 | CollEvt=14.41 | Stage=0.33
-------------------------------------------
| curriculum/               |             |
|    stage                  | 0.33        |
| research/                 |             |
|    collision_count        | 46          |
|    collision_event_count  | 14.4        |
|    curriculum_stage       | 0.33        |
|    episode_length         | 582         |
|    episode_return         | 802         |
|    fraction_at_goal       | 0.471       |
|    reward_collision       | -0.00634    |
|    reward_progress        | 0.0708      |
|    reward_zero_visibility | -0.0129     |
|    stray_count            | 0.09        |
|    success_rate           | 0.3         |
|    visibility_ratio       | 0.67        |
| rollout/                  |             |
|    ep_len_mean            | 582         |
|    ep_rew_mean            | 802         |
| time/                     |             |
|    fps                    | 132         |
|    iterations             | 132         |
|    time_elapsed           | 3057        |
|    total_timesteps        | 405504      |
| train/                    |             |
|    approx_kl              | 0.031202745 |
|    clip_fraction          | 0.208       |
|    clip_range             | 0.2         |
|    entropy_loss           | -2.2        |
|    explained_variance     | 0.683       |
|    learning_rate          | 9.88e-05    |
|    loss                   | -0.0363     |
|    n_updates              | 1310        |
|    policy_gradient_loss   | -0.0258     |
|    std                    | 0.728       |
|    value_loss             | 0.0584      |
-------------------------------------------
-----------------------------------------
| curriculum/             |             |
|    stage                | 0.33        |
| rollout/                |             |
|    ep_len_mean          | 568         |
|    ep_rew_mean          | 787         |
| time/                   |             |
|    fps                  | 132         |
|    iterations           | 133         |
|    time_elapsed         | 3073        |
|    total_timesteps      | 408576      |
| train/                  |             |
|    approx_kl            | 0.028623356 |
|    clip_fraction        | 0.235       |
|    clip_range           | 0.2         |
|    entropy_loss         | -2.2        |
|    explained_variance   | 0.88        |
|    learning_rate        | 9.72e-05    |
|    loss                 | -0.00143    |
|    n_updates            | 1320        |
|    policy_gradient_loss | -0.0324     |
|    std                  | 0.727       |
|    value_loss           | 0.0309      |
-----------------------------------------
[Step   411648] SR=0.310 | FracGoal=0.471 | Ret=795.20 | Vis=0.66 | Prog=0.075 | CollEvt=13.65 | Stage=0.33
-------------------------------------------
| curriculum/               |             |
|    stage                  | 0.33        |
| research/                 |             |
|    collision_count        | 40          |
|    collision_event_count  | 13.6        |
|    curriculum_stage       | 0.33        |
|    episode_length         | 575         |
|    episode_return         | 795         |
|    fraction_at_goal       | 0.471       |
|    reward_collision       | -0.00582    |
|    reward_progress        | 0.0753      |
|    reward_zero_visibility | -0.0147     |
|    stray_count            | 0.06        |
|    success_rate           | 0.31        |
|    visibility_ratio       | 0.661       |
| rollout/                  |             |
|    ep_len_mean            | 575         |
|    ep_rew_mean            | 795         |
| time/                     |             |
|    fps                    | 133         |
|    iterations             | 134         |
|    time_elapsed           | 3084        |
|    total_timesteps        | 411648      |
| train/                    |             |
|    approx_kl              | 0.047136996 |
|    clip_fraction          | 0.248       |
|    clip_range             | 0.2         |
|    entropy_loss           | -2.2        |
|    explained_variance     | 0.747       |
|    learning_rate          | 9.57e-05    |
|    loss                   | -0.0708     |
|    n_updates              | 1330        |
|    policy_gradient_loss   | -0.0355     |
|    std                    | 0.726       |
|    value_loss             | 0.0448      |
-------------------------------------------
----------------------------------------
| curriculum/             |            |
|    stage                | 0.33       |
| rollout/                |            |
|    ep_len_mean          | 578        |
|    ep_rew_mean          | 798        |
| time/                   |            |
|    fps                  | 133        |
|    iterations           | 135        |
|    time_elapsed         | 3103       |
|    total_timesteps      | 414720     |
| train/                  |            |
|    approx_kl            | 0.03582249 |
|    clip_fraction        | 0.231      |
|    clip_range           | 0.2        |
|    entropy_loss         | -2.19      |
|    explained_variance   | 0.919      |
|    learning_rate        | 9.42e-05   |
|    loss                 | -0.0643    |
|    n_updates            | 1340       |
|    policy_gradient_loss | -0.0348    |
|    std                  | 0.723      |
|    value_loss           | 0.0123     |
----------------------------------------
[Step   417792] SR=0.310 | FracGoal=0.464 | Ret=790.06 | Vis=0.66 | Prog=0.076 | CollEvt=14.73 | Stage=0.33
-------------------------------------------
| curriculum/               |             |
|    stage                  | 0.33        |
| research/                 |             |
|    collision_count        | 39.8        |
|    collision_event_count  | 14.7        |
|    curriculum_stage       | 0.33        |
|    episode_length         | 571         |
|    episode_return         | 790         |
|    fraction_at_goal       | 0.464       |
|    reward_collision       | -0.00621    |
|    reward_progress        | 0.0764      |
|    reward_zero_visibility | -0.0159     |
|    stray_count            | 0.09        |
|    success_rate           | 0.31        |
|    visibility_ratio       | 0.657       |
| rollout/                  |             |
|    ep_len_mean            | 571         |
|    ep_rew_mean            | 790         |
| time/                     |             |
|    fps                    | 133         |
|    iterations             | 136         |
|    time_elapsed           | 3119        |
|    total_timesteps        | 417792      |
| train/                    |             |
|    approx_kl              | 0.030617999 |
|    clip_fraction          | 0.205       |
|    clip_range             | 0.2         |
|    entropy_loss           | -2.18       |
|    explained_variance     | 0.887       |
|    learning_rate          | 9.26e-05    |
|    loss                   | -0.0469     |
|    n_updates              | 1350        |
|    policy_gradient_loss   | -0.0275     |
|    std                    | 0.722       |
|    value_loss             | 0.015       |
-------------------------------------------
-----------------------------------------
| curriculum/             |             |
|    stage                | 0.33        |
| rollout/                |             |
|    ep_len_mean          | 580         |
|    ep_rew_mean          | 800         |
| time/                   |             |
|    fps                  | 134         |
|    iterations           | 137         |
|    time_elapsed         | 3127        |
|    total_timesteps      | 420864      |
| train/                  |             |
|    approx_kl            | 0.038776882 |
|    clip_fraction        | 0.215       |
|    clip_range           | 0.2         |
|    entropy_loss         | -2.18       |
|    explained_variance   | 0.815       |
|    learning_rate        | 9.11e-05    |
|    loss                 | -0.0625     |
|    n_updates            | 1360        |
|    policy_gradient_loss | -0.0321     |
|    std                  | 0.721       |
|    value_loss           | 0.0184      |
-----------------------------------------
[Step   423936] SR=0.300 | FracGoal=0.451 | Ret=794.76 | Vis=0.64 | Prog=0.074 | CollEvt=15.79 | Stage=0.33
-------------------------------------------
| curriculum/               |             |
|    stage                  | 0.33        |
| research/                 |             |
|    collision_count        | 43          |
|    collision_event_count  | 15.8        |
|    curriculum_stage       | 0.33        |
|    episode_length         | 579         |
|    episode_return         | 795         |
|    fraction_at_goal       | 0.451       |
|    reward_collision       | -0.00637    |
|    reward_progress        | 0.0737      |
|    reward_zero_visibility | -0.0179     |
|    stray_count            | 0.1         |
|    success_rate           | 0.3         |
|    visibility_ratio       | 0.645       |
| rollout/                  |             |
|    ep_len_mean            | 579         |
|    ep_rew_mean            | 795         |
| time/                     |             |
|    fps                    | 134         |
|    iterations             | 138         |
|    time_elapsed           | 3142        |
|    total_timesteps        | 423936      |
| train/                    |             |
|    approx_kl              | 0.029485334 |
|    clip_fraction          | 0.234       |
|    clip_range             | 0.2         |
|    entropy_loss           | -2.18       |
|    explained_variance     | 0.865       |
|    learning_rate          | 8.96e-05    |
|    loss                   | -0.035      |
|    n_updates              | 1370        |
|    policy_gradient_loss   | -0.0275     |
|    std                    | 0.72        |
|    value_loss             | 0.0281      |
-------------------------------------------
[validation @ 425,136] SR=0.167 | FracGoal=0.233 | MeanDist=4.70 | best=0.322
-----------------------------------------
| curriculum/             |             |
|    stage                | 0.33        |
| rollout/                |             |
|    ep_len_mean          | 577         |
|    ep_rew_mean          | 791         |
| time/                   |             |
|    fps                  | 134         |
|    iterations           | 139         |
|    time_elapsed         | 3185        |
|    total_timesteps      | 427008      |
| train/                  |             |
|    approx_kl            | 0.028822068 |
|    clip_fraction        | 0.22        |
|    clip_range           | 0.2         |
|    entropy_loss         | -2.18       |
|    explained_variance   | 0.857       |
|    learning_rate        | 8.8e-05     |
|    loss                 | -0.0514     |
|    n_updates            | 1380        |
|    policy_gradient_loss | -0.0306     |
|    std                  | 0.72        |
|    value_loss           | 0.0141      |
| validation/             |             |
|    episode_length       | 605         |
|    fraction_at_goal     | 0.233       |
|    mean_dist_to_goal    | 4.7         |
|    success_rate         | 0.167       |
-----------------------------------------
[Step   430080] SR=0.270 | FracGoal=0.431 | Ret=799.56 | Vis=0.65 | Prog=0.075 | CollEvt=15.95 | Stage=0.33
-------------------------------------------
| curriculum/               |             |
|    stage                  | 0.33        |
| research/                 |             |
|    collision_count        | 43.2        |
|    collision_event_count  | 15.9        |
|    curriculum_stage       | 0.33        |
|    episode_length         | 583         |
|    episode_return         | 800         |
|    fraction_at_goal       | 0.431       |
|    reward_collision       | -0.0064     |
|    reward_progress        | 0.075       |
|    reward_zero_visibility | -0.0182     |
|    stray_count            | 0.1         |
|    success_rate           | 0.27        |
|    visibility_ratio       | 0.646       |
| rollout/                  |             |
|    ep_len_mean            | 583         |
|    ep_rew_mean            | 800         |
| time/                     |             |
|    fps                    | 134         |
|    iterations             | 140         |
|    time_elapsed           | 3194        |
|    total_timesteps        | 430080      |
| train/                    |             |
|    approx_kl              | 0.032353684 |
|    clip_fraction          | 0.231       |
|    clip_range             | 0.2         |
|    entropy_loss           | -2.18       |
|    explained_variance     | 0.805       |
|    learning_rate          | 8.65e-05    |
|    loss                   | -0.0157     |
|    n_updates              | 1390        |
|    policy_gradient_loss   | -0.0267     |
|    std                    | 0.719       |
|    value_loss             | 0.0171      |
-------------------------------------------
----------------------------------------
| curriculum/             |            |
|    stage                | 0.33       |
| rollout/                |            |
|    ep_len_mean          | 573        |
|    ep_rew_mean          | 784        |
| time/                   |            |
|    fps                  | 135        |
|    iterations           | 141        |
|    time_elapsed         | 3208       |
|    total_timesteps      | 433152     |
| train/                  |            |
|    approx_kl            | 0.03264828 |
|    clip_fraction        | 0.235      |
|    clip_range           | 0.2        |
|    entropy_loss         | -2.17      |
|    explained_variance   | 0.92       |
|    learning_rate        | 8.5e-05    |
|    loss                 | -0.067     |
|    n_updates            | 1400       |
|    policy_gradient_loss | -0.0235    |
|    std                  | 0.718      |
|    value_loss           | 0.00814    |
----------------------------------------
[Step   436224] SR=0.270 | FracGoal=0.414 | Ret=790.82 | Vis=0.64 | Prog=0.078 | CollEvt=16.27 | Stage=0.33
-------------------------------------------
| curriculum/               |             |
|    stage                  | 0.33        |
| research/                 |             |
|    collision_count        | 45.7        |
|    collision_event_count  | 16.3        |
|    curriculum_stage       | 0.33        |
|    episode_length         | 581         |
|    episode_return         | 791         |
|    fraction_at_goal       | 0.414       |
|    reward_collision       | -0.00655    |
|    reward_progress        | 0.0775      |
|    reward_zero_visibility | -0.0191     |
|    stray_count            | 0.13        |
|    success_rate           | 0.27        |
|    visibility_ratio       | 0.645       |
| rollout/                  |             |
|    ep_len_mean            | 581         |
|    ep_rew_mean            | 791         |
| time/                     |             |
|    fps                    | 135         |
|    iterations             | 142         |
|    time_elapsed           | 3230        |
|    total_timesteps        | 436224      |
| train/                    |             |
|    approx_kl              | 0.031401634 |
|    clip_fraction          | 0.216       |
|    clip_range             | 0.2         |
|    entropy_loss           | -2.17       |
|    explained_variance     | 0.8         |
|    learning_rate          | 8.34e-05    |
|    loss                   | -0.0336     |
|    n_updates              | 1410        |
|    policy_gradient_loss   | -0.0273     |
|    std                    | 0.716       |
|    value_loss             | 0.0246      |
-------------------------------------------
-----------------------------------------
| curriculum/             |             |
|    stage                | 0.33        |
| rollout/                |             |
|    ep_len_mean          | 591         |
|    ep_rew_mean          | 804         |
| time/                   |             |
|    fps                  | 135         |
|    iterations           | 143         |
|    time_elapsed         | 3253        |
|    total_timesteps      | 439296      |
| train/                  |             |
|    approx_kl            | 0.038390312 |
|    clip_fraction        | 0.223       |
|    clip_range           | 0.2         |
|    entropy_loss         | -2.16       |
|    explained_variance   | 0.902       |
|    learning_rate        | 8.19e-05    |
|    loss                 | -0.0466     |
|    n_updates            | 1420        |
|    policy_gradient_loss | -0.0264     |
|    std                  | 0.715       |
|    value_loss           | 0.00854     |
-----------------------------------------
[Step   442368] SR=0.300 | FracGoal=0.454 | Ret=784.32 | Vis=0.64 | Prog=0.080 | CollEvt=14.41 | Stage=0.33
------------------------------------------
| curriculum/               |            |
|    stage                  | 0.33       |
| research/                 |            |
|    collision_count        | 41.9       |
|    collision_event_count  | 14.4       |
|    curriculum_stage       | 0.33       |
|    episode_length         | 574        |
|    episode_return         | 784        |
|    fraction_at_goal       | 0.454      |
|    reward_collision       | -0.00595   |
|    reward_progress        | 0.0805     |
|    reward_zero_visibility | -0.02      |
|    stray_count            | 0.13       |
|    success_rate           | 0.3        |
|    visibility_ratio       | 0.64       |
| rollout/                  |            |
|    ep_len_mean            | 574        |
|    ep_rew_mean            | 784        |
| time/                     |            |
|    fps                    | 135        |
|    iterations             | 144        |
|    time_elapsed           | 3276       |
|    total_timesteps        | 442368     |
| train/                    |            |
|    approx_kl              | 0.02961855 |
|    clip_fraction          | 0.204      |
|    clip_range             | 0.2        |
|    entropy_loss           | -2.17      |
|    explained_variance     | 0.695      |
|    learning_rate          | 8.04e-05   |
|    loss                   | -0.033     |
|    n_updates              | 1430       |
|    policy_gradient_loss   | -0.029     |
|    std                    | 0.716      |
|    value_loss             | 0.0324     |
------------------------------------------
-----------------------------------------
| curriculum/             |             |
|    stage                | 0.33        |
| rollout/                |             |
|    ep_len_mean          | 585         |
|    ep_rew_mean          | 800         |
| time/                   |             |
|    fps                  | 134         |
|    iterations           | 145         |
|    time_elapsed         | 3305        |
|    total_timesteps      | 445440      |
| train/                  |             |
|    approx_kl            | 0.042198133 |
|    clip_fraction        | 0.217       |
|    clip_range           | 0.2         |
|    entropy_loss         | -2.16       |
|    explained_variance   | 0.927       |
|    learning_rate        | 7.88e-05    |
|    loss                 | -0.0327     |
|    n_updates            | 1440        |
|    policy_gradient_loss | -0.0295     |
|    std                  | 0.715       |
|    value_loss           | 0.0141      |
-----------------------------------------
[Step   448512] SR=0.280 | FracGoal=0.428 | Ret=793.65 | Vis=0.64 | Prog=0.079 | CollEvt=14.25 | Stage=0.33
-------------------------------------------
| curriculum/               |             |
|    stage                  | 0.33        |
| research/                 |             |
|    collision_count        | 42.1        |
|    collision_event_count  | 14.2        |
|    curriculum_stage       | 0.33        |
|    episode_length         | 583         |
|    episode_return         | 794         |
|    fraction_at_goal       | 0.428       |
|    reward_collision       | -0.00602    |
|    reward_progress        | 0.0791      |
|    reward_zero_visibility | -0.0203     |
|    stray_count            | 0.15        |
|    success_rate           | 0.28        |
|    visibility_ratio       | 0.636       |
| rollout/                  |             |
|    ep_len_mean            | 583         |
|    ep_rew_mean            | 794         |
| time/                     |             |
|    fps                    | 134         |
|    iterations             | 146         |
|    time_elapsed           | 3335        |
|    total_timesteps        | 448512      |
| train/                    |             |
|    approx_kl              | 0.023898317 |
|    clip_fraction          | 0.193       |
|    clip_range             | 0.2         |
|    entropy_loss           | -2.16       |
|    explained_variance     | 0.91        |
|    learning_rate          | 7.73e-05    |
|    loss                   | -0.025      |
|    n_updates              | 1450        |
|    policy_gradient_loss   | -0.026      |
|    std                    | 0.714       |
|    value_loss             | 0.00867     |
-------------------------------------------
[validation @ 450,144] SR=0.333 | FracGoal=0.382 | MeanDist=3.76 | best=0.382
-----------------------------------------
| curriculum/             |             |
|    stage                | 0.33        |
| rollout/                |             |
|    ep_len_mean          | 583         |
|    ep_rew_mean          | 798         |
| time/                   |             |
|    fps                  | 132         |
|    iterations           | 147         |
|    time_elapsed         | 3414        |
|    total_timesteps      | 451584      |
| train/                  |             |
|    approx_kl            | 0.028238105 |
|    clip_fraction        | 0.222       |
|    clip_range           | 0.2         |
|    entropy_loss         | -2.16       |
|    explained_variance   | 0.89        |
|    learning_rate        | 7.57e-05    |
|    loss                 | -0.0246     |
|    n_updates            | 1460        |
|    policy_gradient_loss | -0.0239     |
|    std                  | 0.714       |
|    value_loss           | 0.00935     |
| validation/             |             |
|    episode_length       | 586         |
|    fraction_at_goal     | 0.382       |
|    mean_dist_to_goal    | 3.76        |
|    success_rate         | 0.333       |
-----------------------------------------
[Step   454656] SR=0.280 | FracGoal=0.417 | Ret=795.40 | Vis=0.65 | Prog=0.079 | CollEvt=14.64 | Stage=0.33
-------------------------------------------
| curriculum/               |             |
|    stage                  | 0.33        |
| research/                 |             |
|    collision_count        | 46.3        |
|    collision_event_count  | 14.6        |
|    curriculum_stage       | 0.33        |
|    episode_length         | 581         |
|    episode_return         | 795         |
|    fraction_at_goal       | 0.417       |
|    reward_collision       | -0.00627    |
|    reward_progress        | 0.0789      |
|    reward_zero_visibility | -0.017      |
|    stray_count            | 0.16        |
|    success_rate           | 0.28        |
|    visibility_ratio       | 0.653       |
| rollout/                  |             |
|    ep_len_mean            | 581         |
|    ep_rew_mean            | 795         |
| time/                     |             |
|    fps                    | 131         |
|    iterations             | 148         |
|    time_elapsed           | 3445        |
|    total_timesteps        | 454656      |
| train/                    |             |
|    approx_kl              | 0.026394105 |
|    clip_fraction          | 0.19        |
|    clip_range             | 0.2         |
|    entropy_loss           | -2.16       |
|    explained_variance     | 0.94        |
|    learning_rate          | 7.42e-05    |
|    loss                   | -0.0357     |
|    n_updates              | 1470        |
|    policy_gradient_loss   | -0.0272     |
|    std                    | 0.713       |
|    value_loss             | 0.027       |
-------------------------------------------
----------------------------------------
| curriculum/             |            |
|    stage                | 0.33       |
| rollout/                |            |
|    ep_len_mean          | 578        |
|    ep_rew_mean          | 793        |
| time/                   |            |
|    fps                  | 131        |
|    iterations           | 149        |
|    time_elapsed         | 3469       |
|    total_timesteps      | 457728     |
| train/                  |            |
|    approx_kl            | 0.02430202 |
|    clip_fraction        | 0.22       |
|    clip_range           | 0.2        |
|    entropy_loss         | -2.16      |
|    explained_variance   | 0.79       |
|    learning_rate        | 7.27e-05   |
|    loss                 | -0.0519    |
|    n_updates            | 1480       |
|    policy_gradient_loss | -0.0202    |
|    std                  | 0.713      |
|    value_loss           | 0.0265     |
----------------------------------------
[Step   460800] SR=0.270 | FracGoal=0.415 | Ret=789.94 | Vis=0.66 | Prog=0.082 | CollEvt=14.21 | Stage=0.33
------------------------------------------
| curriculum/               |            |
|    stage                  | 0.33       |
| research/                 |            |
|    collision_count        | 44.3       |
|    collision_event_count  | 14.2       |
|    curriculum_stage       | 0.33       |
|    episode_length         | 576        |
|    episode_return         | 790        |
|    fraction_at_goal       | 0.415      |
|    reward_collision       | -0.00621   |
|    reward_progress        | 0.0819     |
|    reward_zero_visibility | -0.0158    |
|    stray_count            | 0.18       |
|    success_rate           | 0.27       |
|    visibility_ratio       | 0.66       |
| rollout/                  |            |
|    ep_len_mean            | 576        |
|    ep_rew_mean            | 790        |
| time/                     |            |
|    fps                    | 131        |
|    iterations             | 150        |
|    time_elapsed           | 3494       |
|    total_timesteps        | 460800     |
| train/                    |            |
|    approx_kl              | 0.02472842 |
|    clip_fraction          | 0.176      |
|    clip_range             | 0.2        |
|    entropy_loss           | -2.16      |
|    explained_variance     | 0.617      |
|    learning_rate          | 7.11e-05   |
|    loss                   | -0.0479    |
|    n_updates              | 1490       |
|    policy_gradient_loss   | -0.03      |
|    std                    | 0.712      |
|    value_loss             | 0.0299     |
------------------------------------------
-----------------------------------------
| curriculum/             |             |
|    stage                | 0.33        |
| rollout/                |             |
|    ep_len_mean          | 576         |
|    ep_rew_mean          | 791         |
| time/                   |             |
|    fps                  | 132         |
|    iterations           | 151         |
|    time_elapsed         | 3511        |
|    total_timesteps      | 463872      |
| train/                  |             |
|    approx_kl            | 0.043169875 |
|    clip_fraction        | 0.216       |
|    clip_range           | 0.2         |
|    entropy_loss         | -2.15       |
|    explained_variance   | 0.902       |
|    learning_rate        | 6.96e-05    |
|    loss                 | -0.0612     |
|    n_updates            | 1500        |
|    policy_gradient_loss | -0.024      |
|    std                  | 0.711       |
|    value_loss           | 0.0128      |
-----------------------------------------
[Step   466944] SR=0.240 | FracGoal=0.404 | Ret=805.16 | Vis=0.65 | Prog=0.079 | CollEvt=14.65 | Stage=0.33
-------------------------------------------
| curriculum/               |             |
|    stage                  | 0.33        |
| research/                 |             |
|    collision_count        | 44          |
|    collision_event_count  | 14.6        |
|    curriculum_stage       | 0.33        |
|    episode_length         | 587         |
|    episode_return         | 805         |
|    fraction_at_goal       | 0.404       |
|    reward_collision       | -0.00629    |
|    reward_progress        | 0.0792      |
|    reward_zero_visibility | -0.0159     |
|    stray_count            | 0.17        |
|    success_rate           | 0.24        |
|    visibility_ratio       | 0.651       |
| rollout/                  |             |
|    ep_len_mean            | 587         |
|    ep_rew_mean            | 805         |
| time/                     |             |
|    fps                    | 132         |
|    iterations             | 152         |
|    time_elapsed           | 3527        |
|    total_timesteps        | 466944      |
| train/                    |             |
|    approx_kl              | 0.025016498 |
|    clip_fraction          | 0.206       |
|    clip_range             | 0.2         |
|    entropy_loss           | -2.15       |
|    explained_variance     | 0.834       |
|    learning_rate          | 6.81e-05    |
|    loss                   | -0.0587     |
|    n_updates              | 1510        |
|    policy_gradient_loss   | -0.0293     |
|    std                    | 0.711       |
|    value_loss             | 0.00977     |
-------------------------------------------
-----------------------------------------
| curriculum/             |             |
|    stage                | 0.33        |
| rollout/                |             |
|    ep_len_mean          | 574         |
|    ep_rew_mean          | 795         |
| time/                   |             |
|    fps                  | 132         |
|    iterations           | 153         |
|    time_elapsed         | 3548        |
|    total_timesteps      | 470016      |
| train/                  |             |
|    approx_kl            | 0.030399228 |
|    clip_fraction        | 0.204       |
|    clip_range           | 0.2         |
|    entropy_loss         | -2.15       |
|    explained_variance   | 0.848       |
|    learning_rate        | 6.65e-05    |
|    loss                 | -0.0303     |
|    n_updates            | 1520        |
|    policy_gradient_loss | -0.0199     |
|    std                  | 0.711       |
|    value_loss           | 0.00818     |
-----------------------------------------
[Step   473088] SR=0.290 | FracGoal=0.464 | Ret=796.05 | Vis=0.66 | Prog=0.085 | CollEvt=13.13 | Stage=0.33
-------------------------------------------
| curriculum/               |             |
|    stage                  | 0.33        |
| research/                 |             |
|    collision_count        | 39.1        |
|    collision_event_count  | 13.1        |
|    curriculum_stage       | 0.33        |
|    episode_length         | 569         |
|    episode_return         | 796         |
|    fraction_at_goal       | 0.464       |
|    reward_collision       | -0.00568    |
|    reward_progress        | 0.0855      |
|    reward_zero_visibility | -0.0117     |
|    stray_count            | 0.15        |
|    success_rate           | 0.29        |
|    visibility_ratio       | 0.656       |
| rollout/                  |             |
|    ep_len_mean            | 569         |
|    ep_rew_mean            | 796         |
| time/                     |             |
|    fps                    | 132         |
|    iterations             | 154         |
|    time_elapsed           | 3574        |
|    total_timesteps        | 473088      |
| train/                    |             |
|    approx_kl              | 0.021342725 |
|    clip_fraction          | 0.175       |
|    clip_range             | 0.2         |
|    entropy_loss           | -2.15       |
|    explained_variance     | 0.506       |
|    learning_rate          | 6.5e-05     |
|    loss                   | -0.0468     |
|    n_updates              | 1530        |
|    policy_gradient_loss   | -0.0209     |
|    std                    | 0.71        |
|    value_loss             | 0.072       |
-------------------------------------------
Adaptive curriculum advanced to stage 0.66 at timestep 474,708
[validation @ 475,152] SR=0.167 | FracGoal=0.282 | MeanDist=4.13 | best=0.382
-----------------------------------------
| curriculum/             |             |
|    stage                | 0.66        |
| rollout/                |             |
|    ep_len_mean          | 568         |
|    ep_rew_mean          | 798         |
| time/                   |             |
|    fps                  | 130         |
|    iterations           | 155         |
|    time_elapsed         | 3636        |
|    total_timesteps      | 476160      |
| train/                  |             |
|    approx_kl            | 0.021101095 |
|    clip_fraction        | 0.178       |
|    clip_range           | 0.2         |
|    entropy_loss         | -2.15       |
|    explained_variance   | 0.76        |
|    learning_rate        | 6.35e-05    |
|    loss                 | -0.0248     |
|    n_updates            | 1540        |
|    policy_gradient_loss | -0.0235     |
|    std                  | 0.709       |
|    value_loss           | 0.016       |
| validation/             |             |
|    episode_length       | 602         |
|    fraction_at_goal     | 0.282       |
|    mean_dist_to_goal    | 4.13        |
|    success_rate         | 0.167       |
-----------------------------------------
[Step   479232] SR=0.290 | FracGoal=0.457 | Ret=798.33 | Vis=0.67 | Prog=0.085 | CollEvt=10.42 | Stage=0.53
-------------------------------------------
| curriculum/               |             |
|    stage                  | 0.66        |
| research/                 |             |
|    collision_count        | 32.3        |
|    collision_event_count  | 10.4        |
|    curriculum_stage       | 0.528       |
|    episode_length         | 568         |
|    episode_return         | 798         |
|    fraction_at_goal       | 0.457       |
|    reward_collision       | -0.00469    |
|    reward_progress        | 0.0847      |
|    reward_zero_visibility | -0.00942    |
|    stray_count            | 0.15        |
|    success_rate           | 0.29        |
|    visibility_ratio       | 0.665       |
| rollout/                  |             |
|    ep_len_mean            | 568         |
|    ep_rew_mean            | 798         |
| time/                     |             |
|    fps                    | 130         |
|    iterations             | 156         |
|    time_elapsed           | 3664        |
|    total_timesteps        | 479232      |
| train/                    |             |
|    approx_kl              | 0.031171558 |
|    clip_fraction          | 0.197       |
|    clip_range             | 0.2         |
|    entropy_loss           | -2.15       |
|    explained_variance     | 0.86        |
|    learning_rate          | 6.19e-05    |
|    loss                   | -0.0509     |
|    n_updates              | 1550        |
|    policy_gradient_loss   | -0.0263     |
|    std                    | 0.709       |
|    value_loss             | 0.0252      |
-------------------------------------------
-----------------------------------------
| curriculum/             |             |
|    stage                | 0.66        |
| rollout/                |             |
|    ep_len_mean          | 578         |
|    ep_rew_mean          | 812         |
| time/                   |             |
|    fps                  | 130         |
|    iterations           | 157         |
|    time_elapsed         | 3685        |
|    total_timesteps      | 482304      |
| train/                  |             |
|    approx_kl            | 0.043467157 |
|    clip_fraction        | 0.225       |
|    clip_range           | 0.2         |
|    entropy_loss         | -2.15       |
|    explained_variance   | 0.846       |
|    learning_rate        | 6.04e-05    |
|    loss                 | -0.0511     |
|    n_updates            | 1560        |
|    policy_gradient_loss | -0.0274     |
|    std                  | 0.71        |
|    value_loss           | 0.0176      |
-----------------------------------------
[Step   485376] SR=0.260 | FracGoal=0.444 | Ret=818.81 | Vis=0.66 | Prog=0.080 | CollEvt=12.37 | Stage=0.66
------------------------------------------
| curriculum/               |            |
|    stage                  | 0.66       |
| research/                 |            |
|    collision_count        | 37.4       |
|    collision_event_count  | 12.4       |
|    curriculum_stage       | 0.66       |
|    episode_length         | 584        |
|    episode_return         | 819        |
|    fraction_at_goal       | 0.444      |
|    reward_collision       | -0.00533   |
|    reward_progress        | 0.0796     |
|    reward_zero_visibility | -0.00839   |
|    stray_count            | 0.12       |
|    success_rate           | 0.26       |
|    visibility_ratio       | 0.664      |
| rollout/                  |            |
|    ep_len_mean            | 584        |
|    ep_rew_mean            | 819        |
| time/                     |            |
|    fps                    | 130        |
|    iterations             | 158        |
|    time_elapsed           | 3712       |
|    total_timesteps        | 485376     |
| train/                    |            |
|    approx_kl              | 0.02997795 |
|    clip_fraction          | 0.237      |
|    clip_range             | 0.2        |
|    entropy_loss           | -2.15      |
|    explained_variance     | 0.82       |
|    learning_rate          | 5.88e-05   |
|    loss                   | -0.0462    |
|    n_updates              | 1570       |
|    policy_gradient_loss   | -0.0303    |
|    std                    | 0.709      |
|    value_loss             | 0.00874    |
------------------------------------------
-----------------------------------------
| curriculum/             |             |
|    stage                | 0.66        |
| rollout/                |             |
|    ep_len_mean          | 584         |
|    ep_rew_mean          | 816         |
| time/                   |             |
|    fps                  | 130         |
|    iterations           | 159         |
|    time_elapsed         | 3736        |
|    total_timesteps      | 488448      |
| train/                  |             |
|    approx_kl            | 0.043300115 |
|    clip_fraction        | 0.257       |
|    clip_range           | 0.2         |
|    entropy_loss         | -2.15       |
|    explained_variance   | 0.804       |
|    learning_rate        | 5.73e-05    |
|    loss                 | -0.0375     |
|    n_updates            | 1580        |
|    policy_gradient_loss | -0.029      |
|    std                  | 0.709       |
|    value_loss           | 0.0133      |
-----------------------------------------
[Step   491520] SR=0.260 | FracGoal=0.439 | Ret=814.10 | Vis=0.65 | Prog=0.080 | CollEvt=13.74 | Stage=0.66
-------------------------------------------
| curriculum/               |             |
|    stage                  | 0.66        |
| research/                 |             |
|    collision_count        | 40          |
|    collision_event_count  | 13.7        |
|    curriculum_stage       | 0.66        |
|    episode_length         | 583         |
|    episode_return         | 814         |
|    fraction_at_goal       | 0.439       |
|    reward_collision       | -0.00581    |
|    reward_progress        | 0.0799      |
|    reward_zero_visibility | -0.00848    |
|    stray_count            | 0.13        |
|    success_rate           | 0.26        |
|    visibility_ratio       | 0.652       |
| rollout/                  |             |
|    ep_len_mean            | 583         |
|    ep_rew_mean            | 814         |
| time/                     |             |
|    fps                    | 130         |
|    iterations             | 160         |
|    time_elapsed           | 3757        |
|    total_timesteps        | 491520      |
| train/                    |             |
|    approx_kl              | 0.036828697 |
|    clip_fraction          | 0.222       |
|    clip_range             | 0.2         |
|    entropy_loss           | -2.15       |
|    explained_variance     | 0.874       |
|    learning_rate          | 5.58e-05    |
|    loss                   | -0.0592     |
|    n_updates              | 1590        |
|    policy_gradient_loss   | -0.0233     |
|    std                    | 0.709       |
|    value_loss             | 0.0112      |
-------------------------------------------
-----------------------------------------
| curriculum/             |             |
|    stage                | 0.66        |
| rollout/                |             |
|    ep_len_mean          | 583         |
|    ep_rew_mean          | 817         |
| time/                   |             |
|    fps                  | 130         |
|    iterations           | 161         |
|    time_elapsed         | 3790        |
|    total_timesteps      | 494592      |
| train/                  |             |
|    approx_kl            | 0.024899155 |
|    clip_fraction        | 0.207       |
|    clip_range           | 0.2         |
|    entropy_loss         | -2.15       |
|    explained_variance   | 0.854       |
|    learning_rate        | 5.42e-05    |
|    loss                 | -0.0226     |
|    n_updates            | 1600        |
|    policy_gradient_loss | -0.0232     |
|    std                  | 0.709       |
|    value_loss           | 0.0194      |
-----------------------------------------
[Step   497664] SR=0.250 | FracGoal=0.433 | Ret=817.45 | Vis=0.66 | Prog=0.082 | CollEvt=12.48 | Stage=0.66
-------------------------------------------
| curriculum/               |             |
|    stage                  | 0.66        |
| research/                 |             |
|    collision_count        | 33.9        |
|    collision_event_count  | 12.5        |
|    curriculum_stage       | 0.66        |
|    episode_length         | 583         |
|    episode_return         | 817         |
|    fraction_at_goal       | 0.433       |
|    reward_collision       | -0.00508    |
|    reward_progress        | 0.0815      |
|    reward_zero_visibility | -0.00891    |
|    stray_count            | 0.09        |
|    success_rate           | 0.25        |
|    visibility_ratio       | 0.656       |
| rollout/                  |             |
|    ep_len_mean            | 583         |
|    ep_rew_mean            | 817         |
| time/                     |             |
|    fps                    | 130         |
|    iterations             | 162         |
|    time_elapsed           | 3807        |
|    total_timesteps        | 497664      |
| train/                    |             |
|    approx_kl              | 0.016657175 |
|    clip_fraction          | 0.181       |
|    clip_range             | 0.2         |
|    entropy_loss           | -2.14       |
|    explained_variance     | 0.751       |
|    learning_rate          | 5.27e-05    |
|    loss                   | -0.0444     |
|    n_updates              | 1610        |
|    policy_gradient_loss   | -0.0221     |
|    std                    | 0.708       |
|    value_loss             | 0.0208      |
-------------------------------------------
Adaptive curriculum fell back to stage 0.33 at timestep 499,716
[validation @ 500,160] SR=0.233 | FracGoal=0.294 | MeanDist=4.28 | best=0.382
-----------------------------------------
| curriculum/             |             |
|    stage                | 0.33        |
| rollout/                |             |
|    ep_len_mean          | 588         |
|    ep_rew_mean          | 824         |
| time/                   |             |
|    fps                  | 129         |
|    iterations           | 163         |
|    time_elapsed         | 3855        |
|    total_timesteps      | 500736      |
| train/                  |             |
|    approx_kl            | 0.028969109 |
|    clip_fraction        | 0.161       |
|    clip_range           | 0.2         |
|    entropy_loss         | -2.14       |
|    explained_variance   | 0.542       |
|    learning_rate        | 5.12e-05    |
|    loss                 | -0.0357     |
|    n_updates            | 1620        |
|    policy_gradient_loss | -0.0205     |
|    std                  | 0.707       |
|    value_loss           | 0.047       |
| validation/             |             |
|    episode_length       | 587         |
|    fraction_at_goal     | 0.294       |
|    mean_dist_to_goal    | 4.28        |
|    success_rate         | 0.233       |
-----------------------------------------
[Step   503808] SR=0.230 | FracGoal=0.423 | Ret=832.21 | Vis=0.66 | Prog=0.077 | CollEvt=14.25 | Stage=0.43
-------------------------------------------
| curriculum/               |             |
|    stage                  | 0.33        |
| research/                 |             |
|    collision_count        | 41.9        |
|    collision_event_count  | 14.2        |
|    curriculum_stage       | 0.429       |
|    episode_length         | 593         |
|    episode_return         | 832         |
|    fraction_at_goal       | 0.423       |
|    reward_collision       | -0.00581    |
|    reward_progress        | 0.0768      |
|    reward_zero_visibility | -0.0084     |
|    stray_count            | 0.1         |
|    success_rate           | 0.23        |
|    visibility_ratio       | 0.661       |
| rollout/                  |             |
|    ep_len_mean            | 593         |
|    ep_rew_mean            | 832         |
| time/                     |             |
|    fps                    | 130         |
|    iterations             | 164         |
|    time_elapsed           | 3870        |
|    total_timesteps        | 503808      |
| train/                    |             |
|    approx_kl              | 0.019357614 |
|    clip_fraction          | 0.165       |
|    clip_range             | 0.2         |
|    entropy_loss           | -2.14       |
|    explained_variance     | 0.911       |
|    learning_rate          | 4.96e-05    |
|    loss                   | -0.0519     |
|    n_updates              | 1630        |
|    policy_gradient_loss   | -0.0236     |
|    std                    | 0.706       |
|    value_loss             | 0.0131      |
-------------------------------------------
----------------------------------------
| curriculum/             |            |
|    stage                | 0.33       |
| rollout/                |            |
|    ep_len_mean          | 593        |
|    ep_rew_mean          | 833        |
| time/                   |            |
|    fps                  | 130        |
|    iterations           | 165        |
|    time_elapsed         | 3884       |
|    total_timesteps      | 506880     |
| train/                  |            |
|    approx_kl            | 0.03161418 |
|    clip_fraction        | 0.164      |
|    clip_range           | 0.2        |
|    entropy_loss         | -2.14      |
|    explained_variance   | 0.87       |
|    learning_rate        | 4.81e-05   |
|    loss                 | -0.0376    |
|    n_updates            | 1640       |
|    policy_gradient_loss | -0.023     |
|    std                  | 0.704      |
|    value_loss           | 0.0321     |
----------------------------------------
[Step   509952] SR=0.230 | FracGoal=0.432 | Ret=832.59 | Vis=0.64 | Prog=0.074 | CollEvt=14.21 | Stage=0.33
-------------------------------------------
| curriculum/               |             |
|    stage                  | 0.33        |
| research/                 |             |
|    collision_count        | 41.7        |
|    collision_event_count  | 14.2        |
|    curriculum_stage       | 0.33        |
|    episode_length         | 594         |
|    episode_return         | 833         |
|    fraction_at_goal       | 0.432       |
|    reward_collision       | -0.00563    |
|    reward_progress        | 0.074       |
|    reward_zero_visibility | -0.0125     |
|    stray_count            | 0.16        |
|    success_rate           | 0.23        |
|    visibility_ratio       | 0.644       |
| rollout/                  |             |
|    ep_len_mean            | 594         |
|    ep_rew_mean            | 833         |
| time/                     |             |
|    fps                    | 130         |
|    iterations             | 166         |
|    time_elapsed           | 3894        |
|    total_timesteps        | 509952      |
| train/                    |             |
|    approx_kl              | 0.025918825 |
|    clip_fraction          | 0.176       |
|    clip_range             | 0.2         |
|    entropy_loss           | -2.13       |
|    explained_variance     | 0.911       |
|    learning_rate          | 4.66e-05    |
|    loss                   | -0.0059     |
|    n_updates              | 1650        |
|    policy_gradient_loss   | -0.0231     |
|    std                    | 0.703       |
|    value_loss             | 0.0146      |
-------------------------------------------
----------------------------------------
| curriculum/             |            |
|    stage                | 0.33       |
| rollout/                |            |
|    ep_len_mean          | 583        |
|    ep_rew_mean          | 820        |
| time/                   |            |
|    fps                  | 131        |
|    iterations           | 167        |
|    time_elapsed         | 3910       |
|    total_timesteps      | 513024     |
| train/                  |            |
|    approx_kl            | 0.02437083 |
|    clip_fraction        | 0.19       |
|    clip_range           | 0.2        |
|    entropy_loss         | -2.13      |
|    explained_variance   | 0.781      |
|    learning_rate        | 4.5e-05    |
|    loss                 | -0.0613    |
|    n_updates            | 1660       |
|    policy_gradient_loss | -0.0279    |
|    std                  | 0.703      |
|    value_loss           | 0.0216     |
----------------------------------------
[Step   516096] SR=0.260 | FracGoal=0.446 | Ret=813.24 | Vis=0.63 | Prog=0.079 | CollEvt=13.60 | Stage=0.33
------------------------------------------
| curriculum/               |            |
|    stage                  | 0.33       |
| research/                 |            |
|    collision_count        | 36.9       |
|    collision_event_count  | 13.6       |
|    curriculum_stage       | 0.33       |
|    episode_length         | 580        |
|    episode_return         | 813        |
|    fraction_at_goal       | 0.446      |
|    reward_collision       | -0.00549   |
|    reward_progress        | 0.0792     |
|    reward_zero_visibility | -0.0154    |
|    stray_count            | 0.15       |
|    success_rate           | 0.26       |
|    visibility_ratio       | 0.63       |
| rollout/                  |            |
|    ep_len_mean            | 580        |
|    ep_rew_mean            | 813        |
| time/                     |            |
|    fps                    | 131        |
|    iterations             | 168        |
|    time_elapsed           | 3928       |
|    total_timesteps        | 516096     |
| train/                    |            |
|    approx_kl              | 0.02343735 |
|    clip_fraction          | 0.152      |
|    clip_range             | 0.2        |
|    entropy_loss           | -2.13      |
|    explained_variance     | 0.877      |
|    learning_rate          | 4.35e-05   |
|    loss                   | -0.0488    |
|    n_updates              | 1670       |
|    policy_gradient_loss   | -0.0265    |
|    std                    | 0.703      |
|    value_loss             | 0.0214     |
------------------------------------------
----------------------------------------
| curriculum/             |            |
|    stage                | 0.33       |
| rollout/                |            |
|    ep_len_mean          | 573        |
|    ep_rew_mean          | 803        |
| time/                   |            |
|    fps                  | 131        |
|    iterations           | 169        |
|    time_elapsed         | 3938       |
|    total_timesteps      | 519168     |
| train/                  |            |
|    approx_kl            | 0.03076155 |
|    clip_fraction        | 0.186      |
|    clip_range           | 0.2        |
|    entropy_loss         | -2.13      |
|    explained_variance   | 0.823      |
|    learning_rate        | 4.2e-05    |
|    loss                 | -0.0456    |
|    n_updates            | 1680       |
|    policy_gradient_loss | -0.0311    |
|    std                  | 0.703      |
|    value_loss           | 0.0242     |
----------------------------------------
[Step   522240] SR=0.310 | FracGoal=0.462 | Ret=780.79 | Vis=0.64 | Prog=0.085 | CollEvt=15.61 | Stage=0.33
------------------------------------------
| curriculum/               |            |
|    stage                  | 0.33       |
| research/                 |            |
|    collision_count        | 41.3       |
|    collision_event_count  | 15.6       |
|    curriculum_stage       | 0.33       |
|    episode_length         | 559        |
|    episode_return         | 781        |
|    fraction_at_goal       | 0.462      |
|    reward_collision       | -0.00619   |
|    reward_progress        | 0.0846     |
|    reward_zero_visibility | -0.0148    |
|    stray_count            | 0.14       |
|    success_rate           | 0.31       |
|    visibility_ratio       | 0.641      |
| rollout/                  |            |
|    ep_len_mean            | 559        |
|    ep_rew_mean            | 781        |
| time/                     |            |
|    fps                    | 132        |
|    iterations             | 170        |
|    time_elapsed           | 3952       |
|    total_timesteps        | 522240     |
| train/                    |            |
|    approx_kl              | 0.02039069 |
|    clip_fraction          | 0.175      |
|    clip_range             | 0.2        |
|    entropy_loss           | -2.13      |
|    explained_variance     | 0.725      |
|    learning_rate          | 4.04e-05   |
|    loss                   | -0.0644    |
|    n_updates              | 1690       |
|    policy_gradient_loss   | -0.0265    |
|    std                    | 0.703      |
|    value_loss             | 0.039      |
------------------------------------------
[validation @ 525,168] SR=0.267 | FracGoal=0.297 | MeanDist=4.31 | best=0.382
-----------------------------------------
| curriculum/             |             |
|    stage                | 0.33        |
| rollout/                |             |
|    ep_len_mean          | 563         |
|    ep_rew_mean          | 787         |
| time/                   |             |
|    fps                  | 131         |
|    iterations           | 171         |
|    time_elapsed         | 4000        |
|    total_timesteps      | 525312      |
| train/                  |             |
|    approx_kl            | 0.023753889 |
|    clip_fraction        | 0.165       |
|    clip_range           | 0.2         |
|    entropy_loss         | -2.13       |
|    explained_variance   | 0.858       |
|    learning_rate        | 3.89e-05    |
|    loss                 | -0.0253     |
|    n_updates            | 1700        |
|    policy_gradient_loss | -0.0252     |
|    std                  | 0.703       |
|    value_loss           | 0.0608      |
| validation/             |             |
|    episode_length       | 568         |
|    fraction_at_goal     | 0.297       |
|    mean_dist_to_goal    | 4.31        |
|    success_rate         | 0.267       |
-----------------------------------------
[Step   528384] SR=0.280 | FracGoal=0.435 | Ret=799.44 | Vis=0.64 | Prog=0.078 | CollEvt=16.12 | Stage=0.33
-------------------------------------------
| curriculum/               |             |
|    stage                  | 0.33        |
| research/                 |             |
|    collision_count        | 42.5        |
|    collision_event_count  | 16.1        |
|    curriculum_stage       | 0.33        |
|    episode_length         | 572         |
|    episode_return         | 799         |
|    fraction_at_goal       | 0.435       |
|    reward_collision       | -0.00633    |
|    reward_progress        | 0.0779      |
|    reward_zero_visibility | -0.0147     |
|    stray_count            | 0.12        |
|    success_rate           | 0.28        |
|    visibility_ratio       | 0.644       |
| rollout/                  |             |
|    ep_len_mean            | 572         |
|    ep_rew_mean            | 799         |
| time/                     |             |
|    fps                    | 131         |
|    iterations             | 172         |
|    time_elapsed           | 4009        |
|    total_timesteps        | 528384      |
| train/                    |             |
|    approx_kl              | 0.021523373 |
|    clip_fraction          | 0.153       |
|    clip_range             | 0.2         |
|    entropy_loss           | -2.13       |
|    explained_variance     | 0.863       |
|    learning_rate          | 3.73e-05    |
|    loss                   | -0.0506     |
|    n_updates              | 1710        |
|    policy_gradient_loss   | -0.0225     |
|    std                    | 0.703       |
|    value_loss             | 0.0328      |
-------------------------------------------
-----------------------------------------
| curriculum/             |             |
|    stage                | 0.33        |
| rollout/                |             |
|    ep_len_mean          | 576         |
|    ep_rew_mean          | 802         |
| time/                   |             |
|    fps                  | 132         |
|    iterations           | 173         |
|    time_elapsed         | 4020        |
|    total_timesteps      | 531456      |
| train/                  |             |
|    approx_kl            | 0.022849115 |
|    clip_fraction        | 0.17        |
|    clip_range           | 0.2         |
|    entropy_loss         | -2.13       |
|    explained_variance   | 0.864       |
|    learning_rate        | 3.58e-05    |
|    loss                 | -0.0505     |
|    n_updates            | 1720        |
|    policy_gradient_loss | -0.0247     |
|    std                  | 0.703       |
|    value_loss           | 0.0182      |
-----------------------------------------
[Step   534528] SR=0.290 | FracGoal=0.437 | Ret=796.54 | Vis=0.65 | Prog=0.079 | CollEvt=16.95 | Stage=0.33
-------------------------------------------
| curriculum/               |             |
|    stage                  | 0.33        |
| research/                 |             |
|    collision_count        | 46.7        |
|    collision_event_count  | 17          |
|    curriculum_stage       | 0.33        |
|    episode_length         | 571         |
|    episode_return         | 797         |
|    fraction_at_goal       | 0.437       |
|    reward_collision       | -0.00672    |
|    reward_progress        | 0.0794      |
|    reward_zero_visibility | -0.015      |
|    stray_count            | 0.14        |
|    success_rate           | 0.29        |
|    visibility_ratio       | 0.648       |
| rollout/                  |             |
|    ep_len_mean            | 571         |
|    ep_rew_mean            | 797         |
| time/                     |             |
|    fps                    | 132         |
|    iterations             | 174         |
|    time_elapsed           | 4036        |
|    total_timesteps        | 534528      |
| train/                    |             |
|    approx_kl              | 0.016907755 |
|    clip_fraction          | 0.141       |
|    clip_range             | 0.2         |
|    entropy_loss           | -2.13       |
|    explained_variance     | 0.907       |
|    learning_rate          | 3.43e-05    |
|    loss                   | -0.0529     |
|    n_updates              | 1730        |
|    policy_gradient_loss   | -0.0258     |
|    std                    | 0.703       |
|    value_loss             | 0.0199      |
-------------------------------------------
-----------------------------------------
| curriculum/             |             |
|    stage                | 0.33        |
| rollout/                |             |
|    ep_len_mean          | 578         |
|    ep_rew_mean          | 804         |
| time/                   |             |
|    fps                  | 132         |
|    iterations           | 175         |
|    time_elapsed         | 4050        |
|    total_timesteps      | 537600      |
| train/                  |             |
|    approx_kl            | 0.020695698 |
|    clip_fraction        | 0.137       |
|    clip_range           | 0.2         |
|    entropy_loss         | -2.13       |
|    explained_variance   | 0.742       |
|    learning_rate        | 3.27e-05    |
|    loss                 | -0.036      |
|    n_updates            | 1740        |
|    policy_gradient_loss | -0.03       |
|    std                  | 0.702       |
|    value_loss           | 0.0523      |
-----------------------------------------
[Step   540672] SR=0.280 | FracGoal=0.427 | Ret=806.48 | Vis=0.65 | Prog=0.074 | CollEvt=18.33 | Stage=0.33
-------------------------------------------
| curriculum/               |             |
|    stage                  | 0.33        |
| research/                 |             |
|    collision_count        | 52.4        |
|    collision_event_count  | 18.3        |
|    curriculum_stage       | 0.33        |
|    episode_length         | 578         |
|    episode_return         | 806         |
|    fraction_at_goal       | 0.427       |
|    reward_collision       | -0.00729    |
|    reward_progress        | 0.0739      |
|    reward_zero_visibility | -0.0148     |
|    stray_count            | 0.15        |
|    success_rate           | 0.28        |
|    visibility_ratio       | 0.649       |
| rollout/                  |             |
|    ep_len_mean            | 578         |
|    ep_rew_mean            | 806         |
| time/                     |             |
|    fps                    | 133         |
|    iterations             | 176         |
|    time_elapsed           | 4060        |
|    total_timesteps        | 540672      |
| train/                    |             |
|    approx_kl              | 0.018995492 |
|    clip_fraction          | 0.15        |
|    clip_range             | 0.2         |
|    entropy_loss           | -2.13       |
|    explained_variance     | 0.874       |
|    learning_rate          | 3.12e-05    |
|    loss                   | -0.0401     |
|    n_updates              | 1750        |
|    policy_gradient_loss   | -0.0224     |
|    std                    | 0.702       |
|    value_loss             | 0.0112      |
-------------------------------------------
-----------------------------------------
| curriculum/             |             |
|    stage                | 0.33        |
| rollout/                |             |
|    ep_len_mean          | 578         |
|    ep_rew_mean          | 807         |
| time/                   |             |
|    fps                  | 133         |
|    iterations           | 177         |
|    time_elapsed         | 4077        |
|    total_timesteps      | 543744      |
| train/                  |             |
|    approx_kl            | 0.020408656 |
|    clip_fraction        | 0.149       |
|    clip_range           | 0.2         |
|    entropy_loss         | -2.13       |
|    explained_variance   | 0.9         |
|    learning_rate        | 2.97e-05    |
|    loss                 | -0.035      |
|    n_updates            | 1760        |
|    policy_gradient_loss | -0.023      |
|    std                  | 0.702       |
|    value_loss           | 0.00643     |
-----------------------------------------
[Step   546816] SR=0.310 | FracGoal=0.464 | Ret=804.91 | Vis=0.66 | Prog=0.074 | CollEvt=16.24 | Stage=0.33
-------------------------------------------
| curriculum/               |             |
|    stage                  | 0.33        |
| research/                 |             |
|    collision_count        | 47          |
|    collision_event_count  | 16.2        |
|    curriculum_stage       | 0.33        |
|    episode_length         | 572         |
|    episode_return         | 805         |
|    fraction_at_goal       | 0.464       |
|    reward_collision       | -0.00669    |
|    reward_progress        | 0.0743      |
|    reward_zero_visibility | -0.0146     |
|    stray_count            | 0.14        |
|    success_rate           | 0.31        |
|    visibility_ratio       | 0.658       |
| rollout/                  |             |
|    ep_len_mean            | 572         |
|    ep_rew_mean            | 805         |
| time/                     |             |
|    fps                    | 133         |
|    iterations             | 178         |
|    time_elapsed           | 4087        |
|    total_timesteps        | 546816      |
| train/                    |             |
|    approx_kl              | 0.018770415 |
|    clip_fraction          | 0.146       |
|    clip_range             | 0.2         |
|    entropy_loss           | -2.13       |
|    explained_variance     | 0.898       |
|    learning_rate          | 2.81e-05    |
|    loss                   | -0.0526     |
|    n_updates              | 1770        |
|    policy_gradient_loss   | -0.028      |
|    std                    | 0.702       |
|    value_loss             | 0.0218      |
-------------------------------------------
-----------------------------------------
| curriculum/             |             |
|    stage                | 0.33        |
| rollout/                |             |
|    ep_len_mean          | 566         |
|    ep_rew_mean          | 798         |
| time/                   |             |
|    fps                  | 133         |
|    iterations           | 179         |
|    time_elapsed         | 4107        |
|    total_timesteps      | 549888      |
| train/                  |             |
|    approx_kl            | 0.011051214 |
|    clip_fraction        | 0.0946      |
|    clip_range           | 0.2         |
|    entropy_loss         | -2.13       |
|    explained_variance   | 0.651       |
|    learning_rate        | 2.66e-05    |
|    loss                 | -0.0531     |
|    n_updates            | 1780        |
|    policy_gradient_loss | -0.0206     |
|    std                  | 0.702       |
|    value_loss           | 0.0794      |
-----------------------------------------
[validation @ 550,176] SR=0.267 | FracGoal=0.338 | MeanDist=4.06 | best=0.382
[Step   552960] SR=0.330 | FracGoal=0.494 | Ret=800.85 | Vis=0.65 | Prog=0.075 | CollEvt=17.66 | Stage=0.33
-------------------------------------------
| curriculum/               |             |
|    stage                  | 0.33        |
| research/                 |             |
|    collision_count        | 49.6        |
|    collision_event_count  | 17.7        |
|    curriculum_stage       | 0.33        |
|    episode_length         | 567         |
|    episode_return         | 801         |
|    fraction_at_goal       | 0.494       |
|    reward_collision       | -0.00723    |
|    reward_progress        | 0.0751      |
|    reward_zero_visibility | -0.0148     |
|    stray_count            | 0.14        |
|    success_rate           | 0.33        |
|    visibility_ratio       | 0.653       |
| rollout/                  |             |
|    ep_len_mean            | 567         |
|    ep_rew_mean            | 801         |
| time/                     |             |
|    fps                    | 133         |
|    iterations             | 180         |
|    time_elapsed           | 4149        |
|    total_timesteps        | 552960      |
| train/                    |             |
|    approx_kl              | 0.013183327 |
|    clip_fraction          | 0.131       |
|    clip_range             | 0.2         |
|    entropy_loss           | -2.12       |
|    explained_variance     | 0.87        |
|    learning_rate          | 2.51e-05    |
|    loss                   | -0.0331     |
|    n_updates              | 1790        |
|    policy_gradient_loss   | -0.0227     |
|    std                    | 0.701       |
|    value_loss             | 0.0231      |
| validation/               |             |
|    episode_length         | 601         |
|    fraction_at_goal       | 0.338       |
|    mean_dist_to_goal      | 4.06        |
|    success_rate           | 0.267       |
-------------------------------------------
-----------------------------------------
| curriculum/             |             |
|    stage                | 0.33        |
| rollout/                |             |
|    ep_len_mean          | 571         |
|    ep_rew_mean          | 804         |
| time/                   |             |
|    fps                  | 133         |
|    iterations           | 181         |
|    time_elapsed         | 4157        |
|    total_timesteps      | 556032      |
| train/                  |             |
|    approx_kl            | 0.013834194 |
|    clip_fraction        | 0.116       |
|    clip_range           | 0.2         |
|    entropy_loss         | -2.12       |
|    explained_variance   | 0.762       |
|    learning_rate        | 2.35e-05    |
|    loss                 | -0.0316     |
|    n_updates            | 1800        |
|    policy_gradient_loss | -0.023      |
|    std                  | 0.701       |
|    value_loss           | 0.0408      |
-----------------------------------------
[Step   559104] SR=0.340 | FracGoal=0.495 | Ret=790.93 | Vis=0.66 | Prog=0.074 | CollEvt=16.98 | Stage=0.33
------------------------------------------
| curriculum/               |            |
|    stage                  | 0.33       |
| research/                 |            |
|    collision_count        | 47.5       |
|    collision_event_count  | 17         |
|    curriculum_stage       | 0.33       |
|    episode_length         | 563        |
|    episode_return         | 791        |
|    fraction_at_goal       | 0.495      |
|    reward_collision       | -0.00705   |
|    reward_progress        | 0.074      |
|    reward_zero_visibility | -0.0136    |
|    stray_count            | 0.13       |
|    success_rate           | 0.34       |
|    visibility_ratio       | 0.656      |
| rollout/                  |            |
|    ep_len_mean            | 563        |
|    ep_rew_mean            | 791        |
| time/                     |            |
|    fps                    | 134        |
|    iterations             | 182        |
|    time_elapsed           | 4171       |
|    total_timesteps        | 559104     |
| train/                    |            |
|    approx_kl              | 0.01576942 |
|    clip_fraction          | 0.117      |
|    clip_range             | 0.2        |
|    entropy_loss           | -2.12      |
|    explained_variance     | 0.747      |
|    learning_rate          | 2.2e-05    |
|    loss                   | 0.00353    |
|    n_updates              | 1810       |
|    policy_gradient_loss   | -0.0278    |
|    std                    | 0.701      |
|    value_loss             | 0.0574     |
------------------------------------------
-----------------------------------------
| curriculum/             |             |
|    stage                | 0.33        |
| rollout/                |             |
|    ep_len_mean          | 565         |
|    ep_rew_mean          | 793         |
| time/                   |             |
|    fps                  | 134         |
|    iterations           | 183         |
|    time_elapsed         | 4187        |
|    total_timesteps      | 562176      |
| train/                  |             |
|    approx_kl            | 0.018814972 |
|    clip_fraction        | 0.112       |
|    clip_range           | 0.2         |
|    entropy_loss         | -2.12       |
|    explained_variance   | 0.838       |
|    learning_rate        | 2.04e-05    |
|    loss                 | -0.0505     |
|    n_updates            | 1820        |
|    policy_gradient_loss | -0.0194     |
|    std                  | 0.701       |
|    value_loss           | 0.046       |
-----------------------------------------
Adaptive curriculum advanced to stage 0.66 at timestep 565,104
[Step   565248] SR=0.350 | FracGoal=0.508 | Ret=796.51 | Vis=0.67 | Prog=0.074 | CollEvt=17.65 | Stage=0.40
-------------------------------------------
| curriculum/               |             |
|    stage                  | 0.66        |
| research/                 |             |
|    collision_count        | 49.3        |
|    collision_event_count  | 17.6        |
|    curriculum_stage       | 0.396       |
|    episode_length         | 562         |
|    episode_return         | 797         |
|    fraction_at_goal       | 0.508       |
|    reward_collision       | -0.00757    |
|    reward_progress        | 0.0738      |
|    reward_zero_visibility | -0.00965    |
|    stray_count            | 0.06        |
|    success_rate           | 0.35        |
|    visibility_ratio       | 0.669       |
| rollout/                  |             |
|    ep_len_mean            | 562         |
|    ep_rew_mean            | 797         |
| time/                     |             |
|    fps                    | 134         |
|    iterations             | 184         |
|    time_elapsed           | 4195        |
|    total_timesteps        | 565248      |
| train/                    |             |
|    approx_kl              | 0.021119041 |
|    clip_fraction          | 0.108       |
|    clip_range             | 0.2         |
|    entropy_loss           | -2.12       |
|    explained_variance     | 0.771       |
|    learning_rate          | 1.89e-05    |
|    loss                   | 0.0102      |
|    n_updates              | 1830        |
|    policy_gradient_loss   | -0.0201     |
|    std                    | 0.701       |
|    value_loss             | 0.0349      |
-------------------------------------------
----------------------------------------
| curriculum/             |            |
|    stage                | 0.66       |
| rollout/                |            |
|    ep_len_mean          | 567        |
|    ep_rew_mean          | 804        |
| time/                   |            |
|    fps                  | 134        |
|    iterations           | 185        |
|    time_elapsed         | 4212       |
|    total_timesteps      | 568320     |
| train/                  |            |
|    approx_kl            | 0.01235221 |
|    clip_fraction        | 0.107      |
|    clip_range           | 0.2        |
|    entropy_loss         | -2.12      |
|    explained_variance   | 0.8        |
|    learning_rate        | 1.74e-05   |
|    loss                 | -0.0456    |
|    n_updates            | 1840       |
|    policy_gradient_loss | -0.0199    |
|    std                  | 0.701      |
|    value_loss           | 0.0235     |
----------------------------------------
[Step   571392] SR=0.340 | FracGoal=0.506 | Ret=804.80 | Vis=0.67 | Prog=0.076 | CollEvt=17.36 | Stage=0.66
------------------------------------------
| curriculum/               |            |
|    stage                  | 0.66       |
| research/                 |            |
|    collision_count        | 48.5       |
|    collision_event_count  | 17.4       |
|    curriculum_stage       | 0.66       |
|    episode_length         | 567        |
|    episode_return         | 805        |
|    fraction_at_goal       | 0.506      |
|    reward_collision       | -0.00729   |
|    reward_progress        | 0.076      |
|    reward_zero_visibility | -0.00944   |
|    stray_count            | 0.05       |
|    success_rate           | 0.34       |
|    visibility_ratio       | 0.666      |
| rollout/                  |            |
|    ep_len_mean            | 567        |
|    ep_rew_mean            | 805        |
| time/                     |            |
|    fps                    | 135        |
|    iterations             | 186        |
|    time_elapsed           | 4230       |
|    total_timesteps        | 571392     |
| train/                    |            |
|    approx_kl              | 0.01523171 |
|    clip_fraction          | 0.0908     |
|    clip_range             | 0.2        |
|    entropy_loss           | -2.12      |
|    explained_variance     | 0.717      |
|    learning_rate          | 1.58e-05   |
|    loss                   | -0.036     |
|    n_updates              | 1850       |
|    policy_gradient_loss   | -0.0226    |
|    std                    | 0.701      |
|    value_loss             | 0.0791     |
------------------------------------------
-----------------------------------------
| curriculum/             |             |
|    stage                | 0.66        |
| rollout/                |             |
|    ep_len_mean          | 576         |
|    ep_rew_mean          | 813         |
| time/                   |             |
|    fps                  | 135         |
|    iterations           | 187         |
|    time_elapsed         | 4239        |
|    total_timesteps      | 574464      |
| train/                  |             |
|    approx_kl            | 0.010613796 |
|    clip_fraction        | 0.084       |
|    clip_range           | 0.2         |
|    entropy_loss         | -2.12       |
|    explained_variance   | 0.863       |
|    learning_rate        | 1.43e-05    |
|    loss                 | -0.0299     |
|    n_updates            | 1860        |
|    policy_gradient_loss | -0.0191     |
|    std                  | 0.7         |
|    value_loss           | 0.0263      |
-----------------------------------------
[validation @ 575,184] SR=0.200 | FracGoal=0.330 | MeanDist=3.71 | best=0.382
[Step   577536] SR=0.290 | FracGoal=0.464 | Ret=822.24 | Vis=0.67 | Prog=0.070 | CollEvt=17.37 | Stage=0.66
-------------------------------------------
| curriculum/               |             |
|    stage                  | 0.66        |
| research/                 |             |
|    collision_count        | 48.5        |
|    collision_event_count  | 17.4        |
|    curriculum_stage       | 0.66        |
|    episode_length         | 586         |
|    episode_return         | 822         |
|    fraction_at_goal       | 0.464       |
|    reward_collision       | -0.00718    |
|    reward_progress        | 0.0703      |
|    reward_zero_visibility | -0.0108     |
|    stray_count            | 0.08        |
|    success_rate           | 0.29        |
|    visibility_ratio       | 0.666       |
| rollout/                  |             |
|    ep_len_mean            | 586         |
|    ep_rew_mean            | 822         |
| time/                     |             |
|    fps                    | 134         |
|    iterations             | 188         |
|    time_elapsed           | 4287        |
|    total_timesteps        | 577536      |
| train/                    |             |
|    approx_kl              | 0.010860774 |
|    clip_fraction          | 0.0852      |
|    clip_range             | 0.2         |
|    entropy_loss           | -2.12       |
|    explained_variance     | 0.96        |
|    learning_rate          | 1.28e-05    |
|    loss                   | -0.0351     |
|    n_updates              | 1870        |
|    policy_gradient_loss   | -0.0206     |
|    std                    | 0.7         |
|    value_loss             | 0.0106      |
| validation/               |             |
|    episode_length         | 619         |
|    fraction_at_goal       | 0.33        |
|    mean_dist_to_goal      | 3.71        |
|    success_rate           | 0.2         |
-------------------------------------------
-----------------------------------------
| curriculum/             |             |
|    stage                | 0.66        |
| rollout/                |             |
|    ep_len_mean          | 579         |
|    ep_rew_mean          | 813         |
| time/                   |             |
|    fps                  | 134         |
|    iterations           | 189         |
|    time_elapsed         | 4302        |
|    total_timesteps      | 580608      |
| train/                  |             |
|    approx_kl            | 0.007450871 |
|    clip_fraction        | 0.0495      |
|    clip_range           | 0.2         |
|    entropy_loss         | -2.12       |
|    explained_variance   | 0.828       |
|    learning_rate        | 1.12e-05    |
|    loss                 | -0.0135     |
|    n_updates            | 1880        |
|    policy_gradient_loss | -0.0179     |
|    std                  | 0.7         |
|    value_loss           | 0.0581      |
-----------------------------------------
[Step   583680] SR=0.290 | FracGoal=0.457 | Ret=819.56 | Vis=0.65 | Prog=0.066 | CollEvt=16.66 | Stage=0.66
-------------------------------------------
| curriculum/               |             |
|    stage                  | 0.66        |
| research/                 |             |
|    collision_count        | 46.1        |
|    collision_event_count  | 16.7        |
|    curriculum_stage       | 0.66        |
|    episode_length         | 592         |
|    episode_return         | 820         |
|    fraction_at_goal       | 0.457       |
|    reward_collision       | -0.0069     |
|    reward_progress        | 0.0661      |
|    reward_zero_visibility | -0.0137     |
|    stray_count            | 0.08        |
|    success_rate           | 0.29        |
|    visibility_ratio       | 0.65        |
| rollout/                  |             |
|    ep_len_mean            | 592         |
|    ep_rew_mean            | 820         |
| time/                     |             |
|    fps                    | 135         |
|    iterations             | 190         |
|    time_elapsed           | 4312        |
|    total_timesteps        | 583680      |
| train/                    |             |
|    approx_kl              | 0.008583988 |
|    clip_fraction          | 0.0747      |
|    clip_range             | 0.2         |
|    entropy_loss           | -2.12       |
|    explained_variance     | 0.752       |
|    learning_rate          | 9.7e-06     |
|    loss                   | -0.0286     |
|    n_updates              | 1890        |
|    policy_gradient_loss   | -0.0155     |
|    std                    | 0.7         |
|    value_loss             | 0.0612      |
-------------------------------------------
------------------------------------------
| curriculum/             |              |
|    stage                | 0.66         |
| rollout/                |              |
|    ep_len_mean          | 589          |
|    ep_rew_mean          | 809          |
| time/                   |              |
|    fps                  | 135          |
|    iterations           | 191          |
|    time_elapsed         | 4325         |
|    total_timesteps      | 586752       |
| train/                  |              |
|    approx_kl            | 0.0071985284 |
|    clip_fraction        | 0.0529       |
|    clip_range           | 0.2          |
|    entropy_loss         | -2.12        |
|    explained_variance   | 0.819        |
|    learning_rate        | 8.16e-06     |
|    loss                 | -0.0368      |
|    n_updates            | 1900         |
|    policy_gradient_loss | -0.0145      |
|    std                  | 0.7          |
|    value_loss           | 0.0444       |
------------------------------------------
[Step   589824] SR=0.300 | FracGoal=0.464 | Ret=806.98 | Vis=0.66 | Prog=0.066 | CollEvt=19.09 | Stage=0.66
-------------------------------------------
| curriculum/               |             |
|    stage                  | 0.66        |
| research/                 |             |
|    collision_count        | 50.7        |
|    collision_event_count  | 19.1        |
|    curriculum_stage       | 0.66        |
|    episode_length         | 586         |
|    episode_return         | 807         |
|    fraction_at_goal       | 0.464       |
|    reward_collision       | -0.00768    |
|    reward_progress        | 0.0661      |
|    reward_zero_visibility | -0.0134     |
|    stray_count            | 0.07        |
|    success_rate           | 0.3         |
|    visibility_ratio       | 0.657       |
| rollout/                  |             |
|    ep_len_mean            | 586         |
|    ep_rew_mean            | 807         |
| time/                     |             |
|    fps                    | 135         |
|    iterations             | 192         |
|    time_elapsed           | 4339        |
|    total_timesteps        | 589824      |
| train/                    |             |
|    approx_kl              | 0.007563533 |
|    clip_fraction          | 0.0517      |
|    clip_range             | 0.2         |
|    entropy_loss           | -2.12       |
|    explained_variance     | 0.744       |
|    learning_rate          | 6.62e-06    |
|    loss                   | -0.0106     |
|    n_updates              | 1910        |
|    policy_gradient_loss   | -0.011      |
|    std                    | 0.701       |
|    value_loss             | 0.0325      |
-------------------------------------------
Adaptive curriculum fell back to stage 0.33 at timestep 590,112
-----------------------------------------
| curriculum/             |             |
|    stage                | 0.33        |
| rollout/                |             |
|    ep_len_mean          | 595         |
|    ep_rew_mean          | 816         |
| time/                   |             |
|    fps                  | 136         |
|    iterations           | 193         |
|    time_elapsed         | 4352        |
|    total_timesteps      | 592896      |
| train/                  |             |
|    approx_kl            | 0.005502229 |
|    clip_fraction        | 0.034       |
|    clip_range           | 0.2         |
|    entropy_loss         | -2.12       |
|    explained_variance   | 0.637       |
|    learning_rate        | 5.09e-06    |
|    loss                 | 0.0646      |
|    n_updates            | 1920        |
|    policy_gradient_loss | -0.0123     |
|    std                  | 0.7         |
|    value_loss           | 0.067       |
-----------------------------------------
[Step   595968] SR=0.260 | FracGoal=0.419 | Ret=806.52 | Vis=0.65 | Prog=0.059 | CollEvt=20.44 | Stage=0.33
--------------------------------------------
| curriculum/               |              |
|    stage                  | 0.33         |
| research/                 |              |
|    collision_count        | 53.5         |
|    collision_event_count  | 20.4         |
|    curriculum_stage       | 0.33         |
|    episode_length         | 601          |
|    episode_return         | 807          |
|    fraction_at_goal       | 0.419        |
|    reward_collision       | -0.00808     |
|    reward_progress        | 0.0595       |
|    reward_zero_visibility | -0.0163      |
|    stray_count            | 0.09         |
|    success_rate           | 0.26         |
|    visibility_ratio       | 0.653        |
| rollout/                  |              |
|    ep_len_mean            | 601          |
|    ep_rew_mean            | 807          |
| time/                     |              |
|    fps                    | 136          |
|    iterations             | 194          |
|    time_elapsed           | 4363         |
|    total_timesteps        | 595968       |
| train/                    |              |
|    approx_kl              | 0.0057433983 |
|    clip_fraction          | 0.0253       |
|    clip_range             | 0.2          |
|    entropy_loss           | -2.12        |
|    explained_variance     | 0.863        |
|    learning_rate          | 3.55e-06     |
|    loss                   | -0.0165      |
|    n_updates              | 1930         |
|    policy_gradient_loss   | -0.00916     |
|    std                    | 0.7          |
|    value_loss             | 0.0373       |
--------------------------------------------
------------------------------------------
| curriculum/             |              |
|    stage                | 0.33         |
| rollout/                |              |
|    ep_len_mean          | 597          |
|    ep_rew_mean          | 796          |
| time/                   |              |
|    fps                  | 136          |
|    iterations           | 195          |
|    time_elapsed         | 4378         |
|    total_timesteps      | 599040       |
| train/                  |              |
|    approx_kl            | 0.0027481439 |
|    clip_fraction        | 0.00658      |
|    clip_range           | 0.2          |
|    entropy_loss         | -2.12        |
|    explained_variance   | 0.846        |
|    learning_rate        | 2.02e-06     |
|    loss                 | -0.0136      |
|    n_updates            | 1940         |
|    policy_gradient_loss | -0.00635     |
|    std                  | 0.7          |
|    value_loss           | 0.0481       |
------------------------------------------
[validation @ 600,192] SR=0.300 | FracGoal=0.410 | MeanDist=3.34 | best=0.410
[Step   602112] SR=0.280 | FracGoal=0.423 | Ret=793.60 | Vis=0.64 | Prog=0.060 | CollEvt=20.15 | Stage=0.33
--------------------------------------------
| curriculum/               |              |
|    stage                  | 0.33         |
| research/                 |              |
|    collision_count        | 50.2         |
|    collision_event_count  | 20.1         |
|    curriculum_stage       | 0.33         |
|    episode_length         | 596          |
|    episode_return         | 794          |
|    fraction_at_goal       | 0.423        |
|    reward_collision       | -0.00792     |
|    reward_progress        | 0.0595       |
|    reward_zero_visibility | -0.0163      |
|    stray_count            | 0.12         |
|    success_rate           | 0.28         |
|    visibility_ratio       | 0.642        |
| rollout/                  |              |
|    ep_len_mean            | 596          |
|    ep_rew_mean            | 794          |
| time/                     |              |
|    fps                    | 136          |
|    iterations             | 196          |
|    time_elapsed           | 4424         |
|    total_timesteps        | 602112       |
| train/                    |              |
|    approx_kl              | 0.0001917463 |
|    clip_fraction          | 0            |
|    clip_range             | 0.2          |
|    entropy_loss           | -2.12        |
|    explained_variance     | 0.863        |
|    learning_rate          | 4.8e-07      |
|    loss                   | -0.00778     |
|    n_updates              | 1950         |
|    policy_gradient_loss   | -0.00181     |
|    std                    | 0.701        |
|    value_loss             | 0.0288       |
| validation/               |              |
|    episode_length         | 579          |
|    fraction_at_goal       | 0.41         |
|    mean_dist_to_goal      | 3.34         |
|    success_rate           | 0.3          |
--------------------------------------------

[warning] The curriculum finished at stage 0.33 (< 1.0). Earlier stages narrow the obstacle topologies and shrink the dynamics ranges, so this run trained on less randomization than the config asks for. Check curriculum.fraction_per_stage in this metadata file, then loosen training.curriculum.stages or train for longer.

Saved model to models/research_v3/recurrent/recurrent_seed0.zip
