TensorBoard is not installed; continuing without tensorboard logging.
Using cpu device
========================================================================
  Shepherding RL v3 – Recurrent PPO
  Run name         : recurrent_seed1
  Seed             : 1
  Scenario         : train
  Parallel envs    : 12
  Total timesteps  : 600,000
========================================================================
---------------------------------
| curriculum/        |          |
|    stage           | 0        |
| time/              |          |
|    fps             | 856      |
|    iterations      | 1        |
|    time_elapsed    | 3        |
|    total_timesteps | 3072     |
---------------------------------
-----------------------------------------
| curriculum/             |             |
|    stage                | 0           |
| time/                   |             |
|    fps                  | 174         |
|    iterations           | 2           |
|    time_elapsed         | 35          |
|    total_timesteps      | 6144        |
| train/                  |             |
|    approx_kl            | 0.006186322 |
|    clip_fraction        | 0.0373      |
|    clip_range           | 0.2         |
|    entropy_loss         | -2.83       |
|    explained_variance   | 0.0159      |
|    learning_rate        | 0.000298    |
|    loss                 | 0.118       |
|    n_updates            | 10          |
|    policy_gradient_loss | -0.00396    |
|    std                  | 0.994       |
|    value_loss           | 1.09        |
-----------------------------------------
-----------------------------------------
| curriculum/             |             |
|    stage                | 0           |
| rollout/                |             |
|    ep_len_mean          | 700         |
|    ep_rew_mean          | 606         |
| time/                   |             |
|    fps                  | 238         |
|    iterations           | 3           |
|    time_elapsed         | 38          |
|    total_timesteps      | 9216        |
| train/                  |             |
|    approx_kl            | 0.010390345 |
|    clip_fraction        | 0.104       |
|    clip_range           | 0.2         |
|    entropy_loss         | -2.82       |
|    explained_variance   | 0.548       |
|    learning_rate        | 0.000297    |
|    loss                 | 0.00364     |
|    n_updates            | 20          |
|    policy_gradient_loss | -0.0153     |
|    std                  | 0.985       |
|    value_loss           | 0.0788      |
-----------------------------------------
[Step    12288] SR=0.000 | FracGoal=0.058 | Ret=605.80 | Vis=0.28 | Prog=0.017 | CollEvt=46.67 | Stage=0.00
-------------------------------------------
| curriculum/               |             |
|    stage                  | 0           |
| research/                 |             |
|    collision_count        | 92.3        |
|    collision_event_count  | 46.7        |
|    curriculum_stage       | 0           |
|    episode_length         | 700         |
|    episode_return         | 606         |
|    fraction_at_goal       | 0.0583      |
|    reward_collision       | -0.0153     |
|    reward_progress        | 0.0167      |
|    reward_zero_visibility | -0.141      |
|    stray_count            | 0.0833      |
|    success_rate           | 0           |
|    visibility_ratio       | 0.282       |
| rollout/                  |             |
|    ep_len_mean            | 700         |
|    ep_rew_mean            | 606         |
| time/                     |             |
|    fps                    | 196         |
|    iterations             | 4           |
|    time_elapsed           | 62          |
|    total_timesteps        | 12288       |
| train/                    |             |
|    approx_kl              | 0.011546773 |
|    clip_fraction          | 0.127       |
|    clip_range             | 0.2         |
|    entropy_loss           | -2.8        |
|    explained_variance     | 0.554       |
|    learning_rate          | 0.000295    |
|    loss                   | -0.0367     |
|    n_updates              | 30          |
|    policy_gradient_loss   | -0.0179     |
|    std                    | 0.972       |
|    value_loss             | 0.0456      |
-------------------------------------------
-----------------------------------------
| curriculum/             |             |
|    stage                | 0           |
| rollout/                |             |
|    ep_len_mean          | 700         |
|    ep_rew_mean          | 606         |
| time/                   |             |
|    fps                  | 232         |
|    iterations           | 5           |
|    time_elapsed         | 65          |
|    total_timesteps      | 15360       |
| train/                  |             |
|    approx_kl            | 0.019207653 |
|    clip_fraction        | 0.169       |
|    clip_range           | 0.2         |
|    entropy_loss         | -2.77       |
|    explained_variance   | 0.71        |
|    learning_rate        | 0.000294    |
|    loss                 | -0.0333     |
|    n_updates            | 40          |
|    policy_gradient_loss | -0.0193     |
|    std                  | 0.964       |
|    value_loss           | 0.0454      |
-----------------------------------------
[Step    18432] SR=0.042 | FracGoal=0.117 | Ret=611.39 | Vis=0.37 | Prog=0.022 | CollEvt=50.00 | Stage=0.00
-------------------------------------------
| curriculum/               |             |
|    stage                  | 0           |
| research/                 |             |
|    collision_count        | 117         |
|    collision_event_count  | 50          |
|    curriculum_stage       | 0           |
|    episode_length         | 696         |
|    episode_return         | 611         |
|    fraction_at_goal       | 0.117       |
|    reward_collision       | -0.0172     |
|    reward_progress        | 0.0215      |
|    reward_zero_visibility | -0.118      |
|    stray_count            | 0.333       |
|    success_rate           | 0.0417      |
|    visibility_ratio       | 0.373       |
| rollout/                  |             |
|    ep_len_mean            | 696         |
|    ep_rew_mean            | 611         |
| time/                     |             |
|    fps                    | 265         |
|    iterations             | 6           |
|    time_elapsed           | 69          |
|    total_timesteps        | 18432       |
| train/                    |             |
|    approx_kl              | 0.015125655 |
|    clip_fraction          | 0.149       |
|    clip_range             | 0.2         |
|    entropy_loss           | -2.76       |
|    explained_variance     | 0.636       |
|    learning_rate          | 0.000292    |
|    loss                   | -0.0204     |
|    n_updates              | 50          |
|    policy_gradient_loss   | -0.0188     |
|    std                    | 0.956       |
|    value_loss             | 0.0563      |
-------------------------------------------
-----------------------------------------
| curriculum/             |             |
|    stage                | 0           |
| rollout/                |             |
|    ep_len_mean          | 696         |
|    ep_rew_mean          | 611         |
| time/                   |             |
|    fps                  | 243         |
|    iterations           | 7           |
|    time_elapsed         | 88          |
|    total_timesteps      | 21504       |
| train/                  |             |
|    approx_kl            | 0.017869208 |
|    clip_fraction        | 0.192       |
|    clip_range           | 0.2         |
|    entropy_loss         | -2.75       |
|    explained_variance   | 0.657       |
|    learning_rate        | 0.000291    |
|    loss                 | -0.0389     |
|    n_updates            | 60          |
|    policy_gradient_loss | -0.0226     |
|    std                  | 0.954       |
|    value_loss           | 0.0455      |
-----------------------------------------
[Step    24576] SR=0.077 | FracGoal=0.146 | Ret=621.13 | Vis=0.38 | Prog=0.022 | CollEvt=51.08 | Stage=0.00
-------------------------------------------
| curriculum/               |             |
|    stage                  | 0           |
| research/                 |             |
|    collision_count        | 120         |
|    collision_event_count  | 51.1        |
|    curriculum_stage       | 0           |
|    episode_length         | 694         |
|    episode_return         | 621         |
|    fraction_at_goal       | 0.146       |
|    reward_collision       | -0.0178     |
|    reward_progress        | 0.0224      |
|    reward_zero_visibility | -0.116      |
|    stray_count            | 0.308       |
|    success_rate           | 0.0769      |
|    visibility_ratio       | 0.383       |
| rollout/                  |             |
|    ep_len_mean            | 694         |
|    ep_rew_mean            | 621         |
| time/                     |             |
|    fps                    | 269         |
|    iterations             | 8           |
|    time_elapsed           | 91          |
|    total_timesteps        | 24576       |
| train/                    |             |
|    approx_kl              | 0.016276143 |
|    clip_fraction          | 0.161       |
|    clip_range             | 0.2         |
|    entropy_loss           | -2.73       |
|    explained_variance     | 0.744       |
|    learning_rate          | 0.000289    |
|    loss                   | -0.0319     |
|    n_updates              | 70          |
|    policy_gradient_loss   | -0.0202     |
|    std                    | 0.946       |
|    value_loss             | 0.0529      |
-------------------------------------------
[validation @ 25,008] SR=0.067 | FracGoal=0.089 | MeanDist=7.70 | best=0.089
-----------------------------------------
| curriculum/             |             |
|    stage                | 0           |
| rollout/                |             |
|    ep_len_mean          | 681         |
|    ep_rew_mean          | 630         |
| time/                   |             |
|    fps                  | 204         |
|    iterations           | 9           |
|    time_elapsed         | 134         |
|    total_timesteps      | 27648       |
| train/                  |             |
|    approx_kl            | 0.021546762 |
|    clip_fraction        | 0.205       |
|    clip_range           | 0.2         |
|    entropy_loss         | -2.72       |
|    explained_variance   | 0.89        |
|    learning_rate        | 0.000288    |
|    loss                 | -0.0416     |
|    n_updates            | 80          |
|    policy_gradient_loss | -0.0184     |
|    std                  | 0.939       |
|    value_loss           | 0.0452      |
| validation/             |             |
|    episode_length       | 661         |
|    fraction_at_goal     | 0.089       |
|    mean_dist_to_goal    | 7.7         |
|    success_rate         | 0.0667      |
-----------------------------------------
[Step    30720] SR=0.154 | FracGoal=0.223 | Ret=619.26 | Vis=0.42 | Prog=0.032 | CollEvt=53.72 | Stage=0.00
-------------------------------------------
| curriculum/               |             |
|    stage                  | 0           |
| research/                 |             |
|    collision_count        | 132         |
|    collision_event_count  | 53.7        |
|    curriculum_stage       | 0           |
|    episode_length         | 662         |
|    episode_return         | 619         |
|    fraction_at_goal       | 0.223       |
|    reward_collision       | -0.0197     |
|    reward_progress        | 0.032       |
|    reward_zero_visibility | -0.105      |
|    stray_count            | 0.205       |
|    success_rate           | 0.154       |
|    visibility_ratio       | 0.425       |
| rollout/                  |             |
|    ep_len_mean            | 662         |
|    ep_rew_mean            | 619         |
| time/                     |             |
|    fps                    | 194         |
|    iterations             | 10          |
|    time_elapsed           | 157         |
|    total_timesteps        | 30720       |
| train/                    |             |
|    approx_kl              | 0.018471414 |
|    clip_fraction          | 0.2         |
|    clip_range             | 0.2         |
|    entropy_loss           | -2.71       |
|    explained_variance     | 0.779       |
|    learning_rate          | 0.000286    |
|    loss                   | -0.0408     |
|    n_updates              | 90          |
|    policy_gradient_loss   | -0.0214     |
|    std                    | 0.933       |
|    value_loss             | 0.0645      |
-------------------------------------------
-----------------------------------------
| curriculum/             |             |
|    stage                | 0           |
| rollout/                |             |
|    ep_len_mean          | 661         |
|    ep_rew_mean          | 654         |
| time/                   |             |
|    fps                  | 205         |
|    iterations           | 11          |
|    time_elapsed         | 164         |
|    total_timesteps      | 33792       |
| train/                  |             |
|    approx_kl            | 0.019725382 |
|    clip_fraction        | 0.211       |
|    clip_range           | 0.2         |
|    entropy_loss         | -2.7        |
|    explained_variance   | 0.653       |
|    learning_rate        | 0.000285    |
|    loss                 | -0.0533     |
|    n_updates            | 100         |
|    policy_gradient_loss | -0.0216     |
|    std                  | 0.93        |
|    value_loss           | 0.0356      |
-----------------------------------------
[Step    36864] SR=0.212 | FracGoal=0.338 | Ret=642.70 | Vis=0.46 | Prog=0.039 | CollEvt=52.12 | Stage=0.00
-------------------------------------------
| curriculum/               |             |
|    stage                  | 0           |
| research/                 |             |
|    collision_count        | 133         |
|    collision_event_count  | 52.1        |
|    curriculum_stage       | 0           |
|    episode_length         | 640         |
|    episode_return         | 643         |
|    fraction_at_goal       | 0.338       |
|    reward_collision       | -0.0199     |
|    reward_progress        | 0.039       |
|    reward_zero_visibility | -0.0951     |
|    stray_count            | 0.173       |
|    success_rate           | 0.212       |
|    visibility_ratio       | 0.459       |
| rollout/                  |             |
|    ep_len_mean            | 640         |
|    ep_rew_mean            | 643         |
| time/                     |             |
|    fps                    | 195         |
|    iterations             | 12          |
|    time_elapsed           | 188         |
|    total_timesteps        | 36864       |
| train/                    |             |
|    approx_kl              | 0.025260333 |
|    clip_fraction          | 0.219       |
|    clip_range             | 0.2         |
|    entropy_loss           | -2.69       |
|    explained_variance     | 0.76        |
|    learning_rate          | 0.000283    |
|    loss                   | -0.0342     |
|    n_updates              | 110         |
|    policy_gradient_loss   | -0.0196     |
|    std                    | 0.93        |
|    value_loss             | 0.0301      |
-------------------------------------------
-----------------------------------------
| curriculum/             |             |
|    stage                | 0           |
| rollout/                |             |
|    ep_len_mean          | 635         |
|    ep_rew_mean          | 642         |
| time/                   |             |
|    fps                  | 202         |
|    iterations           | 13          |
|    time_elapsed         | 197         |
|    total_timesteps      | 39936       |
| train/                  |             |
|    approx_kl            | 0.022412317 |
|    clip_fraction        | 0.206       |
|    clip_range           | 0.2         |
|    entropy_loss         | -2.69       |
|    explained_variance   | 0.744       |
|    learning_rate        | 0.000282    |
|    loss                 | -0.0421     |
|    n_updates            | 120         |
|    policy_gradient_loss | -0.0209     |
|    std                  | 0.926       |
|    value_loss           | 0.0367      |
-----------------------------------------
[Step    43008] SR=0.222 | FracGoal=0.356 | Ret=659.59 | Vis=0.47 | Prog=0.044 | CollEvt=51.00 | Stage=0.00
------------------------------------------
| curriculum/               |            |
|    stage                  | 0          |
| research/                 |            |
|    collision_count        | 136        |
|    collision_event_count  | 51         |
|    curriculum_stage       | 0          |
|    episode_length         | 632        |
|    episode_return         | 660        |
|    fraction_at_goal       | 0.356      |
|    reward_collision       | -0.0201    |
|    reward_progress        | 0.0441     |
|    reward_zero_visibility | -0.0909    |
|    stray_count            | 0.254      |
|    success_rate           | 0.222      |
|    visibility_ratio       | 0.474      |
| rollout/                  |            |
|    ep_len_mean            | 632        |
|    ep_rew_mean            | 660        |
| time/                     |            |
|    fps                    | 209        |
|    iterations             | 14         |
|    time_elapsed           | 205        |
|    total_timesteps        | 43008      |
| train/                    |            |
|    approx_kl              | 0.03045122 |
|    clip_fraction          | 0.211      |
|    clip_range             | 0.2        |
|    entropy_loss           | -2.68      |
|    explained_variance     | 0.882      |
|    learning_rate          | 0.00028    |
|    loss                   | -0.0408    |
|    n_updates              | 130        |
|    policy_gradient_loss   | -0.0169    |
|    std                    | 0.923      |
|    value_loss             | 0.025      |
------------------------------------------
-----------------------------------------
| curriculum/             |             |
|    stage                | 0           |
| rollout/                |             |
|    ep_len_mean          | 625         |
|    ep_rew_mean          | 662         |
| time/                   |             |
|    fps                  | 205         |
|    iterations           | 15          |
|    time_elapsed         | 223         |
|    total_timesteps      | 46080       |
| train/                  |             |
|    approx_kl            | 0.020170912 |
|    clip_fraction        | 0.214       |
|    clip_range           | 0.2         |
|    entropy_loss         | -2.68       |
|    explained_variance   | 0.853       |
|    learning_rate        | 0.000278    |
|    loss                 | -0.0466     |
|    n_updates            | 140         |
|    policy_gradient_loss | -0.0226     |
|    std                  | 0.923       |
|    value_loss           | 0.0279      |
-----------------------------------------
[Step    49152] SR=0.239 | FracGoal=0.369 | Ret=667.16 | Vis=0.48 | Prog=0.047 | CollEvt=50.56 | Stage=0.00
-------------------------------------------
| curriculum/               |             |
|    stage                  | 0           |
| research/                 |             |
|    collision_count        | 137         |
|    collision_event_count  | 50.6        |
|    curriculum_stage       | 0           |
|    episode_length         | 624         |
|    episode_return         | 667         |
|    fraction_at_goal       | 0.369       |
|    reward_collision       | -0.02       |
|    reward_progress        | 0.0467      |
|    reward_zero_visibility | -0.0876     |
|    stray_count            | 0.225       |
|    success_rate           | 0.239       |
|    visibility_ratio       | 0.476       |
| rollout/                  |             |
|    ep_len_mean            | 624         |
|    ep_rew_mean            | 667         |
| time/                     |             |
|    fps                    | 207         |
|    iterations             | 16          |
|    time_elapsed           | 236         |
|    total_timesteps        | 49152       |
| train/                    |             |
|    approx_kl              | 0.024440464 |
|    clip_fraction          | 0.219       |
|    clip_range             | 0.2         |
|    entropy_loss           | -2.67       |
|    explained_variance     | 0.741       |
|    learning_rate          | 0.000277    |
|    loss                   | -0.0516     |
|    n_updates              | 150         |
|    policy_gradient_loss   | -0.0248     |
|    std                    | 0.919       |
|    value_loss             | 0.0314      |
-------------------------------------------
[validation @ 50,016] SR=0.200 | FracGoal=0.244 | MeanDist=6.30 | best=0.244
-----------------------------------------
| curriculum/             |             |
|    stage                | 0           |
| rollout/                |             |
|    ep_len_mean          | 624         |
|    ep_rew_mean          | 676         |
| time/                   |             |
|    fps                  | 183         |
|    iterations           | 17          |
|    time_elapsed         | 284         |
|    total_timesteps      | 52224       |
| train/                  |             |
|    approx_kl            | 0.028382111 |
|    clip_fraction        | 0.241       |
|    clip_range           | 0.2         |
|    entropy_loss         | -2.66       |
|    explained_variance   | 0.689       |
|    learning_rate        | 0.000275    |
|    loss                 | -0.0316     |
|    n_updates            | 160         |
|    policy_gradient_loss | -0.026      |
|    std                  | 0.914       |
|    value_loss           | 0.0223      |
| validation/             |             |
|    episode_length       | 615         |
|    fraction_at_goal     | 0.244       |
|    mean_dist_to_goal    | 6.3         |
|    success_rate         | 0.2         |
-----------------------------------------
[Step    55296] SR=0.250 | FracGoal=0.370 | Ret=680.10 | Vis=0.48 | Prog=0.048 | CollEvt=48.60 | Stage=0.00
-------------------------------------------
| curriculum/               |             |
|    stage                  | 0           |
| research/                 |             |
|    collision_count        | 132         |
|    collision_event_count  | 48.6        |
|    curriculum_stage       | 0           |
|    episode_length         | 618         |
|    episode_return         | 680         |
|    fraction_at_goal       | 0.37        |
|    reward_collision       | -0.0193     |
|    reward_progress        | 0.0484      |
|    reward_zero_visibility | -0.0831     |
|    stray_count            | 0.19        |
|    success_rate           | 0.25        |
|    visibility_ratio       | 0.484       |
| rollout/                  |             |
|    ep_len_mean            | 618         |
|    ep_rew_mean            | 680         |
| time/                     |             |
|    fps                    | 185         |
|    iterations             | 18          |
|    time_elapsed           | 298         |
|    total_timesteps        | 55296       |
| train/                    |             |
|    approx_kl              | 0.033173013 |
|    clip_fraction          | 0.251       |
|    clip_range             | 0.2         |
|    entropy_loss           | -2.66       |
|    explained_variance     | 0.879       |
|    learning_rate          | 0.000274    |
|    loss                   | -0.043      |
|    n_updates              | 170         |
|    policy_gradient_loss   | -0.0217     |
|    std                    | 0.913       |
|    value_loss             | 0.0152      |
-------------------------------------------
-----------------------------------------
| curriculum/             |             |
|    stage                | 0           |
| rollout/                |             |
|    ep_len_mean          | 605         |
|    ep_rew_mean          | 672         |
| time/                   |             |
|    fps                  | 184         |
|    iterations           | 19          |
|    time_elapsed         | 317         |
|    total_timesteps      | 58368       |
| train/                  |             |
|    approx_kl            | 0.028088536 |
|    clip_fraction        | 0.251       |
|    clip_range           | 0.2         |
|    entropy_loss         | -2.66       |
|    explained_variance   | 0.745       |
|    learning_rate        | 0.000272    |
|    loss                 | 0.0611      |
|    n_updates            | 180         |
|    policy_gradient_loss | -0.0181     |
|    std                  | 0.913       |
|    value_loss           | 0.0568      |
-----------------------------------------
[Step    61440] SR=0.276 | FracGoal=0.394 | Ret=670.81 | Vis=0.49 | Prog=0.057 | CollEvt=46.00 | Stage=0.00
-------------------------------------------
| curriculum/               |             |
|    stage                  | 0           |
| research/                 |             |
|    collision_count        | 126         |
|    collision_event_count  | 46          |
|    curriculum_stage       | 0           |
|    episode_length         | 597         |
|    episode_return         | 671         |
|    fraction_at_goal       | 0.394       |
|    reward_collision       | -0.0186     |
|    reward_progress        | 0.0569      |
|    reward_zero_visibility | -0.0796     |
|    stray_count            | 0.163       |
|    success_rate           | 0.276       |
|    visibility_ratio       | 0.494       |
| rollout/                  |             |
|    ep_len_mean            | 597         |
|    ep_rew_mean            | 671         |
| time/                     |             |
|    fps                    | 186         |
|    iterations             | 20          |
|    time_elapsed           | 329         |
|    total_timesteps        | 61440       |
| train/                    |             |
|    approx_kl              | 0.055152427 |
|    clip_fraction          | 0.241       |
|    clip_range             | 0.2         |
|    entropy_loss           | -2.65       |
|    explained_variance     | 0.752       |
|    learning_rate          | 0.000271    |
|    loss                   | -0.0526     |
|    n_updates              | 190         |
|    policy_gradient_loss   | -0.0222     |
|    std                    | 0.91        |
|    value_loss             | 0.0372      |
-------------------------------------------
-----------------------------------------
| curriculum/             |             |
|    stage                | 0           |
| rollout/                |             |
|    ep_len_mean          | 593         |
|    ep_rew_mean          | 672         |
| time/                   |             |
|    fps                  | 183         |
|    iterations           | 21          |
|    time_elapsed         | 350         |
|    total_timesteps      | 64512       |
| train/                  |             |
|    approx_kl            | 0.030233234 |
|    clip_fraction        | 0.245       |
|    clip_range           | 0.2         |
|    entropy_loss         | -2.64       |
|    explained_variance   | 0.722       |
|    learning_rate        | 0.000269    |
|    loss                 | -0.066      |
|    n_updates            | 200         |
|    policy_gradient_loss | -0.0244     |
|    std                  | 0.905       |
|    value_loss           | 0.0434      |
-----------------------------------------
[Step    67584] SR=0.310 | FracGoal=0.429 | Ret=684.50 | Vis=0.50 | Prog=0.061 | CollEvt=44.19 | Stage=0.00
-------------------------------------------
| curriculum/               |             |
|    stage                  | 0           |
| research/                 |             |
|    collision_count        | 125         |
|    collision_event_count  | 44.2        |
|    curriculum_stage       | 0           |
|    episode_length         | 588         |
|    episode_return         | 684         |
|    fraction_at_goal       | 0.429       |
|    reward_collision       | -0.0182     |
|    reward_progress        | 0.0605      |
|    reward_zero_visibility | -0.0757     |
|    stray_count            | 0.15        |
|    success_rate           | 0.31        |
|    visibility_ratio       | 0.505       |
| rollout/                  |             |
|    ep_len_mean            | 588         |
|    ep_rew_mean            | 684         |
| time/                     |             |
|    fps                    | 187         |
|    iterations             | 22          |
|    time_elapsed           | 360         |
|    total_timesteps        | 67584       |
| train/                    |             |
|    approx_kl              | 0.029754275 |
|    clip_fraction          | 0.233       |
|    clip_range             | 0.2         |
|    entropy_loss           | -2.64       |
|    explained_variance     | 0.824       |
|    learning_rate          | 0.000268    |
|    loss                   | -0.0465     |
|    n_updates              | 210         |
|    policy_gradient_loss   | -0.0213     |
|    std                    | 0.903       |
|    value_loss             | 0.032       |
-------------------------------------------
----------------------------------------
| curriculum/             |            |
|    stage                | 0          |
| rollout/                |            |
|    ep_len_mean          | 583        |
|    ep_rew_mean          | 694        |
| time/                   |            |
|    fps                  | 185        |
|    iterations           | 23         |
|    time_elapsed         | 380        |
|    total_timesteps      | 70656      |
| train/                  |            |
|    approx_kl            | 0.03209855 |
|    clip_fraction        | 0.237      |
|    clip_range           | 0.2        |
|    entropy_loss         | -2.63      |
|    explained_variance   | 0.829      |
|    learning_rate        | 0.000266   |
|    loss                 | -0.0593    |
|    n_updates            | 220        |
|    policy_gradient_loss | -0.0279    |
|    std                  | 0.899      |
|    value_loss           | 0.0451     |
----------------------------------------
[Step    73728] SR=0.350 | FracGoal=0.495 | Ret=699.33 | Vis=0.53 | Prog=0.067 | CollEvt=42.72 | Stage=0.00
-------------------------------------------
| curriculum/               |             |
|    stage                  | 0           |
| research/                 |             |
|    collision_count        | 123         |
|    collision_event_count  | 42.7        |
|    curriculum_stage       | 0           |
|    episode_length         | 572         |
|    episode_return         | 699         |
|    fraction_at_goal       | 0.495       |
|    reward_collision       | -0.0179     |
|    reward_progress        | 0.067       |
|    reward_zero_visibility | -0.0684     |
|    stray_count            | 0.14        |
|    success_rate           | 0.35        |
|    visibility_ratio       | 0.526       |
| rollout/                  |             |
|    ep_len_mean            | 572         |
|    ep_rew_mean            | 699         |
| time/                     |             |
|    fps                    | 188         |
|    iterations             | 24          |
|    time_elapsed           | 390         |
|    total_timesteps        | 73728       |
| train/                    |             |
|    approx_kl              | 0.034178805 |
|    clip_fraction          | 0.251       |
|    clip_range             | 0.2         |
|    entropy_loss           | -2.62       |
|    explained_variance     | 0.844       |
|    learning_rate          | 0.000265    |
|    loss                   | -0.0363     |
|    n_updates              | 230         |
|    policy_gradient_loss   | -0.0195     |
|    std                    | 0.895       |
|    value_loss             | 0.0308      |
-------------------------------------------
[validation @ 75,024] SR=0.167 | FracGoal=0.241 | MeanDist=5.97 | best=0.244
-----------------------------------------
| curriculum/             |             |
|    stage                | 0           |
| rollout/                |             |
|    ep_len_mean          | 563         |
|    ep_rew_mean          | 708         |
| time/                   |             |
|    fps                  | 174         |
|    iterations           | 25          |
|    time_elapsed         | 440         |
|    total_timesteps      | 76800       |
| train/                  |             |
|    approx_kl            | 0.042153433 |
|    clip_fraction        | 0.269       |
|    clip_range           | 0.2         |
|    entropy_loss         | -2.62       |
|    explained_variance   | 0.712       |
|    learning_rate        | 0.000263    |
|    loss                 | -0.0254     |
|    n_updates            | 240         |
|    policy_gradient_loss | -0.019      |
|    std                  | 0.899       |
|    value_loss           | 0.0337      |
| validation/             |             |
|    episode_length       | 625         |
|    fraction_at_goal     | 0.241       |
|    mean_dist_to_goal    | 5.97        |
|    success_rate         | 0.167       |
-----------------------------------------
[Step    79872] SR=0.390 | FracGoal=0.531 | Ret=699.30 | Vis=0.53 | Prog=0.075 | CollEvt=37.35 | Stage=0.00
------------------------------------------
| curriculum/               |            |
|    stage                  | 0          |
| research/                 |            |
|    collision_count        | 111        |
|    collision_event_count  | 37.3       |
|    curriculum_stage       | 0          |
|    episode_length         | 547        |
|    episode_return         | 699        |
|    fraction_at_goal       | 0.531      |
|    reward_collision       | -0.0163    |
|    reward_progress        | 0.0745     |
|    reward_zero_visibility | -0.0639    |
|    stray_count            | 0.08       |
|    success_rate           | 0.39       |
|    visibility_ratio       | 0.533      |
| rollout/                  |            |
|    ep_len_mean            | 547        |
|    ep_rew_mean            | 699        |
| time/                     |            |
|    fps                    | 174        |
|    iterations             | 26         |
|    time_elapsed           | 457        |
|    total_timesteps        | 79872      |
| train/                    |            |
|    approx_kl              | 0.04459484 |
|    clip_fraction          | 0.279      |
|    clip_range             | 0.2        |
|    entropy_loss           | -2.63      |
|    explained_variance     | 0.863      |
|    learning_rate          | 0.000262   |
|    loss                   | -0.00589   |
|    n_updates              | 250        |
|    policy_gradient_loss   | -0.0235    |
|    std                    | 0.898      |
|    value_loss             | 0.0436     |
------------------------------------------
----------------------------------------
| curriculum/             |            |
|    stage                | 0          |
| rollout/                |            |
|    ep_len_mean          | 541        |
|    ep_rew_mean          | 706        |
| time/                   |            |
|    fps                  | 174        |
|    iterations           | 27         |
|    time_elapsed         | 474        |
|    total_timesteps      | 82944      |
| train/                  |            |
|    approx_kl            | 0.03099889 |
|    clip_fraction        | 0.208      |
|    clip_range           | 0.2        |
|    entropy_loss         | -2.62      |
|    explained_variance   | 0.838      |
|    learning_rate        | 0.00026    |
|    loss                 | -0.029     |
|    n_updates            | 260        |
|    policy_gradient_loss | -0.0206    |
|    std                  | 0.896      |
|    value_loss           | 0.0342     |
----------------------------------------
[Step    86016] SR=0.390 | FracGoal=0.536 | Ret=713.07 | Vis=0.53 | Prog=0.076 | CollEvt=34.38 | Stage=0.00
-------------------------------------------
| curriculum/               |             |
|    stage                  | 0           |
| research/                 |             |
|    collision_count        | 103         |
|    collision_event_count  | 34.4        |
|    curriculum_stage       | 0           |
|    episode_length         | 546         |
|    episode_return         | 713         |
|    fraction_at_goal       | 0.536       |
|    reward_collision       | -0.0151     |
|    reward_progress        | 0.0759      |
|    reward_zero_visibility | -0.0621     |
|    stray_count            | 0.08        |
|    success_rate           | 0.39        |
|    visibility_ratio       | 0.528       |
| rollout/                  |             |
|    ep_len_mean            | 546         |
|    ep_rew_mean            | 713         |
| time/                     |             |
|    fps                    | 175         |
|    iterations             | 28          |
|    time_elapsed           | 490         |
|    total_timesteps        | 86016       |
| train/                    |             |
|    approx_kl              | 0.041242547 |
|    clip_fraction          | 0.284       |
|    clip_range             | 0.2         |
|    entropy_loss           | -2.61       |
|    explained_variance     | 0.869       |
|    learning_rate          | 0.000259    |
|    loss                   | -0.0618     |
|    n_updates              | 270         |
|    policy_gradient_loss   | -0.0303     |
|    std                    | 0.892       |
|    value_loss             | 0.0225      |
-------------------------------------------
----------------------------------------
| curriculum/             |            |
|    stage                | 0          |
| rollout/                |            |
|    ep_len_mean          | 541        |
|    ep_rew_mean          | 716        |
| time/                   |            |
|    fps                  | 176        |
|    iterations           | 29         |
|    time_elapsed         | 504        |
|    total_timesteps      | 89088      |
| train/                  |            |
|    approx_kl            | 0.02922649 |
|    clip_fraction        | 0.247      |
|    clip_range           | 0.2        |
|    entropy_loss         | -2.61      |
|    explained_variance   | 0.806      |
|    learning_rate        | 0.000257   |
|    loss                 | -0.0624    |
|    n_updates            | 280        |
|    policy_gradient_loss | -0.0257    |
|    std                  | 0.892      |
|    value_loss           | 0.0517     |
----------------------------------------
[Step    92160] SR=0.390 | FracGoal=0.511 | Ret=720.29 | Vis=0.53 | Prog=0.076 | CollEvt=31.72 | Stage=0.00
-------------------------------------------
| curriculum/               |             |
|    stage                  | 0           |
| research/                 |             |
|    collision_count        | 97.3        |
|    collision_event_count  | 31.7        |
|    curriculum_stage       | 0           |
|    episode_length         | 545         |
|    episode_return         | 720         |
|    fraction_at_goal       | 0.511       |
|    reward_collision       | -0.014      |
|    reward_progress        | 0.0763      |
|    reward_zero_visibility | -0.0596     |
|    stray_count            | 0.07        |
|    success_rate           | 0.39        |
|    visibility_ratio       | 0.53        |
| rollout/                  |             |
|    ep_len_mean            | 545         |
|    ep_rew_mean            | 720         |
| time/                     |             |
|    fps                    | 176         |
|    iterations             | 30          |
|    time_elapsed           | 522         |
|    total_timesteps        | 92160       |
| train/                    |             |
|    approx_kl              | 0.030755375 |
|    clip_fraction          | 0.245       |
|    clip_range             | 0.2         |
|    entropy_loss           | -2.6        |
|    explained_variance     | 0.885       |
|    learning_rate          | 0.000255    |
|    loss                   | -0.0431     |
|    n_updates              | 290         |
|    policy_gradient_loss   | -0.0317     |
|    std                    | 0.886       |
|    value_loss             | 0.0241      |
-------------------------------------------
Adaptive curriculum advanced to stage 0.33 at timestep 93,708
----------------------------------------
| curriculum/             |            |
|    stage                | 0.33       |
| rollout/                |            |
|    ep_len_mean          | 524        |
|    ep_rew_mean          | 702        |
| time/                   |            |
|    fps                  | 178        |
|    iterations           | 31         |
|    time_elapsed         | 534        |
|    total_timesteps      | 95232      |
| train/                  |            |
|    approx_kl            | 0.04175151 |
|    clip_fraction        | 0.277      |
|    clip_range           | 0.2        |
|    entropy_loss         | -2.59      |
|    explained_variance   | 0.849      |
|    learning_rate        | 0.000254   |
|    loss                 | -0.0731    |
|    n_updates            | 300        |
|    policy_gradient_loss | -0.0301    |
|    std                  | 0.883      |
|    value_loss           | 0.0248     |
----------------------------------------
[Step    98304] SR=0.410 | FracGoal=0.528 | Ret=706.88 | Vis=0.54 | Prog=0.084 | CollEvt=28.99 | Stage=0.33
-------------------------------------------
| curriculum/               |             |
|    stage                  | 0.33        |
| research/                 |             |
|    collision_count        | 87          |
|    collision_event_count  | 29          |
|    curriculum_stage       | 0.33        |
|    episode_length         | 527         |
|    episode_return         | 707         |
|    fraction_at_goal       | 0.528       |
|    reward_collision       | -0.0131     |
|    reward_progress        | 0.0837      |
|    reward_zero_visibility | -0.0547     |
|    stray_count            | 0           |
|    success_rate           | 0.41        |
|    visibility_ratio       | 0.544       |
| rollout/                  |             |
|    ep_len_mean            | 527         |
|    ep_rew_mean            | 707         |
| time/                     |             |
|    fps                    | 179         |
|    iterations             | 32          |
|    time_elapsed           | 549         |
|    total_timesteps        | 98304       |
| train/                    |             |
|    approx_kl              | 0.030115288 |
|    clip_fraction          | 0.26        |
|    clip_range             | 0.2         |
|    entropy_loss           | -2.59       |
|    explained_variance     | 0.756       |
|    learning_rate          | 0.000252    |
|    loss                   | -0.0452     |
|    n_updates              | 310         |
|    policy_gradient_loss   | -0.0215     |
|    std                    | 0.887       |
|    value_loss             | 0.0695      |
-------------------------------------------
[validation @ 100,032] SR=0.233 | FracGoal=0.242 | MeanDist=6.49 | best=0.244
-----------------------------------------
| curriculum/             |             |
|    stage                | 0.33        |
| rollout/                |             |
|    ep_len_mean          | 527         |
|    ep_rew_mean          | 708         |
| time/                   |             |
|    fps                  | 170         |
|    iterations           | 33          |
|    time_elapsed         | 595         |
|    total_timesteps      | 101376      |
| train/                  |             |
|    approx_kl            | 0.029966764 |
|    clip_fraction        | 0.248       |
|    clip_range           | 0.2         |
|    entropy_loss         | -2.59       |
|    explained_variance   | 0.903       |
|    learning_rate        | 0.000251    |
|    loss                 | -0.0338     |
|    n_updates            | 320         |
|    policy_gradient_loss | -0.0286     |
|    std                  | 0.884       |
|    value_loss           | 0.0199      |
| validation/             |             |
|    episode_length       | 598         |
|    fraction_at_goal     | 0.242       |
|    mean_dist_to_goal    | 6.49        |
|    success_rate         | 0.233       |
-----------------------------------------
[Step   104448] SR=0.390 | FracGoal=0.508 | Ret=708.54 | Vis=0.54 | Prog=0.082 | CollEvt=27.91 | Stage=0.33
-------------------------------------------
| curriculum/               |             |
|    stage                  | 0.33        |
| research/                 |             |
|    collision_count        | 89          |
|    collision_event_count  | 27.9        |
|    curriculum_stage       | 0.33        |
|    episode_length         | 535         |
|    episode_return         | 709         |
|    fraction_at_goal       | 0.508       |
|    reward_collision       | -0.0128     |
|    reward_progress        | 0.0823      |
|    reward_zero_visibility | -0.0552     |
|    stray_count            | 0.05        |
|    success_rate           | 0.39        |
|    visibility_ratio       | 0.542       |
| rollout/                  |             |
|    ep_len_mean            | 535         |
|    ep_rew_mean            | 709         |
| time/                     |             |
|    fps                    | 173         |
|    iterations             | 34          |
|    time_elapsed           | 601         |
|    total_timesteps        | 104448      |
| train/                    |             |
|    approx_kl              | 0.043738574 |
|    clip_fraction          | 0.28        |
|    clip_range             | 0.2         |
|    entropy_loss           | -2.59       |
|    explained_variance     | 0.909       |
|    learning_rate          | 0.000249    |
|    loss                   | -0.0603     |
|    n_updates              | 330         |
|    policy_gradient_loss   | -0.0279     |
|    std                    | 0.88        |
|    value_loss             | 0.0132      |
-------------------------------------------
-----------------------------------------
| curriculum/             |             |
|    stage                | 0.33        |
| rollout/                |             |
|    ep_len_mean          | 535         |
|    ep_rew_mean          | 713         |
| time/                   |             |
|    fps                  | 173         |
|    iterations           | 35          |
|    time_elapsed         | 618         |
|    total_timesteps      | 107520      |
| train/                  |             |
|    approx_kl            | 0.037528716 |
|    clip_fraction        | 0.292       |
|    clip_range           | 0.2         |
|    entropy_loss         | -2.58       |
|    explained_variance   | 0.954       |
|    learning_rate        | 0.000248    |
|    loss                 | -0.064      |
|    n_updates            | 340         |
|    policy_gradient_loss | -0.0268     |
|    std                  | 0.878       |
|    value_loss           | 0.00957     |
-----------------------------------------
[Step   110592] SR=0.390 | FracGoal=0.518 | Ret=711.57 | Vis=0.55 | Prog=0.083 | CollEvt=27.12 | Stage=0.33
------------------------------------------
| curriculum/               |            |
|    stage                  | 0.33       |
| research/                 |            |
|    collision_count        | 86.8       |
|    collision_event_count  | 27.1       |
|    curriculum_stage       | 0.33       |
|    episode_length         | 535        |
|    episode_return         | 712        |
|    fraction_at_goal       | 0.518      |
|    reward_collision       | -0.0125    |
|    reward_progress        | 0.0828     |
|    reward_zero_visibility | -0.0519    |
|    stray_count            | 0.05       |
|    success_rate           | 0.39       |
|    visibility_ratio       | 0.551      |
| rollout/                  |            |
|    ep_len_mean            | 535        |
|    ep_rew_mean            | 712        |
| time/                     |            |
|    fps                    | 175        |
|    iterations             | 36         |
|    time_elapsed           | 630        |
|    total_timesteps        | 110592     |
| train/                    |            |
|    approx_kl              | 0.02811695 |
|    clip_fraction          | 0.25       |
|    clip_range             | 0.2        |
|    entropy_loss           | -2.57      |
|    explained_variance     | 0.905      |
|    learning_rate          | 0.000246   |
|    loss                   | -0.0109    |
|    n_updates              | 350        |
|    policy_gradient_loss   | -0.0259    |
|    std                    | 0.872      |
|    value_loss             | 0.0167     |
------------------------------------------
----------------------------------------
| curriculum/             |            |
|    stage                | 0.33       |
| rollout/                |            |
|    ep_len_mean          | 552        |
|    ep_rew_mean          | 734        |
| time/                   |            |
|    fps                  | 177        |
|    iterations           | 37         |
|    time_elapsed         | 639        |
|    total_timesteps      | 113664     |
| train/                  |            |
|    approx_kl            | 0.04027918 |
|    clip_fraction        | 0.276      |
|    clip_range           | 0.2        |
|    entropy_loss         | -2.56      |
|    explained_variance   | 0.865      |
|    learning_rate        | 0.000245   |
|    loss                 | -0.0515    |
|    n_updates            | 360        |
|    policy_gradient_loss | -0.0213    |
|    std                  | 0.867      |
|    value_loss           | 0.0191     |
----------------------------------------
[Step   116736] SR=0.390 | FracGoal=0.514 | Ret=728.58 | Vis=0.57 | Prog=0.078 | CollEvt=28.02 | Stage=0.33
-------------------------------------------
| curriculum/               |             |
|    stage                  | 0.33        |
| research/                 |             |
|    collision_count        | 87.8        |
|    collision_event_count  | 28          |
|    curriculum_stage       | 0.33        |
|    episode_length         | 544         |
|    episode_return         | 729         |
|    fraction_at_goal       | 0.514       |
|    reward_collision       | -0.0129     |
|    reward_progress        | 0.0783      |
|    reward_zero_visibility | -0.046      |
|    stray_count            | 0.06        |
|    success_rate           | 0.39        |
|    visibility_ratio       | 0.575       |
| rollout/                  |             |
|    ep_len_mean            | 544         |
|    ep_rew_mean            | 729         |
| time/                     |             |
|    fps                    | 177         |
|    iterations             | 38          |
|    time_elapsed           | 657         |
|    total_timesteps        | 116736      |
| train/                    |             |
|    approx_kl              | 0.035593502 |
|    clip_fraction          | 0.278       |
|    clip_range             | 0.2         |
|    entropy_loss           | -2.55       |
|    explained_variance     | 0.875       |
|    learning_rate          | 0.000243    |
|    loss                   | -0.0631     |
|    n_updates              | 370         |
|    policy_gradient_loss   | -0.0278     |
|    std                    | 0.867       |
|    value_loss             | 0.0273      |
-------------------------------------------
-----------------------------------------
| curriculum/             |             |
|    stage                | 0.33        |
| rollout/                |             |
|    ep_len_mean          | 549         |
|    ep_rew_mean          | 738         |
| time/                   |             |
|    fps                  | 177         |
|    iterations           | 39          |
|    time_elapsed         | 675         |
|    total_timesteps      | 119808      |
| train/                  |             |
|    approx_kl            | 0.029876612 |
|    clip_fraction        | 0.241       |
|    clip_range           | 0.2         |
|    entropy_loss         | -2.55       |
|    explained_variance   | 0.698       |
|    learning_rate        | 0.000242    |
|    loss                 | -0.0302     |
|    n_updates            | 380         |
|    policy_gradient_loss | -0.0271     |
|    std                  | 0.866       |
|    value_loss           | 0.0532      |
-----------------------------------------
[Step   122880] SR=0.390 | FracGoal=0.514 | Ret=717.31 | Vis=0.59 | Prog=0.081 | CollEvt=27.11 | Stage=0.33
-------------------------------------------
| curriculum/               |             |
|    stage                  | 0.33        |
| research/                 |             |
|    collision_count        | 89.6        |
|    collision_event_count  | 27.1        |
|    curriculum_stage       | 0.33        |
|    episode_length         | 534         |
|    episode_return         | 717         |
|    fraction_at_goal       | 0.514       |
|    reward_collision       | -0.0128     |
|    reward_progress        | 0.0815      |
|    reward_zero_visibility | -0.0413     |
|    stray_count            | 0.06        |
|    success_rate           | 0.39        |
|    visibility_ratio       | 0.592       |
| rollout/                  |             |
|    ep_len_mean            | 534         |
|    ep_rew_mean            | 717         |
| time/                     |             |
|    fps                    | 177         |
|    iterations             | 40          |
|    time_elapsed           | 693         |
|    total_timesteps        | 122880      |
| train/                    |             |
|    approx_kl              | 0.038893793 |
|    clip_fraction          | 0.249       |
|    clip_range             | 0.2         |
|    entropy_loss           | -2.55       |
|    explained_variance     | 0.78        |
|    learning_rate          | 0.00024     |
|    loss                   | -0.0542     |
|    n_updates              | 390         |
|    policy_gradient_loss   | -0.0257     |
|    std                    | 0.864       |
|    value_loss             | 0.0402      |
-------------------------------------------
[validation @ 125,040] SR=0.300 | FracGoal=0.381 | MeanDist=4.81 | best=0.381
-----------------------------------------
| curriculum/             |             |
|    stage                | 0.33        |
| rollout/                |             |
|    ep_len_mean          | 535         |
|    ep_rew_mean          | 720         |
| time/                   |             |
|    fps                  | 168         |
|    iterations           | 41          |
|    time_elapsed         | 746         |
|    total_timesteps      | 125952      |
| train/                  |             |
|    approx_kl            | 0.030306235 |
|    clip_fraction        | 0.235       |
|    clip_range           | 0.2         |
|    entropy_loss         | -2.54       |
|    explained_variance   | 0.74        |
|    learning_rate        | 0.000239    |
|    loss                 | 0.0131      |
|    n_updates            | 400         |
|    policy_gradient_loss | -0.0219     |
|    std                  | 0.863       |
|    value_loss           | 0.0685      |
| validation/             |             |
|    episode_length       | 594         |
|    fraction_at_goal     | 0.381       |
|    mean_dist_to_goal    | 4.81        |
|    success_rate         | 0.3         |
-----------------------------------------
[Step   129024] SR=0.380 | FracGoal=0.490 | Ret=717.18 | Vis=0.61 | Prog=0.080 | CollEvt=26.97 | Stage=0.33
------------------------------------------
| curriculum/               |            |
|    stage                  | 0.33       |
| research/                 |            |
|    collision_count        | 89.9       |
|    collision_event_count  | 27         |
|    curriculum_stage       | 0.33       |
|    episode_length         | 536        |
|    episode_return         | 717        |
|    fraction_at_goal       | 0.49       |
|    reward_collision       | -0.0129    |
|    reward_progress        | 0.0798     |
|    reward_zero_visibility | -0.0374    |
|    stray_count            | 0.08       |
|    success_rate           | 0.38       |
|    visibility_ratio       | 0.609      |
| rollout/                  |            |
|    ep_len_mean            | 536        |
|    ep_rew_mean            | 717        |
| time/                     |            |
|    fps                    | 169        |
|    iterations             | 42         |
|    time_elapsed           | 761        |
|    total_timesteps        | 129024     |
| train/                    |            |
|    approx_kl              | 0.04429473 |
|    clip_fraction          | 0.287      |
|    clip_range             | 0.2        |
|    entropy_loss           | -2.54      |
|    explained_variance     | 0.817      |
|    learning_rate          | 0.000237   |
|    loss                   | -0.0648    |
|    n_updates              | 410        |
|    policy_gradient_loss   | -0.0234    |
|    std                    | 0.862      |
|    value_loss             | 0.0188     |
------------------------------------------
-----------------------------------------
| curriculum/             |             |
|    stage                | 0.33        |
| rollout/                |             |
|    ep_len_mean          | 543         |
|    ep_rew_mean          | 727         |
| time/                   |             |
|    fps                  | 170         |
|    iterations           | 43          |
|    time_elapsed         | 775         |
|    total_timesteps      | 132096      |
| train/                  |             |
|    approx_kl            | 0.027265374 |
|    clip_fraction        | 0.286       |
|    clip_range           | 0.2         |
|    entropy_loss         | -2.54       |
|    explained_variance   | 0.872       |
|    learning_rate        | 0.000235    |
|    loss                 | -0.0429     |
|    n_updates            | 420         |
|    policy_gradient_loss | -0.0177     |
|    std                  | 0.861       |
|    value_loss           | 0.0171      |
-----------------------------------------
[Step   135168] SR=0.360 | FracGoal=0.467 | Ret=739.29 | Vis=0.63 | Prog=0.077 | CollEvt=30.22 | Stage=0.33
------------------------------------------
| curriculum/               |            |
|    stage                  | 0.33       |
| research/                 |            |
|    collision_count        | 101        |
|    collision_event_count  | 30.2       |
|    curriculum_stage       | 0.33       |
|    episode_length         | 550        |
|    episode_return         | 739        |
|    fraction_at_goal       | 0.467      |
|    reward_collision       | -0.0139    |
|    reward_progress        | 0.0766     |
|    reward_zero_visibility | -0.0315    |
|    stray_count            | 0.08       |
|    success_rate           | 0.36       |
|    visibility_ratio       | 0.634      |
| rollout/                  |            |
|    ep_len_mean            | 550        |
|    ep_rew_mean            | 739        |
| time/                     |            |
|    fps                    | 171        |
|    iterations             | 44         |
|    time_elapsed           | 789        |
|    total_timesteps        | 135168     |
| train/                    |            |
|    approx_kl              | 0.04039032 |
|    clip_fraction          | 0.286      |
|    clip_range             | 0.2        |
|    entropy_loss           | -2.53      |
|    explained_variance     | 0.879      |
|    learning_rate          | 0.000234   |
|    loss                   | -0.0379    |
|    n_updates              | 430        |
|    policy_gradient_loss   | -0.0161    |
|    std                    | 0.858      |
|    value_loss             | 0.0148     |
------------------------------------------
-----------------------------------------
| curriculum/             |             |
|    stage                | 0.33        |
| rollout/                |             |
|    ep_len_mean          | 553         |
|    ep_rew_mean          | 744         |
| time/                   |             |
|    fps                  | 171         |
|    iterations           | 45          |
|    time_elapsed         | 806         |
|    total_timesteps      | 138240      |
| train/                  |             |
|    approx_kl            | 0.036942936 |
|    clip_fraction        | 0.262       |
|    clip_range           | 0.2         |
|    entropy_loss         | -2.53       |
|    explained_variance   | 0.913       |
|    learning_rate        | 0.000232    |
|    loss                 | -0.0336     |
|    n_updates            | 440         |
|    policy_gradient_loss | -0.022      |
|    std                  | 0.858       |
|    value_loss           | 0.0314      |
-----------------------------------------
[Step   141312] SR=0.330 | FracGoal=0.449 | Ret=744.24 | Vis=0.65 | Prog=0.075 | CollEvt=32.31 | Stage=0.33
------------------------------------------
| curriculum/               |            |
|    stage                  | 0.33       |
| research/                 |            |
|    collision_count        | 111        |
|    collision_event_count  | 32.3       |
|    curriculum_stage       | 0.33       |
|    episode_length         | 558        |
|    episode_return         | 744        |
|    fraction_at_goal       | 0.449      |
|    reward_collision       | -0.0147    |
|    reward_progress        | 0.0752     |
|    reward_zero_visibility | -0.0274    |
|    stray_count            | 0.11       |
|    success_rate           | 0.33       |
|    visibility_ratio       | 0.653      |
| rollout/                  |            |
|    ep_len_mean            | 558        |
|    ep_rew_mean            | 744        |
| time/                     |            |
|    fps                    | 172        |
|    iterations             | 46         |
|    time_elapsed           | 819        |
|    total_timesteps        | 141312     |
| train/                    |            |
|    approx_kl              | 0.03796476 |
|    clip_fraction          | 0.291      |
|    clip_range             | 0.2        |
|    entropy_loss           | -2.53      |
|    explained_variance     | 0.88       |
|    learning_rate          | 0.000231   |
|    loss                   | -0.0481    |
|    n_updates              | 450        |
|    policy_gradient_loss   | -0.0222    |
|    std                    | 0.859      |
|    value_loss             | 0.00968    |
------------------------------------------
-----------------------------------------
| curriculum/             |             |
|    stage                | 0.33        |
| rollout/                |             |
|    ep_len_mean          | 551         |
|    ep_rew_mean          | 737         |
| time/                   |             |
|    fps                  | 171         |
|    iterations           | 47          |
|    time_elapsed         | 840         |
|    total_timesteps      | 144384      |
| train/                  |             |
|    approx_kl            | 0.048650157 |
|    clip_fraction        | 0.266       |
|    clip_range           | 0.2         |
|    entropy_loss         | -2.53       |
|    explained_variance   | 0.739       |
|    learning_rate        | 0.000229    |
|    loss                 | -0.049      |
|    n_updates            | 460         |
|    policy_gradient_loss | -0.0286     |
|    std                  | 0.858       |
|    value_loss           | 0.0341      |
-----------------------------------------
[Step   147456] SR=0.370 | FracGoal=0.478 | Ret=732.05 | Vis=0.67 | Prog=0.085 | CollEvt=30.72 | Stage=0.33
-------------------------------------------
| curriculum/               |             |
|    stage                  | 0.33        |
| research/                 |             |
|    collision_count        | 105         |
|    collision_event_count  | 30.7        |
|    curriculum_stage       | 0.33        |
|    episode_length         | 545         |
|    episode_return         | 732         |
|    fraction_at_goal       | 0.478       |
|    reward_collision       | -0.0141     |
|    reward_progress        | 0.0852      |
|    reward_zero_visibility | -0.0253     |
|    stray_count            | 0.11        |
|    success_rate           | 0.37        |
|    visibility_ratio       | 0.667       |
| rollout/                  |             |
|    ep_len_mean            | 545         |
|    ep_rew_mean            | 732         |
| time/                     |             |
|    fps                    | 171         |
|    iterations             | 48          |
|    time_elapsed           | 862         |
|    total_timesteps        | 147456      |
| train/                    |             |
|    approx_kl              | 0.033884037 |
|    clip_fraction          | 0.254       |
|    clip_range             | 0.2         |
|    entropy_loss           | -2.53       |
|    explained_variance     | 0.665       |
|    learning_rate          | 0.000228    |
|    loss                   | -0.0448     |
|    n_updates              | 470         |
|    policy_gradient_loss   | -0.0251     |
|    std                    | 0.856       |
|    value_loss             | 0.0563      |
-------------------------------------------
[validation @ 150,048] SR=0.133 | FracGoal=0.202 | MeanDist=5.29 | best=0.381
-----------------------------------------
| curriculum/             |             |
|    stage                | 0.33        |
| rollout/                |             |
|    ep_len_mean          | 556         |
|    ep_rew_mean          | 746         |
| time/                   |             |
|    fps                  | 165         |
|    iterations           | 49          |
|    time_elapsed         | 907         |
|    total_timesteps      | 150528      |
| train/                  |             |
|    approx_kl            | 0.029956814 |
|    clip_fraction        | 0.223       |
|    clip_range           | 0.2         |
|    entropy_loss         | -2.52       |
|    explained_variance   | 0.731       |
|    learning_rate        | 0.000226    |
|    loss                 | -0.0192     |
|    n_updates            | 480         |
|    policy_gradient_loss | -0.0279     |
|    std                  | 0.854       |
|    value_loss           | 0.0582      |
| validation/             |             |
|    episode_length       | 634         |
|    fraction_at_goal     | 0.202       |
|    mean_dist_to_goal    | 5.29        |
|    success_rate         | 0.133       |
-----------------------------------------
[Step   153600] SR=0.390 | FracGoal=0.492 | Ret=732.16 | Vis=0.68 | Prog=0.086 | CollEvt=29.18 | Stage=0.33
-------------------------------------------
| curriculum/               |             |
|    stage                  | 0.33        |
| research/                 |             |
|    collision_count        | 103         |
|    collision_event_count  | 29.2        |
|    curriculum_stage       | 0.33        |
|    episode_length         | 544         |
|    episode_return         | 732         |
|    fraction_at_goal       | 0.492       |
|    reward_collision       | -0.0134     |
|    reward_progress        | 0.086       |
|    reward_zero_visibility | -0.0217     |
|    stray_count            | 0.13        |
|    success_rate           | 0.39        |
|    visibility_ratio       | 0.68        |
| rollout/                  |             |
|    ep_len_mean            | 544         |
|    ep_rew_mean            | 732         |
| time/                     |             |
|    fps                    | 165         |
|    iterations             | 50          |
|    time_elapsed           | 926         |
|    total_timesteps        | 153600      |
| train/                    |             |
|    approx_kl              | 0.030670334 |
|    clip_fraction          | 0.258       |
|    clip_range             | 0.2         |
|    entropy_loss           | -2.52       |
|    explained_variance     | 0.753       |
|    learning_rate          | 0.000225    |
|    loss                   | -0.0615     |
|    n_updates              | 490         |
|    policy_gradient_loss   | -0.0266     |
|    std                    | 0.852       |
|    value_loss             | 0.0299      |
-------------------------------------------
----------------------------------------
| curriculum/             |            |
|    stage                | 0.33       |
| rollout/                |            |
|    ep_len_mean          | 540        |
|    ep_rew_mean          | 734        |
| time/                   |            |
|    fps                  | 166        |
|    iterations           | 51         |
|    time_elapsed         | 938        |
|    total_timesteps      | 156672     |
| train/                  |            |
|    approx_kl            | 0.03360705 |
|    clip_fraction        | 0.251      |
|    clip_range           | 0.2        |
|    entropy_loss         | -2.52      |
|    explained_variance   | 0.783      |
|    learning_rate        | 0.000223   |
|    loss                 | -0.0517    |
|    n_updates            | 500        |
|    policy_gradient_loss | -0.0257    |
|    std                  | 0.853      |
|    value_loss           | 0.0402     |
----------------------------------------
Adaptive curriculum advanced to stage 0.66 at timestep 156,912
[Step   159744] SR=0.410 | FracGoal=0.524 | Ret=741.22 | Vis=0.69 | Prog=0.087 | CollEvt=28.18 | Stage=0.49
-------------------------------------------
| curriculum/               |             |
|    stage                  | 0.66        |
| research/                 |             |
|    collision_count        | 94.3        |
|    collision_event_count  | 28.2        |
|    curriculum_stage       | 0.495       |
|    episode_length         | 540         |
|    episode_return         | 741         |
|    fraction_at_goal       | 0.524       |
|    reward_collision       | -0.0128     |
|    reward_progress        | 0.0866      |
|    reward_zero_visibility | -0.0193     |
|    stray_count            | 0.08        |
|    success_rate           | 0.41        |
|    visibility_ratio       | 0.69        |
| rollout/                  |             |
|    ep_len_mean            | 540         |
|    ep_rew_mean            | 741         |
| time/                     |             |
|    fps                    | 168         |
|    iterations             | 52          |
|    time_elapsed           | 948         |
|    total_timesteps        | 159744      |
| train/                    |             |
|    approx_kl              | 0.031616695 |
|    clip_fraction          | 0.241       |
|    clip_range             | 0.2         |
|    entropy_loss           | -2.52       |
|    explained_variance     | 0.714       |
|    learning_rate          | 0.000222    |
|    loss                   | -0.0527     |
|    n_updates              | 510         |
|    policy_gradient_loss   | -0.0249     |
|    std                    | 0.851       |
|    value_loss             | 0.0204      |
-------------------------------------------
---------------------------------------
| curriculum/             |           |
|    stage                | 0.66      |
| rollout/                |           |
|    ep_len_mean          | 545       |
|    ep_rew_mean          | 748       |
| time/                   |           |
|    fps                  | 168       |
|    iterations           | 53        |
|    time_elapsed         | 964       |
|    total_timesteps      | 162816    |
| train/                  |           |
|    approx_kl            | 0.0542185 |
|    clip_fraction        | 0.292     |
|    clip_range           | 0.2       |
|    entropy_loss         | -2.51     |
|    explained_variance   | 0.893     |
|    learning_rate        | 0.00022   |
|    loss                 | -0.0531   |
|    n_updates            | 520       |
|    policy_gradient_loss | -0.0184   |
|    std                  | 0.848     |
|    value_loss           | 0.0172    |
---------------------------------------
[Step   165888] SR=0.400 | FracGoal=0.518 | Ret=747.59 | Vis=0.68 | Prog=0.084 | CollEvt=28.15 | Stage=0.66
-------------------------------------------
| curriculum/               |             |
|    stage                  | 0.66        |
| research/                 |             |
|    collision_count        | 100         |
|    collision_event_count  | 28.1        |
|    curriculum_stage       | 0.66        |
|    episode_length         | 547         |
|    episode_return         | 748         |
|    fraction_at_goal       | 0.518       |
|    reward_collision       | -0.013      |
|    reward_progress        | 0.0843      |
|    reward_zero_visibility | -0.0205     |
|    stray_count            | 0.1         |
|    success_rate           | 0.4         |
|    visibility_ratio       | 0.679       |
| rollout/                  |             |
|    ep_len_mean            | 547         |
|    ep_rew_mean            | 748         |
| time/                     |             |
|    fps                    | 170         |
|    iterations             | 54          |
|    time_elapsed           | 972         |
|    total_timesteps        | 165888      |
| train/                    |             |
|    approx_kl              | 0.056016162 |
|    clip_fraction          | 0.296       |
|    clip_range             | 0.2         |
|    entropy_loss           | -2.5        |
|    explained_variance     | 0.781       |
|    learning_rate          | 0.000219    |
|    loss                   | 0.0011      |
|    n_updates              | 530         |
|    policy_gradient_loss   | -0.0193     |
|    std                    | 0.842       |
|    value_loss             | 0.0205      |
-------------------------------------------
-----------------------------------------
| curriculum/             |             |
|    stage                | 0.66        |
| rollout/                |             |
|    ep_len_mean          | 543         |
|    ep_rew_mean          | 744         |
| time/                   |             |
|    fps                  | 170         |
|    iterations           | 55          |
|    time_elapsed         | 988         |
|    total_timesteps      | 168960      |
| train/                  |             |
|    approx_kl            | 0.047484502 |
|    clip_fraction        | 0.306       |
|    clip_range           | 0.2         |
|    entropy_loss         | -2.5        |
|    explained_variance   | 0.752       |
|    learning_rate        | 0.000217    |
|    loss                 | -0.0179     |
|    n_updates            | 540         |
|    policy_gradient_loss | -0.0274     |
|    std                  | 0.844       |
|    value_loss           | 0.0195      |
-----------------------------------------
[Step   172032] SR=0.380 | FracGoal=0.496 | Ret=751.57 | Vis=0.68 | Prog=0.083 | CollEvt=29.08 | Stage=0.66
-------------------------------------------
| curriculum/               |             |
|    stage                  | 0.66        |
| research/                 |             |
|    collision_count        | 105         |
|    collision_event_count  | 29.1        |
|    curriculum_stage       | 0.66        |
|    episode_length         | 553         |
|    episode_return         | 752         |
|    fraction_at_goal       | 0.496       |
|    reward_collision       | -0.0133     |
|    reward_progress        | 0.0831      |
|    reward_zero_visibility | -0.0194     |
|    stray_count            | 0.11        |
|    success_rate           | 0.38        |
|    visibility_ratio       | 0.677       |
| rollout/                  |             |
|    ep_len_mean            | 553         |
|    ep_rew_mean            | 752         |
| time/                     |             |
|    fps                    | 172         |
|    iterations             | 56          |
|    time_elapsed           | 999         |
|    total_timesteps        | 172032      |
| train/                    |             |
|    approx_kl              | 0.069530755 |
|    clip_fraction          | 0.308       |
|    clip_range             | 0.2         |
|    entropy_loss           | -2.5        |
|    explained_variance     | 0.774       |
|    learning_rate          | 0.000216    |
|    loss                   | -0.0326     |
|    n_updates              | 550         |
|    policy_gradient_loss   | -0.016      |
|    std                    | 0.846       |
|    value_loss             | 0.0212      |
-------------------------------------------
[validation @ 175,056] SR=0.200 | FracGoal=0.295 | MeanDist=4.50 | best=0.381
-----------------------------------------
| curriculum/             |             |
|    stage                | 0.66        |
| rollout/                |             |
|    ep_len_mean          | 571         |
|    ep_rew_mean          | 761         |
| time/                   |             |
|    fps                  | 168         |
|    iterations           | 57          |
|    time_elapsed         | 1038        |
|    total_timesteps      | 175104      |
| train/                  |             |
|    approx_kl            | 0.043547876 |
|    clip_fraction        | 0.319       |
|    clip_range           | 0.2         |
|    entropy_loss         | -2.5        |
|    explained_variance   | 0.894       |
|    learning_rate        | 0.000214    |
|    loss                 | -0.022      |
|    n_updates            | 560         |
|    policy_gradient_loss | -0.0238     |
|    std                  | 0.846       |
|    value_loss           | 0.00928     |
| validation/             |             |
|    episode_length       | 602         |
|    fraction_at_goal     | 0.295       |
|    mean_dist_to_goal    | 4.5         |
|    success_rate         | 0.2         |
-----------------------------------------
[Step   178176] SR=0.340 | FracGoal=0.451 | Ret=757.54 | Vis=0.66 | Prog=0.078 | CollEvt=29.45 | Stage=0.66
-------------------------------------------
| curriculum/               |             |
|    stage                  | 0.66        |
| research/                 |             |
|    collision_count        | 103         |
|    collision_event_count  | 29.5        |
|    curriculum_stage       | 0.66        |
|    episode_length         | 570         |
|    episode_return         | 758         |
|    fraction_at_goal       | 0.451       |
|    reward_collision       | -0.013      |
|    reward_progress        | 0.0778      |
|    reward_zero_visibility | -0.0252     |
|    stray_count            | 0.16        |
|    success_rate           | 0.34        |
|    visibility_ratio       | 0.655       |
| rollout/                  |             |
|    ep_len_mean            | 570         |
|    ep_rew_mean            | 758         |
| time/                     |             |
|    fps                    | 169         |
|    iterations             | 58          |
|    time_elapsed           | 1052        |
|    total_timesteps        | 178176      |
| train/                    |             |
|    approx_kl              | 0.045273867 |
|    clip_fraction          | 0.281       |
|    clip_range             | 0.2         |
|    entropy_loss           | -2.51       |
|    explained_variance     | 0.857       |
|    learning_rate          | 0.000212    |
|    loss                   | -0.0552     |
|    n_updates              | 570         |
|    policy_gradient_loss   | -0.0242     |
|    std                    | 0.849       |
|    value_loss             | 0.011       |
-------------------------------------------
----------------------------------------
| curriculum/             |            |
|    stage                | 0.66       |
| rollout/                |            |
|    ep_len_mean          | 576        |
|    ep_rew_mean          | 762        |
| time/                   |            |
|    fps                  | 170        |
|    iterations           | 59         |
|    time_elapsed         | 1063       |
|    total_timesteps      | 181248     |
| train/                  |            |
|    approx_kl            | 0.04916288 |
|    clip_fraction        | 0.27       |
|    clip_range           | 0.2        |
|    entropy_loss         | -2.51      |
|    explained_variance   | 0.797      |
|    learning_rate        | 0.000211   |
|    loss                 | -0.0441    |
|    n_updates            | 580        |
|    policy_gradient_loss | -0.0276    |
|    std                  | 0.845      |
|    value_loss           | 0.024      |
----------------------------------------
Adaptive curriculum fell back to stage 0.33 at timestep 181,920
[Step   184320] SR=0.310 | FracGoal=0.416 | Ret=764.19 | Vis=0.63 | Prog=0.076 | CollEvt=30.38 | Stage=0.46
-------------------------------------------
| curriculum/               |             |
|    stage                  | 0.33        |
| research/                 |             |
|    collision_count        | 104         |
|    collision_event_count  | 30.4        |
|    curriculum_stage       | 0.462       |
|    episode_length         | 582         |
|    episode_return         | 764         |
|    fraction_at_goal       | 0.416       |
|    reward_collision       | -0.0128     |
|    reward_progress        | 0.0755      |
|    reward_zero_visibility | -0.0297     |
|    stray_count            | 0.25        |
|    success_rate           | 0.31        |
|    visibility_ratio       | 0.635       |
| rollout/                  |             |
|    ep_len_mean            | 582         |
|    ep_rew_mean            | 764         |
| time/                     |             |
|    fps                    | 171         |
|    iterations             | 60          |
|    time_elapsed           | 1075        |
|    total_timesteps        | 184320      |
| train/                    |             |
|    approx_kl              | 0.035944294 |
|    clip_fraction          | 0.266       |
|    clip_range             | 0.2         |
|    entropy_loss           | -2.5        |
|    explained_variance     | 0.686       |
|    learning_rate          | 0.000209    |
|    loss                   | -0.0692     |
|    n_updates              | 590         |
|    policy_gradient_loss   | -0.0296     |
|    std                    | 0.847       |
|    value_loss             | 0.0399      |
-------------------------------------------
-----------------------------------------
| curriculum/             |             |
|    stage                | 0.33        |
| rollout/                |             |
|    ep_len_mean          | 576         |
|    ep_rew_mean          | 751         |
| time/                   |             |
|    fps                  | 172         |
|    iterations           | 61          |
|    time_elapsed         | 1087        |
|    total_timesteps      | 187392      |
| train/                  |             |
|    approx_kl            | 0.048540585 |
|    clip_fraction        | 0.266       |
|    clip_range           | 0.2         |
|    entropy_loss         | -2.5        |
|    explained_variance   | 0.88        |
|    learning_rate        | 0.000208    |
|    loss                 | -0.0547     |
|    n_updates            | 600         |
|    policy_gradient_loss | -0.0276     |
|    std                  | 0.843       |
|    value_loss           | 0.0168      |
-----------------------------------------
[Step   190464] SR=0.330 | FracGoal=0.441 | Ret=751.64 | Vis=0.62 | Prog=0.077 | CollEvt=27.83 | Stage=0.33
-------------------------------------------
| curriculum/               |             |
|    stage                  | 0.33        |
| research/                 |             |
|    collision_count        | 99.9        |
|    collision_event_count  | 27.8        |
|    curriculum_stage       | 0.33        |
|    episode_length         | 576         |
|    episode_return         | 752         |
|    fraction_at_goal       | 0.441       |
|    reward_collision       | -0.0122     |
|    reward_progress        | 0.0766      |
|    reward_zero_visibility | -0.0333     |
|    stray_count            | 0.23        |
|    success_rate           | 0.33        |
|    visibility_ratio       | 0.62        |
| rollout/                  |             |
|    ep_len_mean            | 576         |
|    ep_rew_mean            | 752         |
| time/                     |             |
|    fps                    | 172         |
|    iterations             | 62          |
|    time_elapsed           | 1103        |
|    total_timesteps        | 190464      |
| train/                    |             |
|    approx_kl              | 0.035678253 |
|    clip_fraction          | 0.271       |
|    clip_range             | 0.2         |
|    entropy_loss           | -2.5        |
|    explained_variance     | 0.762       |
|    learning_rate          | 0.000206    |
|    loss                   | -0.0503     |
|    n_updates              | 610         |
|    policy_gradient_loss   | -0.0202     |
|    std                    | 0.842       |
|    value_loss             | 0.029       |
-------------------------------------------
----------------------------------------
| curriculum/             |            |
|    stage                | 0.33       |
| rollout/                |            |
|    ep_len_mean          | 574        |
|    ep_rew_mean          | 749        |
| time/                   |            |
|    fps                  | 173        |
|    iterations           | 63         |
|    time_elapsed         | 1112       |
|    total_timesteps      | 193536     |
| train/                  |            |
|    approx_kl            | 0.03606099 |
|    clip_fraction        | 0.26       |
|    clip_range           | 0.2        |
|    entropy_loss         | -2.49      |
|    explained_variance   | 0.741      |
|    learning_rate        | 0.000205   |
|    loss                 | -0.0471    |
|    n_updates            | 620        |
|    policy_gradient_loss | -0.0291    |
|    std                  | 0.84       |
|    value_loss           | 0.0254     |
----------------------------------------
[Step   196608] SR=0.350 | FracGoal=0.463 | Ret=744.79 | Vis=0.62 | Prog=0.081 | CollEvt=24.70 | Stage=0.33
------------------------------------------
| curriculum/               |            |
|    stage                  | 0.33       |
| research/                 |            |
|    collision_count        | 87         |
|    collision_event_count  | 24.7       |
|    curriculum_stage       | 0.33       |
|    episode_length         | 564        |
|    episode_return         | 745        |
|    fraction_at_goal       | 0.463      |
|    reward_collision       | -0.011     |
|    reward_progress        | 0.0811     |
|    reward_zero_visibility | -0.0316    |
|    stray_count            | 0.23       |
|    success_rate           | 0.35       |
|    visibility_ratio       | 0.624      |
| rollout/                  |            |
|    ep_len_mean            | 564        |
|    ep_rew_mean            | 745        |
| time/                     |            |
|    fps                    | 174        |
|    iterations             | 64         |
|    time_elapsed           | 1125       |
|    total_timesteps        | 196608     |
| train/                    |            |
|    approx_kl              | 0.04067464 |
|    clip_fraction          | 0.283      |
|    clip_range             | 0.2        |
|    entropy_loss           | -2.49      |
|    explained_variance     | 0.736      |
|    learning_rate          | 0.000203   |
|    loss                   | -0.0623    |
|    n_updates              | 630        |
|    policy_gradient_loss   | -0.0262    |
|    std                    | 0.837      |
|    value_loss             | 0.0231     |
------------------------------------------
-----------------------------------------
| curriculum/             |             |
|    stage                | 0.33        |
| rollout/                |             |
|    ep_len_mean          | 571         |
|    ep_rew_mean          | 756         |
| time/                   |             |
|    fps                  | 174         |
|    iterations           | 65          |
|    time_elapsed         | 1141        |
|    total_timesteps      | 199680      |
| train/                  |             |
|    approx_kl            | 0.048276454 |
|    clip_fraction        | 0.252       |
|    clip_range           | 0.2         |
|    entropy_loss         | -2.48       |
|    explained_variance   | 0.691       |
|    learning_rate        | 0.000202    |
|    loss                 | -0.0138     |
|    n_updates            | 640         |
|    policy_gradient_loss | -0.0255     |
|    std                  | 0.834       |
|    value_loss           | 0.0325      |
-----------------------------------------
[validation @ 200,064] SR=0.233 | FracGoal=0.315 | MeanDist=4.50 | best=0.381
[Step   202752] SR=0.340 | FracGoal=0.460 | Ret=751.76 | Vis=0.63 | Prog=0.075 | CollEvt=25.40 | Stage=0.33
-------------------------------------------
| curriculum/               |             |
|    stage                  | 0.33        |
| research/                 |             |
|    collision_count        | 85.4        |
|    collision_event_count  | 25.4        |
|    curriculum_stage       | 0.33        |
|    episode_length         | 567         |
|    episode_return         | 752         |
|    fraction_at_goal       | 0.46        |
|    reward_collision       | -0.0113     |
|    reward_progress        | 0.0749      |
|    reward_zero_visibility | -0.0299     |
|    stray_count            | 0.2         |
|    success_rate           | 0.34        |
|    visibility_ratio       | 0.632       |
| rollout/                  |             |
|    ep_len_mean            | 567         |
|    ep_rew_mean            | 752         |
| time/                     |             |
|    fps                    | 170         |
|    iterations             | 66          |
|    time_elapsed           | 1189        |
|    total_timesteps        | 202752      |
| train/                    |             |
|    approx_kl              | 0.051328026 |
|    clip_fraction          | 0.274       |
|    clip_range             | 0.2         |
|    entropy_loss           | -2.47       |
|    explained_variance     | 0.739       |
|    learning_rate          | 0.0002      |
|    loss                   | -0.0495     |
|    n_updates              | 650         |
|    policy_gradient_loss   | -0.0301     |
|    std                    | 0.832       |
|    value_loss             | 0.0237      |
| validation/               |             |
|    episode_length         | 599         |
|    fraction_at_goal       | 0.315       |
|    mean_dist_to_goal      | 4.5         |
|    success_rate           | 0.233       |
-------------------------------------------
-----------------------------------------
| curriculum/             |             |
|    stage                | 0.33        |
| rollout/                |             |
|    ep_len_mean          | 582         |
|    ep_rew_mean          | 768         |
| time/                   |             |
|    fps                  | 171         |
|    iterations           | 67          |
|    time_elapsed         | 1202        |
|    total_timesteps      | 205824      |
| train/                  |             |
|    approx_kl            | 0.033806987 |
|    clip_fraction        | 0.288       |
|    clip_range           | 0.2         |
|    entropy_loss         | -2.47       |
|    explained_variance   | 0.628       |
|    learning_rate        | 0.000199    |
|    loss                 | -0.046      |
|    n_updates            | 660         |
|    policy_gradient_loss | -0.0196     |
|    std                  | 0.829       |
|    value_loss           | 0.0324      |
-----------------------------------------
[Step   208896] SR=0.300 | FracGoal=0.430 | Ret=768.25 | Vis=0.62 | Prog=0.068 | CollEvt=27.43 | Stage=0.33
-------------------------------------------
| curriculum/               |             |
|    stage                  | 0.33        |
| research/                 |             |
|    collision_count        | 87.6        |
|    collision_event_count  | 27.4        |
|    curriculum_stage       | 0.33        |
|    episode_length         | 582         |
|    episode_return         | 768         |
|    fraction_at_goal       | 0.43        |
|    reward_collision       | -0.0116     |
|    reward_progress        | 0.068       |
|    reward_zero_visibility | -0.0316     |
|    stray_count            | 0.19        |
|    success_rate           | 0.3         |
|    visibility_ratio       | 0.617       |
| rollout/                  |             |
|    ep_len_mean            | 582         |
|    ep_rew_mean            | 768         |
| time/                     |             |
|    fps                    | 171         |
|    iterations             | 68          |
|    time_elapsed           | 1220        |
|    total_timesteps        | 208896      |
| train/                    |             |
|    approx_kl              | 0.037960425 |
|    clip_fraction          | 0.254       |
|    clip_range             | 0.2         |
|    entropy_loss           | -2.46       |
|    explained_variance     | 0.833       |
|    learning_rate          | 0.000197    |
|    loss                   | -0.0656     |
|    n_updates              | 670         |
|    policy_gradient_loss   | -0.033      |
|    std                    | 0.827       |
|    value_loss             | 0.0241      |
-------------------------------------------
---------------------------------------
| curriculum/             |           |
|    stage                | 0.33      |
| rollout/                |           |
|    ep_len_mean          | 588       |
|    ep_rew_mean          | 773       |
| time/                   |           |
|    fps                  | 172       |
|    iterations           | 69        |
|    time_elapsed         | 1228      |
|    total_timesteps      | 211968    |
| train/                  |           |
|    approx_kl            | 0.0415605 |
|    clip_fraction        | 0.269     |
|    clip_range           | 0.2       |
|    entropy_loss         | -2.45     |
|    explained_variance   | 0.882     |
|    learning_rate        | 0.000196  |
|    loss                 | -0.0608   |
|    n_updates            | 680       |
|    policy_gradient_loss | -0.0364   |
|    std                  | 0.822     |
|    value_loss           | 0.0118    |
---------------------------------------
[Step   215040] SR=0.250 | FracGoal=0.391 | Ret=793.44 | Vis=0.62 | Prog=0.058 | CollEvt=28.52 | Stage=0.33
-------------------------------------------
| curriculum/               |             |
|    stage                  | 0.33        |
| research/                 |             |
|    collision_count        | 90          |
|    collision_event_count  | 28.5        |
|    curriculum_stage       | 0.33        |
|    episode_length         | 606         |
|    episode_return         | 793         |
|    fraction_at_goal       | 0.391       |
|    reward_collision       | -0.0118     |
|    reward_progress        | 0.0581      |
|    reward_zero_visibility | -0.0318     |
|    stray_count            | 0.23        |
|    success_rate           | 0.25        |
|    visibility_ratio       | 0.617       |
| rollout/                  |             |
|    ep_len_mean            | 606         |
|    ep_rew_mean            | 793         |
| time/                     |             |
|    fps                    | 173         |
|    iterations             | 70          |
|    time_elapsed           | 1240        |
|    total_timesteps        | 215040      |
| train/                    |             |
|    approx_kl              | 0.045564886 |
|    clip_fraction          | 0.234       |
|    clip_range             | 0.2         |
|    entropy_loss           | -2.44       |
|    explained_variance     | 0.889       |
|    learning_rate          | 0.000194    |
|    loss                   | -0.0475     |
|    n_updates              | 690         |
|    policy_gradient_loss   | -0.0248     |
|    std                    | 0.819       |
|    value_loss             | 0.0226      |
-------------------------------------------
-----------------------------------------
| curriculum/             |             |
|    stage                | 0.33        |
| rollout/                |             |
|    ep_len_mean          | 604         |
|    ep_rew_mean          | 790         |
| time/                   |             |
|    fps                  | 173         |
|    iterations           | 71          |
|    time_elapsed         | 1255        |
|    total_timesteps      | 218112      |
| train/                  |             |
|    approx_kl            | 0.047830306 |
|    clip_fraction        | 0.242       |
|    clip_range           | 0.2         |
|    entropy_loss         | -2.43       |
|    explained_variance   | 0.952       |
|    learning_rate        | 0.000192    |
|    loss                 | -0.0223     |
|    n_updates            | 700         |
|    policy_gradient_loss | -0.0189     |
|    std                  | 0.815       |
|    value_loss           | 0.016       |
-----------------------------------------
[Step   221184] SR=0.240 | FracGoal=0.375 | Ret=791.49 | Vis=0.62 | Prog=0.061 | CollEvt=26.38 | Stage=0.33
-------------------------------------------
| curriculum/               |             |
|    stage                  | 0.33        |
| research/                 |             |
|    collision_count        | 87.7        |
|    collision_event_count  | 26.4        |
|    curriculum_stage       | 0.33        |
|    episode_length         | 604         |
|    episode_return         | 791         |
|    fraction_at_goal       | 0.375       |
|    reward_collision       | -0.0112     |
|    reward_progress        | 0.0606      |
|    reward_zero_visibility | -0.0321     |
|    stray_count            | 0.24        |
|    success_rate           | 0.24        |
|    visibility_ratio       | 0.617       |
| rollout/                  |             |
|    ep_len_mean            | 604         |
|    ep_rew_mean            | 791         |
| time/                     |             |
|    fps                    | 174         |
|    iterations             | 72          |
|    time_elapsed           | 1266        |
|    total_timesteps        | 221184      |
| train/                    |             |
|    approx_kl              | 0.053643532 |
|    clip_fraction          | 0.29        |
|    clip_range             | 0.2         |
|    entropy_loss           | -2.43       |
|    explained_variance     | 0.931       |
|    learning_rate          | 0.000191    |
|    loss                   | -0.0501     |
|    n_updates              | 710         |
|    policy_gradient_loss   | -0.0256     |
|    std                    | 0.814       |
|    value_loss             | 0.0123      |
-------------------------------------------
----------------------------------------
| curriculum/             |            |
|    stage                | 0.33       |
| rollout/                |            |
|    ep_len_mean          | 604        |
|    ep_rew_mean          | 792        |
| time/                   |            |
|    fps                  | 174        |
|    iterations           | 73         |
|    time_elapsed         | 1283       |
|    total_timesteps      | 224256     |
| train/                  |            |
|    approx_kl            | 0.04245063 |
|    clip_fraction        | 0.273      |
|    clip_range           | 0.2        |
|    entropy_loss         | -2.42      |
|    explained_variance   | 0.957      |
|    learning_rate        | 0.000189   |
|    loss                 | -0.0499    |
|    n_updates            | 720        |
|    policy_gradient_loss | -0.0292    |
|    std                  | 0.811      |
|    value_loss           | 0.00636    |
----------------------------------------
[validation @ 225,072] SR=0.067 | FracGoal=0.179 | MeanDist=5.22 | best=0.381
[Step   227328] SR=0.240 | FracGoal=0.386 | Ret=787.22 | Vis=0.61 | Prog=0.061 | CollEvt=25.50 | Stage=0.33
-------------------------------------------
| curriculum/               |             |
|    stage                  | 0.33        |
| research/                 |             |
|    collision_count        | 83.8        |
|    collision_event_count  | 25.5        |
|    curriculum_stage       | 0.33        |
|    episode_length         | 600         |
|    episode_return         | 787         |
|    fraction_at_goal       | 0.386       |
|    reward_collision       | -0.0109     |
|    reward_progress        | 0.0609      |
|    reward_zero_visibility | -0.0321     |
|    stray_count            | 0.22        |
|    success_rate           | 0.24        |
|    visibility_ratio       | 0.614       |
| rollout/                  |             |
|    ep_len_mean            | 600         |
|    ep_rew_mean            | 787         |
| time/                     |             |
|    fps                    | 170         |
|    iterations             | 74          |
|    time_elapsed           | 1330        |
|    total_timesteps        | 227328      |
| train/                    |             |
|    approx_kl              | 0.040837184 |
|    clip_fraction          | 0.299       |
|    clip_range             | 0.2         |
|    entropy_loss           | -2.42       |
|    explained_variance     | 0.959       |
|    learning_rate          | 0.000188    |
|    loss                   | -0.0477     |
|    n_updates              | 730         |
|    policy_gradient_loss   | -0.0232     |
|    std                    | 0.81        |
|    value_loss             | 0.00538     |
| validation/               |             |
|    episode_length         | 665         |
|    fraction_at_goal       | 0.179       |
|    mean_dist_to_goal      | 5.22        |
|    success_rate           | 0.0667      |
-------------------------------------------
----------------------------------------
| curriculum/             |            |
|    stage                | 0.33       |
| rollout/                |            |
|    ep_len_mean          | 595        |
|    ep_rew_mean          | 786        |
| time/                   |            |
|    fps                  | 171        |
|    iterations           | 75         |
|    time_elapsed         | 1345       |
|    total_timesteps      | 230400     |
| train/                  |            |
|    approx_kl            | 0.04053612 |
|    clip_fraction        | 0.291      |
|    clip_range           | 0.2        |
|    entropy_loss         | -2.41      |
|    explained_variance   | 0.815      |
|    learning_rate        | 0.000186   |
|    loss                 | -0.0248    |
|    n_updates            | 740        |
|    policy_gradient_loss | -0.0291    |
|    std                  | 0.806      |
|    value_loss           | 0.031      |
----------------------------------------
[Step   233472] SR=0.280 | FracGoal=0.432 | Ret=772.60 | Vis=0.63 | Prog=0.071 | CollEvt=22.31 | Stage=0.33
-------------------------------------------
| curriculum/               |             |
|    stage                  | 0.33        |
| research/                 |             |
|    collision_count        | 73          |
|    collision_event_count  | 22.3        |
|    curriculum_stage       | 0.33        |
|    episode_length         | 577         |
|    episode_return         | 773         |
|    fraction_at_goal       | 0.432       |
|    reward_collision       | -0.00989    |
|    reward_progress        | 0.0706      |
|    reward_zero_visibility | -0.0285     |
|    stray_count            | 0.16        |
|    success_rate           | 0.28        |
|    visibility_ratio       | 0.629       |
| rollout/                  |             |
|    ep_len_mean            | 577         |
|    ep_rew_mean            | 773         |
| time/                     |             |
|    fps                    | 171         |
|    iterations             | 76          |
|    time_elapsed           | 1362        |
|    total_timesteps        | 233472      |
| train/                    |             |
|    approx_kl              | 0.040266287 |
|    clip_fraction          | 0.252       |
|    clip_range             | 0.2         |
|    entropy_loss           | -2.4        |
|    explained_variance     | 0.886       |
|    learning_rate          | 0.000185    |
|    loss                   | -0.0523     |
|    n_updates              | 750         |
|    policy_gradient_loss   | -0.0283     |
|    std                    | 0.804       |
|    value_loss             | 0.0187      |
-------------------------------------------
----------------------------------------
| curriculum/             |            |
|    stage                | 0.33       |
| rollout/                |            |
|    ep_len_mean          | 579        |
|    ep_rew_mean          | 777        |
| time/                   |            |
|    fps                  | 171        |
|    iterations           | 77         |
|    time_elapsed         | 1378       |
|    total_timesteps      | 236544     |
| train/                  |            |
|    approx_kl            | 0.03264366 |
|    clip_fraction        | 0.249      |
|    clip_range           | 0.2        |
|    entropy_loss         | -2.4       |
|    explained_variance   | 0.736      |
|    learning_rate        | 0.000183   |
|    loss                 | -0.0469    |
|    n_updates            | 760        |
|    policy_gradient_loss | -0.0262    |
|    std                  | 0.802      |
|    value_loss           | 0.0541     |
----------------------------------------
[Step   239616] SR=0.270 | FracGoal=0.429 | Ret=789.69 | Vis=0.65 | Prog=0.066 | CollEvt=22.06 | Stage=0.33
-------------------------------------------
| curriculum/               |             |
|    stage                  | 0.33        |
| research/                 |             |
|    collision_count        | 68.4        |
|    collision_event_count  | 22.1        |
|    curriculum_stage       | 0.33        |
|    episode_length         | 586         |
|    episode_return         | 790         |
|    fraction_at_goal       | 0.429       |
|    reward_collision       | -0.00975    |
|    reward_progress        | 0.0657      |
|    reward_zero_visibility | -0.0204     |
|    stray_count            | 0.12        |
|    success_rate           | 0.27        |
|    visibility_ratio       | 0.652       |
| rollout/                  |             |
|    ep_len_mean            | 586         |
|    ep_rew_mean            | 790         |
| time/                     |             |
|    fps                    | 172         |
|    iterations             | 78          |
|    time_elapsed           | 1392        |
|    total_timesteps        | 239616      |
| train/                    |             |
|    approx_kl              | 0.035237625 |
|    clip_fraction          | 0.277       |
|    clip_range             | 0.2         |
|    entropy_loss           | -2.39       |
|    explained_variance     | 0.882       |
|    learning_rate          | 0.000182    |
|    loss                   | -0.0467     |
|    n_updates              | 770         |
|    policy_gradient_loss   | -0.0268     |
|    std                    | 0.797       |
|    value_loss             | 0.00961     |
-------------------------------------------
----------------------------------------
| curriculum/             |            |
|    stage                | 0.33       |
| rollout/                |            |
|    ep_len_mean          | 582        |
|    ep_rew_mean          | 786        |
| time/                   |            |
|    fps                  | 172        |
|    iterations           | 79         |
|    time_elapsed         | 1408       |
|    total_timesteps      | 242688     |
| train/                  |            |
|    approx_kl            | 0.03783884 |
|    clip_fraction        | 0.27       |
|    clip_range           | 0.2        |
|    entropy_loss         | -2.38      |
|    explained_variance   | 0.8        |
|    learning_rate        | 0.00018    |
|    loss                 | -0.0435    |
|    n_updates            | 780        |
|    policy_gradient_loss | -0.0271    |
|    std                  | 0.795      |
|    value_loss           | 0.0354     |
----------------------------------------
[Step   245760] SR=0.270 | FracGoal=0.436 | Ret=795.53 | Vis=0.65 | Prog=0.063 | CollEvt=22.16 | Stage=0.33
------------------------------------------
| curriculum/               |            |
|    stage                  | 0.33       |
| research/                 |            |
|    collision_count        | 70.5       |
|    collision_event_count  | 22.2       |
|    curriculum_stage       | 0.33       |
|    episode_length         | 588        |
|    episode_return         | 796        |
|    fraction_at_goal       | 0.436      |
|    reward_collision       | -0.00983   |
|    reward_progress        | 0.063      |
|    reward_zero_visibility | -0.0185    |
|    stray_count            | 0.09       |
|    success_rate           | 0.27       |
|    visibility_ratio       | 0.654      |
| rollout/                  |            |
|    ep_len_mean            | 588        |
|    ep_rew_mean            | 796        |
| time/                     |            |
|    fps                    | 173        |
|    iterations             | 80         |
|    time_elapsed           | 1416       |
|    total_timesteps        | 245760     |
| train/                    |            |
|    approx_kl              | 0.05657413 |
|    clip_fraction          | 0.276      |
|    clip_range             | 0.2        |
|    entropy_loss           | -2.38      |
|    explained_variance     | 0.906      |
|    learning_rate          | 0.000179   |
|    loss                   | -0.0303    |
|    n_updates              | 790        |
|    policy_gradient_loss   | -0.0288    |
|    std                    | 0.792      |
|    value_loss             | 0.0101     |
------------------------------------------
-----------------------------------------
| curriculum/             |             |
|    stage                | 0.33        |
| rollout/                |             |
|    ep_len_mean          | 590         |
|    ep_rew_mean          | 803         |
| time/                   |             |
|    fps                  | 174         |
|    iterations           | 81          |
|    time_elapsed         | 1425        |
|    total_timesteps      | 248832      |
| train/                  |             |
|    approx_kl            | 0.041259542 |
|    clip_fraction        | 0.278       |
|    clip_range           | 0.2         |
|    entropy_loss         | -2.37       |
|    explained_variance   | 0.939       |
|    learning_rate        | 0.000177    |
|    loss                 | -0.0156     |
|    n_updates            | 800         |
|    policy_gradient_loss | -0.0237     |
|    std                  | 0.789       |
|    value_loss           | 0.00722     |
-----------------------------------------
[validation @ 250,080] SR=0.167 | FracGoal=0.215 | MeanDist=4.97 | best=0.381
[Step   251904] SR=0.270 | FracGoal=0.422 | Ret=793.82 | Vis=0.66 | Prog=0.065 | CollEvt=20.90 | Stage=0.33
-----------------------------------------
| curriculum/               |           |
|    stage                  | 0.33      |
| research/                 |           |
|    collision_count        | 61.6      |
|    collision_event_count  | 20.9      |
|    curriculum_stage       | 0.33      |
|    episode_length         | 584       |
|    episode_return         | 794       |
|    fraction_at_goal       | 0.422     |
|    reward_collision       | -0.00911  |
|    reward_progress        | 0.0654    |
|    reward_zero_visibility | -0.0175   |
|    stray_count            | 0.11      |
|    success_rate           | 0.27      |
|    visibility_ratio       | 0.656     |
| rollout/                  |           |
|    ep_len_mean            | 584       |
|    ep_rew_mean            | 794       |
| time/                     |           |
|    fps                    | 170       |
|    iterations             | 82        |
|    time_elapsed           | 1474      |
|    total_timesteps        | 251904    |
| train/                    |           |
|    approx_kl              | 0.0412252 |
|    clip_fraction          | 0.281     |
|    clip_range             | 0.2       |
|    entropy_loss           | -2.36     |
|    explained_variance     | 0.776     |
|    learning_rate          | 0.000176  |
|    loss                   | -0.0524   |
|    n_updates              | 810       |
|    policy_gradient_loss   | -0.0286   |
|    std                    | 0.789     |
|    value_loss             | 0.0229    |
| validation/               |           |
|    episode_length         | 613       |
|    fraction_at_goal       | 0.215     |
|    mean_dist_to_goal      | 4.97      |
|    success_rate           | 0.167     |
-----------------------------------------
-----------------------------------------
| curriculum/             |             |
|    stage                | 0.33        |
| rollout/                |             |
|    ep_len_mean          | 596         |
|    ep_rew_mean          | 803         |
| time/                   |             |
|    fps                  | 171         |
|    iterations           | 83          |
|    time_elapsed         | 1486        |
|    total_timesteps      | 254976      |
| train/                  |             |
|    approx_kl            | 0.032617837 |
|    clip_fraction        | 0.269       |
|    clip_range           | 0.2         |
|    entropy_loss         | -2.36       |
|    explained_variance   | 0.901       |
|    learning_rate        | 0.000174    |
|    loss                 | -0.0582     |
|    n_updates            | 820         |
|    policy_gradient_loss | -0.0271     |
|    std                  | 0.787       |
|    value_loss           | 0.011       |
-----------------------------------------
[Step   258048] SR=0.230 | FracGoal=0.389 | Ret=809.44 | Vis=0.65 | Prog=0.061 | CollEvt=21.29 | Stage=0.33
-------------------------------------------
| curriculum/               |             |
|    stage                  | 0.33        |
| research/                 |             |
|    collision_count        | 63.7        |
|    collision_event_count  | 21.3        |
|    curriculum_stage       | 0.33        |
|    episode_length         | 601         |
|    episode_return         | 809         |
|    fraction_at_goal       | 0.389       |
|    reward_collision       | -0.00922    |
|    reward_progress        | 0.0607      |
|    reward_zero_visibility | -0.0191     |
|    stray_count            | 0.11        |
|    success_rate           | 0.23        |
|    visibility_ratio       | 0.645       |
| rollout/                  |             |
|    ep_len_mean            | 601         |
|    ep_rew_mean            | 809         |
| time/                     |             |
|    fps                    | 172         |
|    iterations             | 84          |
|    time_elapsed           | 1499        |
|    total_timesteps        | 258048      |
| train/                    |             |
|    approx_kl              | 0.045272067 |
|    clip_fraction          | 0.27        |
|    clip_range             | 0.2         |
|    entropy_loss           | -2.36       |
|    explained_variance     | 0.879       |
|    learning_rate          | 0.000173    |
|    loss                   | 0.000206    |
|    n_updates              | 830         |
|    policy_gradient_loss   | -0.017      |
|    std                    | 0.785       |
|    value_loss             | 0.0196      |
-------------------------------------------
-----------------------------------------
| curriculum/             |             |
|    stage                | 0.33        |
| rollout/                |             |
|    ep_len_mean          | 597         |
|    ep_rew_mean          | 803         |
| time/                   |             |
|    fps                  | 172         |
|    iterations           | 85          |
|    time_elapsed         | 1513        |
|    total_timesteps      | 261120      |
| train/                  |             |
|    approx_kl            | 0.041034214 |
|    clip_fraction        | 0.26        |
|    clip_range           | 0.2         |
|    entropy_loss         | -2.35       |
|    explained_variance   | 0.921       |
|    learning_rate        | 0.000171    |
|    loss                 | -0.0328     |
|    n_updates            | 840         |
|    policy_gradient_loss | -0.0267     |
|    std                  | 0.783       |
|    value_loss           | 0.011       |
-----------------------------------------
[Step   264192] SR=0.240 | FracGoal=0.393 | Ret=810.28 | Vis=0.63 | Prog=0.059 | CollEvt=16.99 | Stage=0.33
-------------------------------------------
| curriculum/               |             |
|    stage                  | 0.33        |
| research/                 |             |
|    collision_count        | 55.3        |
|    collision_event_count  | 17          |
|    curriculum_stage       | 0.33        |
|    episode_length         | 602         |
|    episode_return         | 810         |
|    fraction_at_goal       | 0.393       |
|    reward_collision       | -0.00758    |
|    reward_progress        | 0.0595      |
|    reward_zero_visibility | -0.0206     |
|    stray_count            | 0.12        |
|    success_rate           | 0.24        |
|    visibility_ratio       | 0.633       |
| rollout/                  |             |
|    ep_len_mean            | 602         |
|    ep_rew_mean            | 810         |
| time/                     |             |
|    fps                    | 172         |
|    iterations             | 86          |
|    time_elapsed           | 1535        |
|    total_timesteps        | 264192      |
| train/                    |             |
|    approx_kl              | 0.040970974 |
|    clip_fraction          | 0.246       |
|    clip_range             | 0.2         |
|    entropy_loss           | -2.35       |
|    explained_variance     | 0.713       |
|    learning_rate          | 0.000169    |
|    loss                   | -0.0171     |
|    n_updates              | 850         |
|    policy_gradient_loss   | -0.0272     |
|    std                    | 0.782       |
|    value_loss             | 0.0534      |
-------------------------------------------
-----------------------------------------
| curriculum/             |             |
|    stage                | 0.33        |
| rollout/                |             |
|    ep_len_mean          | 596         |
|    ep_rew_mean          | 803         |
| time/                   |             |
|    fps                  | 172         |
|    iterations           | 87          |
|    time_elapsed         | 1553        |
|    total_timesteps      | 267264      |
| train/                  |             |
|    approx_kl            | 0.041533336 |
|    clip_fraction        | 0.258       |
|    clip_range           | 0.2         |
|    entropy_loss         | -2.34       |
|    explained_variance   | 0.9         |
|    learning_rate        | 0.000168    |
|    loss                 | -0.0458     |
|    n_updates            | 860         |
|    policy_gradient_loss | -0.0274     |
|    std                  | 0.779       |
|    value_loss           | 0.0203      |
-----------------------------------------
[Step   270336] SR=0.250 | FracGoal=0.393 | Ret=802.78 | Vis=0.63 | Prog=0.063 | CollEvt=17.22 | Stage=0.33
------------------------------------------
| curriculum/               |            |
|    stage                  | 0.33       |
| research/                 |            |
|    collision_count        | 56.2       |
|    collision_event_count  | 17.2       |
|    curriculum_stage       | 0.33       |
|    episode_length         | 596        |
|    episode_return         | 803        |
|    fraction_at_goal       | 0.393      |
|    reward_collision       | -0.00773   |
|    reward_progress        | 0.0628     |
|    reward_zero_visibility | -0.0211    |
|    stray_count            | 0.15       |
|    success_rate           | 0.25       |
|    visibility_ratio       | 0.628      |
| rollout/                  |            |
|    ep_len_mean            | 596        |
|    ep_rew_mean            | 803        |
| time/                     |            |
|    fps                    | 172        |
|    iterations             | 88         |
|    time_elapsed           | 1568       |
|    total_timesteps        | 270336     |
| train/                    |            |
|    approx_kl              | 0.03970594 |
|    clip_fraction          | 0.252      |
|    clip_range             | 0.2        |
|    entropy_loss           | -2.34      |
|    explained_variance     | 0.901      |
|    learning_rate          | 0.000166   |
|    loss                   | -0.0498    |
|    n_updates              | 870        |
|    policy_gradient_loss   | -0.034     |
|    std                    | 0.778      |
|    value_loss             | 0.0439     |
------------------------------------------
-----------------------------------------
| curriculum/             |             |
|    stage                | 0.33        |
| rollout/                |             |
|    ep_len_mean          | 590         |
|    ep_rew_mean          | 794         |
| time/                   |             |
|    fps                  | 173         |
|    iterations           | 89          |
|    time_elapsed         | 1578        |
|    total_timesteps      | 273408      |
| train/                  |             |
|    approx_kl            | 0.049234476 |
|    clip_fraction        | 0.29        |
|    clip_range           | 0.2         |
|    entropy_loss         | -2.34       |
|    explained_variance   | 0.94        |
|    learning_rate        | 0.000165    |
|    loss                 | -0.0749     |
|    n_updates            | 880         |
|    policy_gradient_loss | -0.0324     |
|    std                  | 0.777       |
|    value_loss           | 0.0287      |
-----------------------------------------
[validation @ 275,088] SR=0.300 | FracGoal=0.344 | MeanDist=4.41 | best=0.381
[Step   276480] SR=0.250 | FracGoal=0.386 | Ret=799.90 | Vis=0.63 | Prog=0.063 | CollEvt=16.77 | Stage=0.33
-------------------------------------------
| curriculum/               |             |
|    stage                  | 0.33        |
| research/                 |             |
|    collision_count        | 53.6        |
|    collision_event_count  | 16.8        |
|    curriculum_stage       | 0.33        |
|    episode_length         | 596         |
|    episode_return         | 800         |
|    fraction_at_goal       | 0.386       |
|    reward_collision       | -0.00741    |
|    reward_progress        | 0.0629      |
|    reward_zero_visibility | -0.0203     |
|    stray_count            | 0.13        |
|    success_rate           | 0.25        |
|    visibility_ratio       | 0.634       |
| rollout/                  |             |
|    ep_len_mean            | 596         |
|    ep_rew_mean            | 800         |
| time/                     |             |
|    fps                    | 170         |
|    iterations             | 90          |
|    time_elapsed           | 1621        |
|    total_timesteps        | 276480      |
| train/                    |             |
|    approx_kl              | 0.040675275 |
|    clip_fraction          | 0.269       |
|    clip_range             | 0.2         |
|    entropy_loss           | -2.33       |
|    explained_variance     | 0.791       |
|    learning_rate          | 0.000163    |
|    loss                   | -0.0641     |
|    n_updates              | 890         |
|    policy_gradient_loss   | -0.03       |
|    std                    | 0.775       |
|    value_loss             | 0.0246      |
| validation/               |             |
|    episode_length         | 552         |
|    fraction_at_goal       | 0.344       |
|    mean_dist_to_goal      | 4.41        |
|    success_rate           | 0.3         |
-------------------------------------------
-----------------------------------------
| curriculum/             |             |
|    stage                | 0.33        |
| rollout/                |             |
|    ep_len_mean          | 583         |
|    ep_rew_mean          | 779         |
| time/                   |             |
|    fps                  | 171         |
|    iterations           | 91          |
|    time_elapsed         | 1630        |
|    total_timesteps      | 279552      |
| train/                  |             |
|    approx_kl            | 0.048135377 |
|    clip_fraction        | 0.31        |
|    clip_range           | 0.2         |
|    entropy_loss         | -2.33       |
|    explained_variance   | 0.948       |
|    learning_rate        | 0.000162    |
|    loss                 | -0.0773     |
|    n_updates            | 900         |
|    policy_gradient_loss | -0.0323     |
|    std                  | 0.775       |
|    value_loss           | 0.00939     |
-----------------------------------------
[Step   282624] SR=0.290 | FracGoal=0.427 | Ret=780.67 | Vis=0.65 | Prog=0.067 | CollEvt=16.68 | Stage=0.33
------------------------------------------
| curriculum/               |            |
|    stage                  | 0.33       |
| research/                 |            |
|    collision_count        | 51.1       |
|    collision_event_count  | 16.7       |
|    curriculum_stage       | 0.33       |
|    episode_length         | 581        |
|    episode_return         | 781        |
|    fraction_at_goal       | 0.427      |
|    reward_collision       | -0.00743   |
|    reward_progress        | 0.0674     |
|    reward_zero_visibility | -0.0183    |
|    stray_count            | 0.13       |
|    success_rate           | 0.29       |
|    visibility_ratio       | 0.645      |
| rollout/                  |            |
|    ep_len_mean            | 581        |
|    ep_rew_mean            | 781        |
| time/                     |            |
|    fps                    | 171        |
|    iterations             | 92         |
|    time_elapsed           | 1645       |
|    total_timesteps        | 282624     |
| train/                    |            |
|    approx_kl              | 0.05396728 |
|    clip_fraction          | 0.286      |
|    clip_range             | 0.2        |
|    entropy_loss           | -2.33      |
|    explained_variance     | 0.819      |
|    learning_rate          | 0.00016    |
|    loss                   | -0.0609    |
|    n_updates              | 910        |
|    policy_gradient_loss   | -0.022     |
|    std                    | 0.776      |
|    value_loss             | 0.0277     |
------------------------------------------
-----------------------------------------
| curriculum/             |             |
|    stage                | 0.33        |
| rollout/                |             |
|    ep_len_mean          | 583         |
|    ep_rew_mean          | 786         |
| time/                   |             |
|    fps                  | 172         |
|    iterations           | 93          |
|    time_elapsed         | 1660        |
|    total_timesteps      | 285696      |
| train/                  |             |
|    approx_kl            | 0.049114525 |
|    clip_fraction        | 0.252       |
|    clip_range           | 0.2         |
|    entropy_loss         | -2.33       |
|    explained_variance   | 0.875       |
|    learning_rate        | 0.000159    |
|    loss                 | -0.0351     |
|    n_updates            | 920         |
|    policy_gradient_loss | -0.0333     |
|    std                  | 0.775       |
|    value_loss           | 0.0183      |
-----------------------------------------
[Step   288768] SR=0.270 | FracGoal=0.398 | Ret=795.34 | Vis=0.64 | Prog=0.065 | CollEvt=17.28 | Stage=0.33
-------------------------------------------
| curriculum/               |             |
|    stage                  | 0.33        |
| research/                 |             |
|    collision_count        | 49.2        |
|    collision_event_count  | 17.3        |
|    curriculum_stage       | 0.33        |
|    episode_length         | 592         |
|    episode_return         | 795         |
|    fraction_at_goal       | 0.398       |
|    reward_collision       | -0.0074     |
|    reward_progress        | 0.0646      |
|    reward_zero_visibility | -0.0193     |
|    stray_count            | 0.15        |
|    success_rate           | 0.27        |
|    visibility_ratio       | 0.643       |
| rollout/                  |             |
|    ep_len_mean            | 592         |
|    ep_rew_mean            | 795         |
| time/                     |             |
|    fps                    | 172         |
|    iterations             | 94          |
|    time_elapsed           | 1672        |
|    total_timesteps        | 288768      |
| train/                    |             |
|    approx_kl              | 0.041388296 |
|    clip_fraction          | 0.281       |
|    clip_range             | 0.2         |
|    entropy_loss           | -2.33       |
|    explained_variance     | 0.826       |
|    learning_rate          | 0.000157    |
|    loss                   | -0.0634     |
|    n_updates              | 930         |
|    policy_gradient_loss   | -0.024      |
|    std                    | 0.774       |
|    value_loss             | 0.0175      |
-------------------------------------------
---------------------------------------
| curriculum/             |           |
|    stage                | 0.33      |
| rollout/                |           |
|    ep_len_mean          | 591       |
|    ep_rew_mean          | 793       |
| time/                   |           |
|    fps                  | 173       |
|    iterations           | 95        |
|    time_elapsed         | 1686      |
|    total_timesteps      | 291840    |
| train/                  |           |
|    approx_kl            | 0.0483033 |
|    clip_fraction        | 0.27      |
|    clip_range           | 0.2       |
|    entropy_loss         | -2.33     |
|    explained_variance   | 0.92      |
|    learning_rate        | 0.000156  |
|    loss                 | -0.0508   |
|    n_updates            | 940       |
|    policy_gradient_loss | -0.0333   |
|    std                  | 0.776     |
|    value_loss           | 0.00758   |
---------------------------------------
[Step   294912] SR=0.260 | FracGoal=0.385 | Ret=798.37 | Vis=0.65 | Prog=0.062 | CollEvt=17.28 | Stage=0.33
-------------------------------------------
| curriculum/               |             |
|    stage                  | 0.33        |
| research/                 |             |
|    collision_count        | 53.9        |
|    collision_event_count  | 17.3        |
|    curriculum_stage       | 0.33        |
|    episode_length         | 594         |
|    episode_return         | 798         |
|    fraction_at_goal       | 0.385       |
|    reward_collision       | -0.00737    |
|    reward_progress        | 0.062       |
|    reward_zero_visibility | -0.0195     |
|    stray_count            | 0.15        |
|    success_rate           | 0.26        |
|    visibility_ratio       | 0.651       |
| rollout/                  |             |
|    ep_len_mean            | 594         |
|    ep_rew_mean            | 798         |
| time/                     |             |
|    fps                    | 173         |
|    iterations             | 96          |
|    time_elapsed           | 1701        |
|    total_timesteps        | 294912      |
| train/                    |             |
|    approx_kl              | 0.046243772 |
|    clip_fraction          | 0.251       |
|    clip_range             | 0.2         |
|    entropy_loss           | -2.33       |
|    explained_variance     | 0.804       |
|    learning_rate          | 0.000154    |
|    loss                   | -0.0171     |
|    n_updates              | 950         |
|    policy_gradient_loss   | -0.036      |
|    std                    | 0.774       |
|    value_loss             | 0.0255      |
-------------------------------------------
-----------------------------------------
| curriculum/             |             |
|    stage                | 0.33        |
| rollout/                |             |
|    ep_len_mean          | 586         |
|    ep_rew_mean          | 791         |
| time/                   |             |
|    fps                  | 173         |
|    iterations           | 97          |
|    time_elapsed         | 1716        |
|    total_timesteps      | 297984      |
| train/                  |             |
|    approx_kl            | 0.037651777 |
|    clip_fraction        | 0.246       |
|    clip_range           | 0.2         |
|    entropy_loss         | -2.32       |
|    explained_variance   | 0.745       |
|    learning_rate        | 0.000153    |
|    loss                 | -0.0345     |
|    n_updates            | 960         |
|    policy_gradient_loss | -0.0361     |
|    std                  | 0.768       |
|    value_loss           | 0.0467      |
-----------------------------------------
[validation @ 300,096] SR=0.367 | FracGoal=0.423 | MeanDist=3.83 | best=0.423
[Step   301056] SR=0.290 | FracGoal=0.419 | Ret=787.83 | Vis=0.65 | Prog=0.069 | CollEvt=15.96 | Stage=0.33
------------------------------------------
| curriculum/               |            |
|    stage                  | 0.33       |
| research/                 |            |
|    collision_count        | 50.7       |
|    collision_event_count  | 16         |
|    curriculum_stage       | 0.33       |
|    episode_length         | 581        |
|    episode_return         | 788        |
|    fraction_at_goal       | 0.419      |
|    reward_collision       | -0.00698   |
|    reward_progress        | 0.0686     |
|    reward_zero_visibility | -0.0182    |
|    stray_count            | 0.14       |
|    success_rate           | 0.29       |
|    visibility_ratio       | 0.653      |
| rollout/                  |            |
|    ep_len_mean            | 581        |
|    ep_rew_mean            | 788        |
| time/                     |            |
|    fps                    | 171        |
|    iterations             | 98         |
|    time_elapsed           | 1756       |
|    total_timesteps        | 301056     |
| train/                    |            |
|    approx_kl              | 0.03715293 |
|    clip_fraction          | 0.255      |
|    clip_range             | 0.2        |
|    entropy_loss           | -2.31      |
|    explained_variance     | 0.852      |
|    learning_rate          | 0.000151   |
|    loss                   | -0.0465    |
|    n_updates              | 970        |
|    policy_gradient_loss   | -0.0309    |
|    std                    | 0.766      |
|    value_loss             | 0.025      |
| validation/               |            |
|    episode_length         | 542        |
|    fraction_at_goal       | 0.423      |
|    mean_dist_to_goal      | 3.83       |
|    success_rate           | 0.367      |
------------------------------------------
-----------------------------------------
| curriculum/             |             |
|    stage                | 0.33        |
| rollout/                |             |
|    ep_len_mean          | 569         |
|    ep_rew_mean          | 778         |
| time/                   |             |
|    fps                  | 171         |
|    iterations           | 99          |
|    time_elapsed         | 1771        |
|    total_timesteps      | 304128      |
| train/                  |             |
|    approx_kl            | 0.033006333 |
|    clip_fraction        | 0.254       |
|    clip_range           | 0.2         |
|    entropy_loss         | -2.3        |
|    explained_variance   | 0.796       |
|    learning_rate        | 0.000149    |
|    loss                 | -0.0821     |
|    n_updates            | 980         |
|    policy_gradient_loss | -0.0283     |
|    std                  | 0.765       |
|    value_loss           | 0.0393      |
-----------------------------------------
Adaptive curriculum advanced to stage 0.66 at timestep 306,624
[Step   307200] SR=0.340 | FracGoal=0.473 | Ret=773.26 | Vis=0.66 | Prog=0.072 | CollEvt=15.14 | Stage=0.33
------------------------------------------
| curriculum/               |            |
|    stage                  | 0.66       |
| research/                 |            |
|    collision_count        | 47.2       |
|    collision_event_count  | 15.1       |
|    curriculum_stage       | 0.33       |
|    episode_length         | 566        |
|    episode_return         | 773        |
|    fraction_at_goal       | 0.473      |
|    reward_collision       | -0.00673   |
|    reward_progress        | 0.0723     |
|    reward_zero_visibility | -0.0179    |
|    stray_count            | 0.14       |
|    success_rate           | 0.34       |
|    visibility_ratio       | 0.659      |
| rollout/                  |            |
|    ep_len_mean            | 566        |
|    ep_rew_mean            | 773        |
| time/                     |            |
|    fps                    | 171        |
|    iterations             | 100        |
|    time_elapsed           | 1788       |
|    total_timesteps        | 307200     |
| train/                    |            |
|    approx_kl              | 0.04114802 |
|    clip_fraction          | 0.224      |
|    clip_range             | 0.2        |
|    entropy_loss           | -2.3       |
|    explained_variance     | 0.822      |
|    learning_rate          | 0.000148   |
|    loss                   | -0.0313    |
|    n_updates              | 990        |
|    policy_gradient_loss   | -0.0294    |
|    std                    | 0.765      |
|    value_loss             | 0.0442     |
------------------------------------------
-----------------------------------------
| curriculum/             |             |
|    stage                | 0.66        |
| rollout/                |             |
|    ep_len_mean          | 562         |
|    ep_rew_mean          | 773         |
| time/                   |             |
|    fps                  | 172         |
|    iterations           | 101         |
|    time_elapsed         | 1793        |
|    total_timesteps      | 310272      |
| train/                  |             |
|    approx_kl            | 0.039053656 |
|    clip_fraction        | 0.268       |
|    clip_range           | 0.2         |
|    entropy_loss         | -2.3        |
|    explained_variance   | 0.825       |
|    learning_rate        | 0.000146    |
|    loss                 | -0.068      |
|    n_updates            | 1000        |
|    policy_gradient_loss | -0.0307     |
|    std                  | 0.764       |
|    value_loss           | 0.0296      |
-----------------------------------------
[Step   313344] SR=0.350 | FracGoal=0.496 | Ret=777.60 | Vis=0.67 | Prog=0.072 | CollEvt=15.83 | Stage=0.66
-------------------------------------------
| curriculum/               |             |
|    stage                  | 0.66        |
| research/                 |             |
|    collision_count        | 50.1        |
|    collision_event_count  | 15.8        |
|    curriculum_stage       | 0.66        |
|    episode_length         | 567         |
|    episode_return         | 778         |
|    fraction_at_goal       | 0.496       |
|    reward_collision       | -0.00681    |
|    reward_progress        | 0.0718      |
|    reward_zero_visibility | -0.0158     |
|    stray_count            | 0.14        |
|    success_rate           | 0.35        |
|    visibility_ratio       | 0.674       |
| rollout/                  |             |
|    ep_len_mean            | 567         |
|    ep_rew_mean            | 778         |
| time/                     |             |
|    fps                    | 173         |
|    iterations             | 102         |
|    time_elapsed           | 1810        |
|    total_timesteps        | 313344      |
| train/                    |             |
|    approx_kl              | 0.051143594 |
|    clip_fraction          | 0.271       |
|    clip_range             | 0.2         |
|    entropy_loss           | -2.3        |
|    explained_variance     | 0.825       |
|    learning_rate          | 0.000145    |
|    loss                   | 0.0565      |
|    n_updates              | 1010        |
|    policy_gradient_loss   | -0.0228     |
|    std                    | 0.761       |
|    value_loss             | 0.025       |
-------------------------------------------
----------------------------------------
| curriculum/             |            |
|    stage                | 0.66       |
| rollout/                |            |
|    ep_len_mean          | 564        |
|    ep_rew_mean          | 777        |
| time/                   |            |
|    fps                  | 173        |
|    iterations           | 103        |
|    time_elapsed         | 1825       |
|    total_timesteps      | 316416     |
| train/                  |            |
|    approx_kl            | 0.04190694 |
|    clip_fraction        | 0.293      |
|    clip_range           | 0.2        |
|    entropy_loss         | -2.29      |
|    explained_variance   | 0.911      |
|    learning_rate        | 0.000143   |
|    loss                 | -0.0524    |
|    n_updates            | 1020       |
|    policy_gradient_loss | -0.03      |
|    std                  | 0.762      |
|    value_loss           | 0.011      |
----------------------------------------
[Step   319488] SR=0.350 | FracGoal=0.493 | Ret=778.51 | Vis=0.69 | Prog=0.076 | CollEvt=16.45 | Stage=0.66
-------------------------------------------
| curriculum/               |             |
|    stage                  | 0.66        |
| research/                 |             |
|    collision_count        | 52.2        |
|    collision_event_count  | 16.5        |
|    curriculum_stage       | 0.66        |
|    episode_length         | 566         |
|    episode_return         | 779         |
|    fraction_at_goal       | 0.493       |
|    reward_collision       | -0.00717    |
|    reward_progress        | 0.0761      |
|    reward_zero_visibility | -0.0135     |
|    stray_count            | 0.14        |
|    success_rate           | 0.35        |
|    visibility_ratio       | 0.687       |
| rollout/                  |             |
|    ep_len_mean            | 566         |
|    ep_rew_mean            | 779         |
| time/                     |             |
|    fps                    | 173         |
|    iterations             | 104         |
|    time_elapsed           | 1842        |
|    total_timesteps        | 319488      |
| train/                    |             |
|    approx_kl              | 0.053770687 |
|    clip_fraction          | 0.279       |
|    clip_range             | 0.2         |
|    entropy_loss           | -2.29       |
|    explained_variance     | 0.751       |
|    learning_rate          | 0.000142    |
|    loss                   | -0.0668     |
|    n_updates              | 1030        |
|    policy_gradient_loss   | -0.0275     |
|    std                    | 0.759       |
|    value_loss             | 0.0214      |
-------------------------------------------
----------------------------------------
| curriculum/             |            |
|    stage                | 0.66       |
| rollout/                |            |
|    ep_len_mean          | 570        |
|    ep_rew_mean          | 776        |
| time/                   |            |
|    fps                  | 174        |
|    iterations           | 105        |
|    time_elapsed         | 1851       |
|    total_timesteps      | 322560     |
| train/                  |            |
|    approx_kl            | 0.04295636 |
|    clip_fraction        | 0.269      |
|    clip_range           | 0.2        |
|    entropy_loss         | -2.28      |
|    explained_variance   | 0.826      |
|    learning_rate        | 0.00014    |
|    loss                 | -0.089     |
|    n_updates            | 1040       |
|    policy_gradient_loss | -0.0341    |
|    std                  | 0.758      |
|    value_loss           | 0.0202     |
----------------------------------------
[validation @ 325,104] SR=0.267 | FracGoal=0.354 | MeanDist=3.65 | best=0.423
[Step   325632] SR=0.340 | FracGoal=0.480 | Ret=770.13 | Vis=0.69 | Prog=0.079 | CollEvt=17.27 | Stage=0.66
------------------------------------------
| curriculum/               |            |
|    stage                  | 0.66       |
| research/                 |            |
|    collision_count        | 58.5       |
|    collision_event_count  | 17.3       |
|    curriculum_stage       | 0.66       |
|    episode_length         | 563        |
|    episode_return         | 770        |
|    fraction_at_goal       | 0.48       |
|    reward_collision       | -0.00763   |
|    reward_progress        | 0.0792     |
|    reward_zero_visibility | -0.0157    |
|    stray_count            | 0.14       |
|    success_rate           | 0.34       |
|    visibility_ratio       | 0.691      |
| rollout/                  |            |
|    ep_len_mean            | 563        |
|    ep_rew_mean            | 770        |
| time/                     |            |
|    fps                    | 171        |
|    iterations             | 106        |
|    time_elapsed           | 1896       |
|    total_timesteps        | 325632     |
| train/                    |            |
|    approx_kl              | 0.07920793 |
|    clip_fraction          | 0.323      |
|    clip_range             | 0.2        |
|    entropy_loss           | -2.28      |
|    explained_variance     | 0.846      |
|    learning_rate          | 0.000139   |
|    loss                   | 0.0322     |
|    n_updates              | 1050       |
|    policy_gradient_loss   | -0.0228    |
|    std                    | 0.757      |
|    value_loss             | 0.0119     |
| validation/               |            |
|    episode_length         | 568        |
|    fraction_at_goal       | 0.354      |
|    mean_dist_to_goal      | 3.65       |
|    success_rate           | 0.267      |
------------------------------------------
-----------------------------------------
| curriculum/             |             |
|    stage                | 0.66        |
| rollout/                |             |
|    ep_len_mean          | 556         |
|    ep_rew_mean          | 761         |
| time/                   |             |
|    fps                  | 171         |
|    iterations           | 107         |
|    time_elapsed         | 1914        |
|    total_timesteps      | 328704      |
| train/                  |             |
|    approx_kl            | 0.023762938 |
|    clip_fraction        | 0.257       |
|    clip_range           | 0.2         |
|    entropy_loss         | -2.28       |
|    explained_variance   | 0.854       |
|    learning_rate        | 0.000137    |
|    loss                 | -0.0527     |
|    n_updates            | 1060        |
|    policy_gradient_loss | -0.0234     |
|    std                  | 0.756       |
|    value_loss           | 0.019       |
-----------------------------------------
[Step   331776] SR=0.370 | FracGoal=0.502 | Ret=758.11 | Vis=0.69 | Prog=0.080 | CollEvt=17.60 | Stage=0.66
------------------------------------------
| curriculum/               |            |
|    stage                  | 0.66       |
| research/                 |            |
|    collision_count        | 57.1       |
|    collision_event_count  | 17.6       |
|    curriculum_stage       | 0.66       |
|    episode_length         | 553        |
|    episode_return         | 758        |
|    fraction_at_goal       | 0.502      |
|    reward_collision       | -0.00769   |
|    reward_progress        | 0.0797     |
|    reward_zero_visibility | -0.0143    |
|    stray_count            | 0.16       |
|    success_rate           | 0.37       |
|    visibility_ratio       | 0.689      |
| rollout/                  |            |
|    ep_len_mean            | 553        |
|    ep_rew_mean            | 758        |
| time/                     |            |
|    fps                    | 171        |
|    iterations             | 108        |
|    time_elapsed           | 1930       |
|    total_timesteps        | 331776     |
| train/                    |            |
|    approx_kl              | 0.06403895 |
|    clip_fraction          | 0.317      |
|    clip_range             | 0.2        |
|    entropy_loss           | -2.28      |
|    explained_variance     | 0.84       |
|    learning_rate          | 0.000136   |
|    loss                   | -0.0508    |
|    n_updates              | 1070       |
|    policy_gradient_loss   | -0.0167    |
|    std                    | 0.756      |
|    value_loss             | 0.0357     |
------------------------------------------
Adaptive curriculum fell back to stage 0.33 at timestep 333,480
----------------------------------------
| curriculum/             |            |
|    stage                | 0.33       |
| rollout/                |            |
|    ep_len_mean          | 550        |
|    ep_rew_mean          | 755        |
| time/                   |            |
|    fps                  | 172        |
|    iterations           | 109        |
|    time_elapsed         | 1938       |
|    total_timesteps      | 334848     |
| train/                  |            |
|    approx_kl            | 0.03907402 |
|    clip_fraction        | 0.287      |
|    clip_range           | 0.2        |
|    entropy_loss         | -2.28      |
|    explained_variance   | 0.888      |
|    learning_rate        | 0.000134   |
|    loss                 | -0.0577    |
|    n_updates            | 1080       |
|    policy_gradient_loss | -0.0234    |
|    std                  | 0.754      |
|    value_loss           | 0.0145     |
----------------------------------------
[Step   337920] SR=0.360 | FracGoal=0.473 | Ret=748.99 | Vis=0.70 | Prog=0.085 | CollEvt=16.77 | Stage=0.33
------------------------------------------
| curriculum/               |            |
|    stage                  | 0.33       |
| research/                 |            |
|    collision_count        | 52.6       |
|    collision_event_count  | 16.8       |
|    curriculum_stage       | 0.33       |
|    episode_length         | 548        |
|    episode_return         | 749        |
|    fraction_at_goal       | 0.473      |
|    reward_collision       | -0.00715   |
|    reward_progress        | 0.0851     |
|    reward_zero_visibility | -0.0141    |
|    stray_count            | 0.15       |
|    success_rate           | 0.36       |
|    visibility_ratio       | 0.702      |
| rollout/                  |            |
|    ep_len_mean            | 548        |
|    ep_rew_mean            | 749        |
| time/                     |            |
|    fps                    | 172        |
|    iterations             | 110        |
|    time_elapsed           | 1955       |
|    total_timesteps        | 337920     |
| train/                    |            |
|    approx_kl              | 0.06985899 |
|    clip_fraction          | 0.319      |
|    clip_range             | 0.2        |
|    entropy_loss           | -2.27      |
|    explained_variance     | 0.904      |
|    learning_rate          | 0.000133   |
|    loss                   | -0.0556    |
|    n_updates              | 1090       |
|    policy_gradient_loss   | -0.0285    |
|    std                    | 0.753      |
|    value_loss             | 0.021      |
------------------------------------------
----------------------------------------
| curriculum/             |            |
|    stage                | 0.33       |
| rollout/                |            |
|    ep_len_mean          | 534        |
|    ep_rew_mean          | 735        |
| time/                   |            |
|    fps                  | 172        |
|    iterations           | 111        |
|    time_elapsed         | 1972       |
|    total_timesteps      | 340992     |
| train/                  |            |
|    approx_kl            | 0.05690731 |
|    clip_fraction        | 0.263      |
|    clip_range           | 0.2        |
|    entropy_loss         | -2.27      |
|    explained_variance   | 0.919      |
|    learning_rate        | 0.000131   |
|    loss                 | -0.0639    |
|    n_updates            | 1100       |
|    policy_gradient_loss | -0.0272    |
|    std                  | 0.754      |
|    value_loss           | 0.0256     |
----------------------------------------
[Step   344064] SR=0.410 | FracGoal=0.509 | Ret=740.58 | Vis=0.71 | Prog=0.087 | CollEvt=15.72 | Stage=0.33
-------------------------------------------
| curriculum/               |             |
|    stage                  | 0.33        |
| research/                 |             |
|    collision_count        | 49.9        |
|    collision_event_count  | 15.7        |
|    curriculum_stage       | 0.33        |
|    episode_length         | 537         |
|    episode_return         | 741         |
|    fraction_at_goal       | 0.509       |
|    reward_collision       | -0.00688    |
|    reward_progress        | 0.0872      |
|    reward_zero_visibility | -0.012      |
|    stray_count            | 0.14        |
|    success_rate           | 0.41        |
|    visibility_ratio       | 0.714       |
| rollout/                  |             |
|    ep_len_mean            | 537         |
|    ep_rew_mean            | 741         |
| time/                     |             |
|    fps                    | 173         |
|    iterations             | 112         |
|    time_elapsed           | 1980        |
|    total_timesteps        | 344064      |
| train/                    |             |
|    approx_kl              | 0.055695847 |
|    clip_fraction          | 0.259       |
|    clip_range             | 0.2         |
|    entropy_loss           | -2.28       |
|    explained_variance     | 0.875       |
|    learning_rate          | 0.00013     |
|    loss                   | -0.0386     |
|    n_updates              | 1110        |
|    policy_gradient_loss   | -0.0338     |
|    std                    | 0.755       |
|    value_loss             | 0.0262      |
-------------------------------------------
-----------------------------------------
| curriculum/             |             |
|    stage                | 0.33        |
| rollout/                |             |
|    ep_len_mean          | 530         |
|    ep_rew_mean          | 735         |
| time/                   |             |
|    fps                  | 173         |
|    iterations           | 113         |
|    time_elapsed         | 1995        |
|    total_timesteps      | 347136      |
| train/                  |             |
|    approx_kl            | 0.040443383 |
|    clip_fraction        | 0.258       |
|    clip_range           | 0.2         |
|    entropy_loss         | -2.28       |
|    explained_variance   | 0.876       |
|    learning_rate        | 0.000128    |
|    loss                 | -0.047      |
|    n_updates            | 1120        |
|    policy_gradient_loss | -0.0274     |
|    std                  | 0.754       |
|    value_loss           | 0.0455      |
-----------------------------------------
[validation @ 350,112] SR=0.300 | FracGoal=0.377 | MeanDist=3.89 | best=0.423
[Step   350208] SR=0.410 | FracGoal=0.521 | Ret=728.61 | Vis=0.70 | Prog=0.092 | CollEvt=15.61 | Stage=0.33
-------------------------------------------
| curriculum/               |             |
|    stage                  | 0.33        |
| research/                 |             |
|    collision_count        | 46.8        |
|    collision_event_count  | 15.6        |
|    curriculum_stage       | 0.33        |
|    episode_length         | 528         |
|    episode_return         | 729         |
|    fraction_at_goal       | 0.521       |
|    reward_collision       | -0.00691    |
|    reward_progress        | 0.0921      |
|    reward_zero_visibility | -0.0121     |
|    stray_count            | 0.14        |
|    success_rate           | 0.41        |
|    visibility_ratio       | 0.704       |
| rollout/                  |             |
|    ep_len_mean            | 528         |
|    ep_rew_mean            | 729         |
| time/                     |             |
|    fps                    | 171         |
|    iterations             | 114         |
|    time_elapsed           | 2041        |
|    total_timesteps        | 350208      |
| train/                    |             |
|    approx_kl              | 0.049425215 |
|    clip_fraction          | 0.28        |
|    clip_range             | 0.2         |
|    entropy_loss           | -2.27       |
|    explained_variance     | 0.911       |
|    learning_rate          | 0.000126    |
|    loss                   | -0.0598     |
|    n_updates              | 1130        |
|    policy_gradient_loss   | -0.028      |
|    std                    | 0.751       |
|    value_loss             | 0.0224      |
| validation/               |             |
|    episode_length         | 556         |
|    fraction_at_goal       | 0.377       |
|    mean_dist_to_goal      | 3.89        |
|    success_rate           | 0.3         |
-------------------------------------------
-----------------------------------------
| curriculum/             |             |
|    stage                | 0.33        |
| rollout/                |             |
|    ep_len_mean          | 520         |
|    ep_rew_mean          | 721         |
| time/                   |             |
|    fps                  | 172         |
|    iterations           | 115         |
|    time_elapsed         | 2051        |
|    total_timesteps      | 353280      |
| train/                  |             |
|    approx_kl            | 0.035234544 |
|    clip_fraction        | 0.249       |
|    clip_range           | 0.2         |
|    entropy_loss         | -2.26       |
|    explained_variance   | 0.884       |
|    learning_rate        | 0.000125    |
|    loss                 | -0.0384     |
|    n_updates            | 1140        |
|    policy_gradient_loss | -0.0266     |
|    std                  | 0.751       |
|    value_loss           | 0.0307      |
-----------------------------------------
[Step   356352] SR=0.420 | FracGoal=0.527 | Ret=719.37 | Vis=0.72 | Prog=0.097 | CollEvt=15.78 | Stage=0.33
-------------------------------------------
| curriculum/               |             |
|    stage                  | 0.33        |
| research/                 |             |
|    collision_count        | 46.5        |
|    collision_event_count  | 15.8        |
|    curriculum_stage       | 0.33        |
|    episode_length         | 520         |
|    episode_return         | 719         |
|    fraction_at_goal       | 0.527       |
|    reward_collision       | -0.00691    |
|    reward_progress        | 0.0975      |
|    reward_zero_visibility | -0.011      |
|    stray_count            | 0.14        |
|    success_rate           | 0.42        |
|    visibility_ratio       | 0.716       |
| rollout/                  |             |
|    ep_len_mean            | 520         |
|    ep_rew_mean            | 719         |
| time/                     |             |
|    fps                    | 172         |
|    iterations             | 116         |
|    time_elapsed           | 2067        |
|    total_timesteps        | 356352      |
| train/                    |             |
|    approx_kl              | 0.039761096 |
|    clip_fraction          | 0.256       |
|    clip_range             | 0.2         |
|    entropy_loss           | -2.27       |
|    explained_variance     | 0.843       |
|    learning_rate          | 0.000123    |
|    loss                   | -0.0349     |
|    n_updates              | 1150        |
|    policy_gradient_loss   | -0.0241     |
|    std                    | 0.751       |
|    value_loss             | 0.0348      |
-------------------------------------------
Adaptive curriculum advanced to stage 0.66 at timestep 358,488
-----------------------------------------
| curriculum/             |             |
|    stage                | 0.66        |
| rollout/                |             |
|    ep_len_mean          | 522         |
|    ep_rew_mean          | 721         |
| time/                   |             |
|    fps                  | 172         |
|    iterations           | 117         |
|    time_elapsed         | 2080        |
|    total_timesteps      | 359424      |
| train/                  |             |
|    approx_kl            | 0.036703564 |
|    clip_fraction        | 0.246       |
|    clip_range           | 0.2         |
|    entropy_loss         | -2.26       |
|    explained_variance   | 0.861       |
|    learning_rate        | 0.000122    |
|    loss                 | -0.051      |
|    n_updates            | 1160        |
|    policy_gradient_loss | -0.0307     |
|    std                  | 0.75        |
|    value_loss           | 0.0262      |
-----------------------------------------
[Step   362496] SR=0.390 | FracGoal=0.506 | Ret=726.27 | Vis=0.71 | Prog=0.098 | CollEvt=16.69 | Stage=0.56
-------------------------------------------
| curriculum/               |             |
|    stage                  | 0.66        |
| research/                 |             |
|    collision_count        | 49.7        |
|    collision_event_count  | 16.7        |
|    curriculum_stage       | 0.561       |
|    episode_length         | 527         |
|    episode_return         | 726         |
|    fraction_at_goal       | 0.506       |
|    reward_collision       | -0.00725    |
|    reward_progress        | 0.0976      |
|    reward_zero_visibility | -0.0102     |
|    stray_count            | 0.17        |
|    success_rate           | 0.39        |
|    visibility_ratio       | 0.711       |
| rollout/                  |             |
|    ep_len_mean            | 527         |
|    ep_rew_mean            | 726         |
| time/                     |             |
|    fps                    | 173         |
|    iterations             | 118         |
|    time_elapsed           | 2094        |
|    total_timesteps        | 362496      |
| train/                    |             |
|    approx_kl              | 0.040543687 |
|    clip_fraction          | 0.246       |
|    clip_range             | 0.2         |
|    entropy_loss           | -2.26       |
|    explained_variance     | 0.862       |
|    learning_rate          | 0.00012     |
|    loss                   | -0.0329     |
|    n_updates              | 1170        |
|    policy_gradient_loss   | -0.0305     |
|    std                    | 0.751       |
|    value_loss             | 0.0192      |
-------------------------------------------
-----------------------------------------
| curriculum/             |             |
|    stage                | 0.66        |
| rollout/                |             |
|    ep_len_mean          | 521         |
|    ep_rew_mean          | 719         |
| time/                   |             |
|    fps                  | 173         |
|    iterations           | 119         |
|    time_elapsed         | 2105        |
|    total_timesteps      | 365568      |
| train/                  |             |
|    approx_kl            | 0.040289856 |
|    clip_fraction        | 0.257       |
|    clip_range           | 0.2         |
|    entropy_loss         | -2.26       |
|    explained_variance   | 0.849       |
|    learning_rate        | 0.000119    |
|    loss                 | -0.048      |
|    n_updates            | 1180        |
|    policy_gradient_loss | -0.0274     |
|    std                  | 0.749       |
|    value_loss           | 0.0286      |
-----------------------------------------
[Step   368640] SR=0.390 | FracGoal=0.494 | Ret=724.02 | Vis=0.71 | Prog=0.097 | CollEvt=16.74 | Stage=0.66
-------------------------------------------
| curriculum/               |             |
|    stage                  | 0.66        |
| research/                 |             |
|    collision_count        | 46.6        |
|    collision_event_count  | 16.7        |
|    curriculum_stage       | 0.66        |
|    episode_length         | 527         |
|    episode_return         | 724         |
|    fraction_at_goal       | 0.494       |
|    reward_collision       | -0.00705    |
|    reward_progress        | 0.0966      |
|    reward_zero_visibility | -0.0106     |
|    stray_count            | 0.2         |
|    success_rate           | 0.39        |
|    visibility_ratio       | 0.708       |
| rollout/                  |             |
|    ep_len_mean            | 527         |
|    ep_rew_mean            | 724         |
| time/                     |             |
|    fps                    | 173         |
|    iterations             | 120         |
|    time_elapsed           | 2119        |
|    total_timesteps        | 368640      |
| train/                    |             |
|    approx_kl              | 0.050620686 |
|    clip_fraction          | 0.261       |
|    clip_range             | 0.2         |
|    entropy_loss           | -2.26       |
|    explained_variance     | 0.857       |
|    learning_rate          | 0.000117    |
|    loss                   | -0.0459     |
|    n_updates              | 1190        |
|    policy_gradient_loss   | -0.0207     |
|    std                    | 0.749       |
|    value_loss             | 0.0254      |
-------------------------------------------
-----------------------------------------
| curriculum/             |             |
|    stage                | 0.66        |
| rollout/                |             |
|    ep_len_mean          | 533         |
|    ep_rew_mean          | 732         |
| time/                   |             |
|    fps                  | 174         |
|    iterations           | 121         |
|    time_elapsed         | 2131        |
|    total_timesteps      | 371712      |
| train/                  |             |
|    approx_kl            | 0.030368984 |
|    clip_fraction        | 0.292       |
|    clip_range           | 0.2         |
|    entropy_loss         | -2.26       |
|    explained_variance   | 0.833       |
|    learning_rate        | 0.000116    |
|    loss                 | -0.0668     |
|    n_updates            | 1200        |
|    policy_gradient_loss | -0.0265     |
|    std                  | 0.748       |
|    value_loss           | 0.0109      |
-----------------------------------------
[Step   374784] SR=0.390 | FracGoal=0.486 | Ret=730.03 | Vis=0.71 | Prog=0.091 | CollEvt=17.86 | Stage=0.66
------------------------------------------
| curriculum/               |            |
|    stage                  | 0.66       |
| research/                 |            |
|    collision_count        | 46         |
|    collision_event_count  | 17.9       |
|    curriculum_stage       | 0.66       |
|    episode_length         | 533        |
|    episode_return         | 730        |
|    fraction_at_goal       | 0.486      |
|    reward_collision       | -0.00722   |
|    reward_progress        | 0.0911     |
|    reward_zero_visibility | -0.0106    |
|    stray_count            | 0.18       |
|    success_rate           | 0.39       |
|    visibility_ratio       | 0.706      |
| rollout/                  |            |
|    ep_len_mean            | 533        |
|    ep_rew_mean            | 730        |
| time/                     |            |
|    fps                    | 174        |
|    iterations             | 122        |
|    time_elapsed           | 2147       |
|    total_timesteps        | 374784     |
| train/                    |            |
|    approx_kl              | 0.04775045 |
|    clip_fraction          | 0.272      |
|    clip_range             | 0.2        |
|    entropy_loss           | -2.26      |
|    explained_variance     | 0.845      |
|    learning_rate          | 0.000114   |
|    loss                   | -0.0769    |
|    n_updates              | 1210       |
|    policy_gradient_loss   | -0.033     |
|    std                    | 0.748      |
|    value_loss             | 0.0137     |
------------------------------------------
[validation @ 375,120] SR=0.233 | FracGoal=0.290 | MeanDist=4.31 | best=0.423
-----------------------------------------
| curriculum/             |             |
|    stage                | 0.66        |
| rollout/                |             |
|    ep_len_mean          | 539         |
|    ep_rew_mean          | 738         |
| time/                   |             |
|    fps                  | 172         |
|    iterations           | 123         |
|    time_elapsed         | 2189        |
|    total_timesteps      | 377856      |
| train/                  |             |
|    approx_kl            | 0.045546073 |
|    clip_fraction        | 0.262       |
|    clip_range           | 0.2         |
|    entropy_loss         | -2.25       |
|    explained_variance   | 0.64        |
|    learning_rate        | 0.000113    |
|    loss                 | -0.0267     |
|    n_updates            | 1220        |
|    policy_gradient_loss | -0.032      |
|    std                  | 0.746       |
|    value_loss           | 0.0261      |
| validation/             |             |
|    episode_length       | 597         |
|    fraction_at_goal     | 0.29        |
|    mean_dist_to_goal    | 4.31        |
|    success_rate         | 0.233       |
-----------------------------------------
[Step   380928] SR=0.350 | FracGoal=0.462 | Ret=760.14 | Vis=0.71 | Prog=0.083 | CollEvt=18.38 | Stage=0.66
-------------------------------------------
| curriculum/               |             |
|    stage                  | 0.66        |
| research/                 |             |
|    collision_count        | 48.5        |
|    collision_event_count  | 18.4        |
|    curriculum_stage       | 0.66        |
|    episode_length         | 554         |
|    episode_return         | 760         |
|    fraction_at_goal       | 0.462       |
|    reward_collision       | -0.00729    |
|    reward_progress        | 0.0826      |
|    reward_zero_visibility | -0.00785    |
|    stray_count            | 0.16        |
|    success_rate           | 0.35        |
|    visibility_ratio       | 0.711       |
| rollout/                  |             |
|    ep_len_mean            | 554         |
|    ep_rew_mean            | 760         |
| time/                     |             |
|    fps                    | 173         |
|    iterations             | 124         |
|    time_elapsed           | 2200        |
|    total_timesteps        | 380928      |
| train/                    |             |
|    approx_kl              | 0.042915247 |
|    clip_fraction          | 0.272       |
|    clip_range             | 0.2         |
|    entropy_loss           | -2.25       |
|    explained_variance     | 0.853       |
|    learning_rate          | 0.000111    |
|    loss                   | -0.0672     |
|    n_updates              | 1230        |
|    policy_gradient_loss   | -0.0335     |
|    std                    | 0.746       |
|    value_loss             | 0.0116      |
-------------------------------------------
Adaptive curriculum fell back to stage 0.33 at timestep 383,496
-----------------------------------------
| curriculum/             |             |
|    stage                | 0.33        |
| rollout/                |             |
|    ep_len_mean          | 560         |
|    ep_rew_mean          | 768         |
| time/                   |             |
|    fps                  | 173         |
|    iterations           | 125         |
|    time_elapsed         | 2216        |
|    total_timesteps      | 384000      |
| train/                  |             |
|    approx_kl            | 0.046141155 |
|    clip_fraction        | 0.274       |
|    clip_range           | 0.2         |
|    entropy_loss         | -2.25       |
|    explained_variance   | 0.905       |
|    learning_rate        | 0.00011     |
|    loss                 | -0.0713     |
|    n_updates            | 1240        |
|    policy_gradient_loss | -0.0338     |
|    std                  | 0.744       |
|    value_loss           | 0.0118      |
-----------------------------------------
[Step   387072] SR=0.360 | FracGoal=0.476 | Ret=758.94 | Vis=0.70 | Prog=0.085 | CollEvt=16.62 | Stage=0.43
-------------------------------------------
| curriculum/               |             |
|    stage                  | 0.33        |
| research/                 |             |
|    collision_count        | 46.8        |
|    collision_event_count  | 16.6        |
|    curriculum_stage       | 0.429       |
|    episode_length         | 552         |
|    episode_return         | 759         |
|    fraction_at_goal       | 0.476       |
|    reward_collision       | -0.00678    |
|    reward_progress        | 0.0845      |
|    reward_zero_visibility | -0.0115     |
|    stray_count            | 0.16        |
|    success_rate           | 0.36        |
|    visibility_ratio       | 0.702       |
| rollout/                  |             |
|    ep_len_mean            | 552         |
|    ep_rew_mean            | 759         |
| time/                     |             |
|    fps                    | 173         |
|    iterations             | 126         |
|    time_elapsed           | 2230        |
|    total_timesteps        | 387072      |
| train/                    |             |
|    approx_kl              | 0.051698893 |
|    clip_fraction          | 0.261       |
|    clip_range             | 0.2         |
|    entropy_loss           | -2.24       |
|    explained_variance     | 0.703       |
|    learning_rate          | 0.000108    |
|    loss                   | -0.0685     |
|    n_updates              | 1250        |
|    policy_gradient_loss   | -0.0294     |
|    std                    | 0.742       |
|    value_loss             | 0.0327      |
-------------------------------------------
----------------------------------------
| curriculum/             |            |
|    stage                | 0.33       |
| rollout/                |            |
|    ep_len_mean          | 553        |
|    ep_rew_mean          | 763        |
| time/                   |            |
|    fps                  | 173        |
|    iterations           | 127        |
|    time_elapsed         | 2247       |
|    total_timesteps      | 390144     |
| train/                  |            |
|    approx_kl            | 0.03659242 |
|    clip_fraction        | 0.253      |
|    clip_range           | 0.2        |
|    entropy_loss         | -2.24      |
|    explained_variance   | 0.768      |
|    learning_rate        | 0.000106   |
|    loss                 | -0.0492    |
|    n_updates            | 1260       |
|    policy_gradient_loss | -0.0225    |
|    std                  | 0.742      |
|    value_loss           | 0.05       |
----------------------------------------
[Step   393216] SR=0.360 | FracGoal=0.478 | Ret=772.93 | Vis=0.71 | Prog=0.079 | CollEvt=16.77 | Stage=0.33
-------------------------------------------
| curriculum/               |             |
|    stage                  | 0.33        |
| research/                 |             |
|    collision_count        | 46.4        |
|    collision_event_count  | 16.8        |
|    curriculum_stage       | 0.33        |
|    episode_length         | 557         |
|    episode_return         | 773         |
|    fraction_at_goal       | 0.478       |
|    reward_collision       | -0.00699    |
|    reward_progress        | 0.0794      |
|    reward_zero_visibility | -0.00979    |
|    stray_count            | 0.16        |
|    success_rate           | 0.36        |
|    visibility_ratio       | 0.708       |
| rollout/                  |             |
|    ep_len_mean            | 557         |
|    ep_rew_mean            | 773         |
| time/                     |             |
|    fps                    | 173         |
|    iterations             | 128         |
|    time_elapsed           | 2261        |
|    total_timesteps        | 393216      |
| train/                    |             |
|    approx_kl              | 0.044594835 |
|    clip_fraction          | 0.274       |
|    clip_range             | 0.2         |
|    entropy_loss           | -2.24       |
|    explained_variance     | 0.833       |
|    learning_rate          | 0.000105    |
|    loss                   | -0.0493     |
|    n_updates              | 1270        |
|    policy_gradient_loss   | -0.024      |
|    std                    | 0.742       |
|    value_loss             | 0.0236      |
-------------------------------------------
-----------------------------------------
| curriculum/             |             |
|    stage                | 0.33        |
| rollout/                |             |
|    ep_len_mean          | 568         |
|    ep_rew_mean          | 788         |
| time/                   |             |
|    fps                  | 174         |
|    iterations           | 129         |
|    time_elapsed         | 2275        |
|    total_timesteps      | 396288      |
| train/                  |             |
|    approx_kl            | 0.045351572 |
|    clip_fraction        | 0.238       |
|    clip_range           | 0.2         |
|    entropy_loss         | -2.24       |
|    explained_variance   | 0.887       |
|    learning_rate        | 0.000103    |
|    loss                 | -0.0758     |
|    n_updates            | 1280        |
|    policy_gradient_loss | -0.0341     |
|    std                  | 0.739       |
|    value_loss           | 0.0217      |
-----------------------------------------
[Step   399360] SR=0.320 | FracGoal=0.448 | Ret=788.12 | Vis=0.70 | Prog=0.075 | CollEvt=18.42 | Stage=0.33
-------------------------------------------
| curriculum/               |             |
|    stage                  | 0.33        |
| research/                 |             |
|    collision_count        | 53.3        |
|    collision_event_count  | 18.4        |
|    curriculum_stage       | 0.33        |
|    episode_length         | 571         |
|    episode_return         | 788         |
|    fraction_at_goal       | 0.448       |
|    reward_collision       | -0.00763    |
|    reward_progress        | 0.0754      |
|    reward_zero_visibility | -0.0101     |
|    stray_count            | 0.16        |
|    success_rate           | 0.32        |
|    visibility_ratio       | 0.703       |
| rollout/                  |             |
|    ep_len_mean            | 571         |
|    ep_rew_mean            | 788         |
| time/                     |             |
|    fps                    | 174         |
|    iterations             | 130         |
|    time_elapsed           | 2289        |
|    total_timesteps        | 399360      |
| train/                    |             |
|    approx_kl              | 0.040289342 |
|    clip_fraction          | 0.247       |
|    clip_range             | 0.2         |
|    entropy_loss           | -2.23       |
|    explained_variance     | 0.851       |
|    learning_rate          | 0.000102    |
|    loss                   | -0.0681     |
|    n_updates              | 1290        |
|    policy_gradient_loss   | -0.0299     |
|    std                    | 0.739       |
|    value_loss             | 0.0273      |
-------------------------------------------
[validation @ 400,128] SR=0.233 | FracGoal=0.328 | MeanDist=4.60 | best=0.423
-----------------------------------------
| curriculum/             |             |
|    stage                | 0.33        |
| rollout/                |             |
|    ep_len_mean          | 568         |
|    ep_rew_mean          | 786         |
| time/                   |             |
|    fps                  | 172         |
|    iterations           | 131         |
|    time_elapsed         | 2332        |
|    total_timesteps      | 402432      |
| train/                  |             |
|    approx_kl            | 0.039842077 |
|    clip_fraction        | 0.236       |
|    clip_range           | 0.2         |
|    entropy_loss         | -2.23       |
|    explained_variance   | 0.902       |
|    learning_rate        | 0.0001      |
|    loss                 | -0.0548     |
|    n_updates            | 1300        |
|    policy_gradient_loss | -0.0287     |
|    std                  | 0.738       |
|    value_loss           | 0.0113      |
| validation/             |             |
|    episode_length       | 578         |
|    fraction_at_goal     | 0.328       |
|    mean_dist_to_goal    | 4.6         |
|    success_rate         | 0.233       |
-----------------------------------------
[Step   405504] SR=0.310 | FracGoal=0.425 | Ret=798.46 | Vis=0.71 | Prog=0.070 | CollEvt=19.69 | Stage=0.33
-------------------------------------------
| curriculum/               |             |
|    stage                  | 0.33        |
| research/                 |             |
|    collision_count        | 56.3        |
|    collision_event_count  | 19.7        |
|    curriculum_stage       | 0.33        |
|    episode_length         | 579         |
|    episode_return         | 798         |
|    fraction_at_goal       | 0.425       |
|    reward_collision       | -0.00793    |
|    reward_progress        | 0.0696      |
|    reward_zero_visibility | -0.0102     |
|    stray_count            | 0.16        |
|    success_rate           | 0.31        |
|    visibility_ratio       | 0.709       |
| rollout/                  |             |
|    ep_len_mean            | 579         |
|    ep_rew_mean            | 798         |
| time/                     |             |
|    fps                    | 172         |
|    iterations             | 132         |
|    time_elapsed           | 2345        |
|    total_timesteps        | 405504      |
| train/                    |             |
|    approx_kl              | 0.036686704 |
|    clip_fraction          | 0.232       |
|    clip_range             | 0.2         |
|    entropy_loss           | -2.23       |
|    explained_variance     | 0.825       |
|    learning_rate          | 9.88e-05    |
|    loss                   | -0.0292     |
|    n_updates              | 1310        |
|    policy_gradient_loss   | -0.0267     |
|    std                    | 0.736       |
|    value_loss             | 0.0331      |
-------------------------------------------
-----------------------------------------
| curriculum/             |             |
|    stage                | 0.33        |
| rollout/                |             |
|    ep_len_mean          | 587         |
|    ep_rew_mean          | 812         |
| time/                   |             |
|    fps                  | 172         |
|    iterations           | 133         |
|    time_elapsed         | 2361        |
|    total_timesteps      | 408576      |
| train/                  |             |
|    approx_kl            | 0.057301104 |
|    clip_fraction        | 0.261       |
|    clip_range           | 0.2         |
|    entropy_loss         | -2.22       |
|    explained_variance   | 0.866       |
|    learning_rate        | 9.72e-05    |
|    loss                 | -0.054      |
|    n_updates            | 1320        |
|    policy_gradient_loss | -0.0321     |
|    std                  | 0.735       |
|    value_loss           | 0.0338      |
-----------------------------------------
[Step   411648] SR=0.270 | FracGoal=0.407 | Ret=827.69 | Vis=0.70 | Prog=0.062 | CollEvt=20.75 | Stage=0.33
------------------------------------------
| curriculum/               |            |
|    stage                  | 0.33       |
| research/                 |            |
|    collision_count        | 60.5       |
|    collision_event_count  | 20.8       |
|    curriculum_stage       | 0.33       |
|    episode_length         | 600        |
|    episode_return         | 828        |
|    fraction_at_goal       | 0.407      |
|    reward_collision       | -0.00822   |
|    reward_progress        | 0.062      |
|    reward_zero_visibility | -0.0114    |
|    stray_count            | 0.15       |
|    success_rate           | 0.27       |
|    visibility_ratio       | 0.698      |
| rollout/                  |            |
|    ep_len_mean            | 600        |
|    ep_rew_mean            | 828        |
| time/                     |            |
|    fps                    | 173        |
|    iterations             | 134        |
|    time_elapsed           | 2373       |
|    total_timesteps        | 411648     |
| train/                    |            |
|    approx_kl              | 0.05562124 |
|    clip_fraction          | 0.264      |
|    clip_range             | 0.2        |
|    entropy_loss           | -2.22      |
|    explained_variance     | 0.892      |
|    learning_rate          | 9.57e-05   |
|    loss                   | -0.0496    |
|    n_updates              | 1330       |
|    policy_gradient_loss   | -0.0288    |
|    std                    | 0.735      |
|    value_loss             | 0.0197     |
------------------------------------------
----------------------------------------
| curriculum/             |            |
|    stage                | 0.33       |
| rollout/                |            |
|    ep_len_mean          | 605        |
|    ep_rew_mean          | 833        |
| time/                   |            |
|    fps                  | 173        |
|    iterations           | 135        |
|    time_elapsed         | 2386       |
|    total_timesteps      | 414720     |
| train/                  |            |
|    approx_kl            | 0.03961297 |
|    clip_fraction        | 0.253      |
|    clip_range           | 0.2        |
|    entropy_loss         | -2.22      |
|    explained_variance   | 0.895      |
|    learning_rate        | 9.42e-05   |
|    loss                 | -0.0462    |
|    n_updates            | 1340       |
|    policy_gradient_loss | -0.0299    |
|    std                  | 0.734      |
|    value_loss           | 0.00624    |
----------------------------------------
[Step   417792] SR=0.250 | FracGoal=0.394 | Ret=848.16 | Vis=0.69 | Prog=0.058 | CollEvt=19.87 | Stage=0.33
-------------------------------------------
| curriculum/               |             |
|    stage                  | 0.33        |
| research/                 |             |
|    collision_count        | 58.8        |
|    collision_event_count  | 19.9        |
|    curriculum_stage       | 0.33        |
|    episode_length         | 615         |
|    episode_return         | 848         |
|    fraction_at_goal       | 0.394       |
|    reward_collision       | -0.0079     |
|    reward_progress        | 0.058       |
|    reward_zero_visibility | -0.0113     |
|    stray_count            | 0.16        |
|    success_rate           | 0.25        |
|    visibility_ratio       | 0.691       |
| rollout/                  |             |
|    ep_len_mean            | 615         |
|    ep_rew_mean            | 848         |
| time/                     |             |
|    fps                    | 174         |
|    iterations             | 136         |
|    time_elapsed           | 2394        |
|    total_timesteps        | 417792      |
| train/                    |             |
|    approx_kl              | 0.036854252 |
|    clip_fraction          | 0.227       |
|    clip_range             | 0.2         |
|    entropy_loss           | -2.22       |
|    explained_variance     | 0.755       |
|    learning_rate          | 9.26e-05    |
|    loss                   | -0.0595     |
|    n_updates              | 1350        |
|    policy_gradient_loss   | -0.0308     |
|    std                    | 0.733       |
|    value_loss             | 0.0312      |
-------------------------------------------
-----------------------------------------
| curriculum/             |             |
|    stage                | 0.33        |
| rollout/                |             |
|    ep_len_mean          | 610         |
|    ep_rew_mean          | 839         |
| time/                   |             |
|    fps                  | 174         |
|    iterations           | 137         |
|    time_elapsed         | 2408        |
|    total_timesteps      | 420864      |
| train/                  |             |
|    approx_kl            | 0.031836964 |
|    clip_fraction        | 0.228       |
|    clip_range           | 0.2         |
|    entropy_loss         | -2.22       |
|    explained_variance   | 0.705       |
|    learning_rate        | 9.11e-05    |
|    loss                 | -0.0455     |
|    n_updates            | 1360        |
|    policy_gradient_loss | -0.034      |
|    std                  | 0.733       |
|    value_loss           | 0.0366      |
-----------------------------------------
[Step   423936] SR=0.250 | FracGoal=0.384 | Ret=836.58 | Vis=0.70 | Prog=0.060 | CollEvt=19.94 | Stage=0.33
------------------------------------------
| curriculum/               |            |
|    stage                  | 0.33       |
| research/                 |            |
|    collision_count        | 58.9       |
|    collision_event_count  | 19.9       |
|    curriculum_stage       | 0.33       |
|    episode_length         | 607        |
|    episode_return         | 837        |
|    fraction_at_goal       | 0.384      |
|    reward_collision       | -0.00792   |
|    reward_progress        | 0.0604     |
|    reward_zero_visibility | -0.0107    |
|    stray_count            | 0.15       |
|    success_rate           | 0.25       |
|    visibility_ratio       | 0.704      |
| rollout/                  |            |
|    ep_len_mean            | 607        |
|    ep_rew_mean            | 837        |
| time/                     |            |
|    fps                    | 175        |
|    iterations             | 138        |
|    time_elapsed           | 2419       |
|    total_timesteps        | 423936     |
| train/                    |            |
|    approx_kl              | 0.03357196 |
|    clip_fraction          | 0.229      |
|    clip_range             | 0.2        |
|    entropy_loss           | -2.21      |
|    explained_variance     | 0.795      |
|    learning_rate          | 8.96e-05   |
|    loss                   | -0.0716    |
|    n_updates              | 1370       |
|    policy_gradient_loss   | -0.0308    |
|    std                    | 0.731      |
|    value_loss             | 0.0252     |
------------------------------------------
[validation @ 425,136] SR=0.267 | FracGoal=0.422 | MeanDist=3.64 | best=0.423
----------------------------------------
| curriculum/             |            |
|    stage                | 0.33       |
| rollout/                |            |
|    ep_len_mean          | 605        |
|    ep_rew_mean          | 834        |
| time/                   |            |
|    fps                  | 173        |
|    iterations           | 139        |
|    time_elapsed         | 2457       |
|    total_timesteps      | 427008     |
| train/                  |            |
|    approx_kl            | 0.04225859 |
|    clip_fraction        | 0.227      |
|    clip_range           | 0.2        |
|    entropy_loss         | -2.21      |
|    explained_variance   | 0.801      |
|    learning_rate        | 8.8e-05    |
|    loss                 | -0.0417    |
|    n_updates            | 1380       |
|    policy_gradient_loss | -0.0358    |
|    std                  | 0.732      |
|    value_loss           | 0.0168     |
| validation/             |            |
|    episode_length       | 572        |
|    fraction_at_goal     | 0.422      |
|    mean_dist_to_goal    | 3.64       |
|    success_rate         | 0.267      |
----------------------------------------
[Step   430080] SR=0.270 | FracGoal=0.412 | Ret=831.99 | Vis=0.71 | Prog=0.063 | CollEvt=18.54 | Stage=0.33
-------------------------------------------
| curriculum/               |             |
|    stage                  | 0.33        |
| research/                 |             |
|    collision_count        | 58          |
|    collision_event_count  | 18.5        |
|    curriculum_stage       | 0.33        |
|    episode_length         | 600         |
|    episode_return         | 832         |
|    fraction_at_goal       | 0.412       |
|    reward_collision       | -0.00765    |
|    reward_progress        | 0.0625      |
|    reward_zero_visibility | -0.0108     |
|    stray_count            | 0.13        |
|    success_rate           | 0.27        |
|    visibility_ratio       | 0.706       |
| rollout/                  |             |
|    ep_len_mean            | 600         |
|    ep_rew_mean            | 832         |
| time/                     |             |
|    fps                    | 173         |
|    iterations             | 140         |
|    time_elapsed           | 2474        |
|    total_timesteps        | 430080      |
| train/                    |             |
|    approx_kl              | 0.039589297 |
|    clip_fraction          | 0.237       |
|    clip_range             | 0.2         |
|    entropy_loss           | -2.21       |
|    explained_variance     | 0.723       |
|    learning_rate          | 8.65e-05    |
|    loss                   | -0.051      |
|    n_updates              | 1390        |
|    policy_gradient_loss   | -0.0292     |
|    std                    | 0.731       |
|    value_loss             | 0.0446      |
-------------------------------------------
-----------------------------------------
| curriculum/             |             |
|    stage                | 0.33        |
| rollout/                |             |
|    ep_len_mean          | 593         |
|    ep_rew_mean          | 824         |
| time/                   |             |
|    fps                  | 174         |
|    iterations           | 141         |
|    time_elapsed         | 2487        |
|    total_timesteps      | 433152      |
| train/                  |             |
|    approx_kl            | 0.031066973 |
|    clip_fraction        | 0.21        |
|    clip_range           | 0.2         |
|    entropy_loss         | -2.21       |
|    explained_variance   | 0.816       |
|    learning_rate        | 8.5e-05     |
|    loss                 | -0.0617     |
|    n_updates            | 1400        |
|    policy_gradient_loss | -0.0348     |
|    std                  | 0.73        |
|    value_loss           | 0.0241      |
-----------------------------------------
[Step   436224] SR=0.280 | FracGoal=0.426 | Ret=828.50 | Vis=0.71 | Prog=0.065 | CollEvt=17.51 | Stage=0.33
------------------------------------------
| curriculum/               |            |
|    stage                  | 0.33       |
| research/                 |            |
|    collision_count        | 53         |
|    collision_event_count  | 17.5       |
|    curriculum_stage       | 0.33       |
|    episode_length         | 593        |
|    episode_return         | 828        |
|    fraction_at_goal       | 0.426      |
|    reward_collision       | -0.0072    |
|    reward_progress        | 0.0646     |
|    reward_zero_visibility | -0.00936   |
|    stray_count            | 0.14       |
|    success_rate           | 0.28       |
|    visibility_ratio       | 0.712      |
| rollout/                  |            |
|    ep_len_mean            | 593        |
|    ep_rew_mean            | 828        |
| time/                     |            |
|    fps                    | 174        |
|    iterations             | 142        |
|    time_elapsed           | 2501       |
|    total_timesteps        | 436224     |
| train/                    |            |
|    approx_kl              | 0.02922966 |
|    clip_fraction          | 0.203      |
|    clip_range             | 0.2        |
|    entropy_loss           | -2.21      |
|    explained_variance     | 0.88       |
|    learning_rate          | 8.34e-05   |
|    loss                   | -0.0751    |
|    n_updates              | 1410       |
|    policy_gradient_loss   | -0.0305    |
|    std                    | 0.729      |
|    value_loss             | 0.0566     |
------------------------------------------
-----------------------------------------
| curriculum/             |             |
|    stage                | 0.33        |
| rollout/                |             |
|    ep_len_mean          | 590         |
|    ep_rew_mean          | 827         |
| time/                   |             |
|    fps                  | 174         |
|    iterations           | 143         |
|    time_elapsed         | 2512        |
|    total_timesteps      | 439296      |
| train/                  |             |
|    approx_kl            | 0.043142773 |
|    clip_fraction        | 0.246       |
|    clip_range           | 0.2         |
|    entropy_loss         | -2.21       |
|    explained_variance   | 0.903       |
|    learning_rate        | 8.19e-05    |
|    loss                 | -0.0698     |
|    n_updates            | 1420        |
|    policy_gradient_loss | -0.0343     |
|    std                  | 0.729       |
|    value_loss           | 0.0142      |
-----------------------------------------
[Step   442368] SR=0.320 | FracGoal=0.478 | Ret=817.14 | Vis=0.72 | Prog=0.069 | CollEvt=17.05 | Stage=0.33
-------------------------------------------
| curriculum/               |             |
|    stage                  | 0.33        |
| research/                 |             |
|    collision_count        | 52.2        |
|    collision_event_count  | 17          |
|    curriculum_stage       | 0.33        |
|    episode_length         | 578         |
|    episode_return         | 817         |
|    fraction_at_goal       | 0.478       |
|    reward_collision       | -0.00716    |
|    reward_progress        | 0.0686      |
|    reward_zero_visibility | -0.00689    |
|    stray_count            | 0.1         |
|    success_rate           | 0.32        |
|    visibility_ratio       | 0.718       |
| rollout/                  |             |
|    ep_len_mean            | 578         |
|    ep_rew_mean            | 817         |
| time/                     |             |
|    fps                    | 174         |
|    iterations             | 144         |
|    time_elapsed           | 2530        |
|    total_timesteps        | 442368      |
| train/                    |             |
|    approx_kl              | 0.040456846 |
|    clip_fraction          | 0.221       |
|    clip_range             | 0.2         |
|    entropy_loss           | -2.21       |
|    explained_variance     | 0.824       |
|    learning_rate          | 8.04e-05    |
|    loss                   | -0.051      |
|    n_updates              | 1430        |
|    policy_gradient_loss   | -0.0289     |
|    std                    | 0.728       |
|    value_loss             | 0.0292      |
-------------------------------------------
Adaptive curriculum advanced to stage 0.66 at timestep 444,000
-----------------------------------------
| curriculum/             |             |
|    stage                | 0.66        |
| rollout/                |             |
|    ep_len_mean          | 584         |
|    ep_rew_mean          | 820         |
| time/                   |             |
|    fps                  | 175         |
|    iterations           | 145         |
|    time_elapsed         | 2543        |
|    total_timesteps      | 445440      |
| train/                  |             |
|    approx_kl            | 0.030709617 |
|    clip_fraction        | 0.205       |
|    clip_range           | 0.2         |
|    entropy_loss         | -2.2        |
|    explained_variance   | 0.733       |
|    learning_rate        | 7.88e-05    |
|    loss                 | -0.0469     |
|    n_updates            | 1440        |
|    policy_gradient_loss | -0.0252     |
|    std                  | 0.727       |
|    value_loss           | 0.0611      |
-----------------------------------------
[Step   448512] SR=0.300 | FracGoal=0.452 | Ret=823.60 | Vis=0.71 | Prog=0.066 | CollEvt=19.27 | Stage=0.56
-------------------------------------------
| curriculum/               |             |
|    stage                  | 0.66        |
| research/                 |             |
|    collision_count        | 61.4        |
|    collision_event_count  | 19.3        |
|    curriculum_stage       | 0.561       |
|    episode_length         | 589         |
|    episode_return         | 824         |
|    fraction_at_goal       | 0.452       |
|    reward_collision       | -0.00787    |
|    reward_progress        | 0.0659      |
|    reward_zero_visibility | -0.00664    |
|    stray_count            | 0.09        |
|    success_rate           | 0.3         |
|    visibility_ratio       | 0.712       |
| rollout/                  |             |
|    ep_len_mean            | 589         |
|    ep_rew_mean            | 824         |
| time/                     |             |
|    fps                    | 175         |
|    iterations             | 146         |
|    time_elapsed           | 2559        |
|    total_timesteps        | 448512      |
| train/                    |             |
|    approx_kl              | 0.034092426 |
|    clip_fraction          | 0.212       |
|    clip_range             | 0.2         |
|    entropy_loss           | -2.2        |
|    explained_variance     | 0.875       |
|    learning_rate          | 7.73e-05    |
|    loss                   | -0.0306     |
|    n_updates              | 1450        |
|    policy_gradient_loss   | -0.0343     |
|    std                    | 0.725       |
|    value_loss             | 0.0241      |
-------------------------------------------
[validation @ 450,144] SR=0.300 | FracGoal=0.405 | MeanDist=3.56 | best=0.423
-----------------------------------------
| curriculum/             |             |
|    stage                | 0.66        |
| rollout/                |             |
|    ep_len_mean          | 589         |
|    ep_rew_mean          | 823         |
| time/                   |             |
|    fps                  | 173         |
|    iterations           | 147         |
|    time_elapsed         | 2599        |
|    total_timesteps      | 451584      |
| train/                  |             |
|    approx_kl            | 0.037732758 |
|    clip_fraction        | 0.229       |
|    clip_range           | 0.2         |
|    entropy_loss         | -2.19       |
|    explained_variance   | 0.898       |
|    learning_rate        | 7.57e-05    |
|    loss                 | -0.0706     |
|    n_updates            | 1460        |
|    policy_gradient_loss | -0.0332     |
|    std                  | 0.723       |
|    value_loss           | 0.0161      |
| validation/             |             |
|    episode_length       | 586         |
|    fraction_at_goal     | 0.405       |
|    mean_dist_to_goal    | 3.56        |
|    success_rate         | 0.3         |
-----------------------------------------
[Step   454656] SR=0.310 | FracGoal=0.463 | Ret=808.03 | Vis=0.71 | Prog=0.070 | CollEvt=19.67 | Stage=0.66
------------------------------------------
| curriculum/               |            |
|    stage                  | 0.66       |
| research/                 |            |
|    collision_count        | 62.3       |
|    collision_event_count  | 19.7       |
|    curriculum_stage       | 0.66       |
|    episode_length         | 579        |
|    episode_return         | 808        |
|    fraction_at_goal       | 0.463      |
|    reward_collision       | -0.00804   |
|    reward_progress        | 0.0696     |
|    reward_zero_visibility | -0.00838   |
|    stray_count            | 0.1        |
|    success_rate           | 0.31       |
|    visibility_ratio       | 0.707      |
| rollout/                  |            |
|    ep_len_mean            | 579        |
|    ep_rew_mean            | 808        |
| time/                     |            |
|    fps                    | 173        |
|    iterations             | 148        |
|    time_elapsed           | 2613       |
|    total_timesteps        | 454656     |
| train/                    |            |
|    approx_kl              | 0.03188906 |
|    clip_fraction          | 0.213      |
|    clip_range             | 0.2        |
|    entropy_loss           | -2.19      |
|    explained_variance     | 0.766      |
|    learning_rate          | 7.42e-05   |
|    loss                   | -0.0426    |
|    n_updates              | 1470       |
|    policy_gradient_loss   | -0.0275    |
|    std                    | 0.723      |
|    value_loss             | 0.0305     |
------------------------------------------
-----------------------------------------
| curriculum/             |             |
|    stage                | 0.66        |
| rollout/                |             |
|    ep_len_mean          | 576         |
|    ep_rew_mean          | 805         |
| time/                   |             |
|    fps                  | 174         |
|    iterations           | 149         |
|    time_elapsed         | 2629        |
|    total_timesteps      | 457728      |
| train/                  |             |
|    approx_kl            | 0.039359864 |
|    clip_fraction        | 0.237       |
|    clip_range           | 0.2         |
|    entropy_loss         | -2.19       |
|    explained_variance   | 0.794       |
|    learning_rate        | 7.27e-05    |
|    loss                 | -0.00421    |
|    n_updates            | 1480        |
|    policy_gradient_loss | -0.0288     |
|    std                  | 0.722       |
|    value_loss           | 0.0445      |
-----------------------------------------
[Step   460800] SR=0.330 | FracGoal=0.478 | Ret=789.01 | Vis=0.71 | Prog=0.075 | CollEvt=17.28 | Stage=0.66
------------------------------------------
| curriculum/               |            |
|    stage                  | 0.66       |
| research/                 |            |
|    collision_count        | 55         |
|    collision_event_count  | 17.3       |
|    curriculum_stage       | 0.66       |
|    episode_length         | 566        |
|    episode_return         | 789        |
|    fraction_at_goal       | 0.478      |
|    reward_collision       | -0.00731   |
|    reward_progress        | 0.0754     |
|    reward_zero_visibility | -0.00958   |
|    stray_count            | 0.1        |
|    success_rate           | 0.33       |
|    visibility_ratio       | 0.715      |
| rollout/                  |            |
|    ep_len_mean            | 566        |
|    ep_rew_mean            | 789        |
| time/                     |            |
|    fps                    | 174        |
|    iterations             | 150        |
|    time_elapsed           | 2641       |
|    total_timesteps        | 460800     |
| train/                    |            |
|    approx_kl              | 0.03201643 |
|    clip_fraction          | 0.216      |
|    clip_range             | 0.2        |
|    entropy_loss           | -2.19      |
|    explained_variance     | 0.835      |
|    learning_rate          | 7.11e-05   |
|    loss                   | -0.0478    |
|    n_updates              | 1490       |
|    policy_gradient_loss   | -0.0226    |
|    std                    | 0.722      |
|    value_loss             | 0.0369     |
------------------------------------------
----------------------------------------
| curriculum/             |            |
|    stage                | 0.66       |
| rollout/                |            |
|    ep_len_mean          | 572        |
|    ep_rew_mean          | 791        |
| time/                   |            |
|    fps                  | 174        |
|    iterations           | 151        |
|    time_elapsed         | 2652       |
|    total_timesteps      | 463872     |
| train/                  |            |
|    approx_kl            | 0.03999018 |
|    clip_fraction        | 0.233      |
|    clip_range           | 0.2        |
|    entropy_loss         | -2.18      |
|    explained_variance   | 0.773      |
|    learning_rate        | 6.96e-05   |
|    loss                 | -0.0769    |
|    n_updates            | 1500       |
|    policy_gradient_loss | -0.0322    |
|    std                  | 0.721      |
|    value_loss           | 0.0387     |
----------------------------------------
[Step   466944] SR=0.360 | FracGoal=0.502 | Ret=770.92 | Vis=0.73 | Prog=0.080 | CollEvt=18.25 | Stage=0.66
-------------------------------------------
| curriculum/               |             |
|    stage                  | 0.66        |
| research/                 |             |
|    collision_count        | 57.9        |
|    collision_event_count  | 18.2        |
|    curriculum_stage       | 0.66        |
|    episode_length         | 555         |
|    episode_return         | 771         |
|    fraction_at_goal       | 0.502       |
|    reward_collision       | -0.00785    |
|    reward_progress        | 0.0804      |
|    reward_zero_visibility | -0.00813    |
|    stray_count            | 0.16        |
|    success_rate           | 0.36        |
|    visibility_ratio       | 0.734       |
| rollout/                  |             |
|    ep_len_mean            | 555         |
|    ep_rew_mean            | 771         |
| time/                     |             |
|    fps                    | 175         |
|    iterations             | 152         |
|    time_elapsed           | 2667        |
|    total_timesteps        | 466944      |
| train/                    |             |
|    approx_kl              | 0.031919405 |
|    clip_fraction          | 0.22        |
|    clip_range             | 0.2         |
|    entropy_loss           | -2.18       |
|    explained_variance     | 0.756       |
|    learning_rate          | 6.81e-05    |
|    loss                   | -0.0588     |
|    n_updates              | 1510        |
|    policy_gradient_loss   | -0.0357     |
|    std                    | 0.72        |
|    value_loss             | 0.0339      |
-------------------------------------------
-----------------------------------------
| curriculum/             |             |
|    stage                | 0.66        |
| rollout/                |             |
|    ep_len_mean          | 555         |
|    ep_rew_mean          | 770         |
| time/                   |             |
|    fps                  | 175         |
|    iterations           | 153         |
|    time_elapsed         | 2681        |
|    total_timesteps      | 470016      |
| train/                  |             |
|    approx_kl            | 0.036086857 |
|    clip_fraction        | 0.194       |
|    clip_range           | 0.2         |
|    entropy_loss         | -2.18       |
|    explained_variance   | 0.828       |
|    learning_rate        | 6.65e-05    |
|    loss                 | -0.0343     |
|    n_updates            | 1520        |
|    policy_gradient_loss | -0.0359     |
|    std                  | 0.72        |
|    value_loss           | 0.0357      |
-----------------------------------------
[Step   473088] SR=0.340 | FracGoal=0.481 | Ret=766.22 | Vis=0.73 | Prog=0.076 | CollEvt=19.19 | Stage=0.66
-------------------------------------------
| curriculum/               |             |
|    stage                  | 0.66        |
| research/                 |             |
|    collision_count        | 63.2        |
|    collision_event_count  | 19.2        |
|    curriculum_stage       | 0.66        |
|    episode_length         | 559         |
|    episode_return         | 766         |
|    fraction_at_goal       | 0.481       |
|    reward_collision       | -0.00826    |
|    reward_progress        | 0.0759      |
|    reward_zero_visibility | -0.0108     |
|    stray_count            | 0.19        |
|    success_rate           | 0.34        |
|    visibility_ratio       | 0.727       |
| rollout/                  |             |
|    ep_len_mean            | 559         |
|    ep_rew_mean            | 766         |
| time/                     |             |
|    fps                    | 175         |
|    iterations             | 154         |
|    time_elapsed           | 2694        |
|    total_timesteps        | 473088      |
| train/                    |             |
|    approx_kl              | 0.023319814 |
|    clip_fraction          | 0.194       |
|    clip_range             | 0.2         |
|    entropy_loss           | -2.18       |
|    explained_variance     | 0.9         |
|    learning_rate          | 6.5e-05     |
|    loss                   | -0.0526     |
|    n_updates              | 1530        |
|    policy_gradient_loss   | -0.0299     |
|    std                    | 0.719       |
|    value_loss             | 0.0149      |
-------------------------------------------
[validation @ 475,152] SR=0.200 | FracGoal=0.299 | MeanDist=3.94 | best=0.423
-----------------------------------------
| curriculum/             |             |
|    stage                | 0.66        |
| rollout/                |             |
|    ep_len_mean          | 556         |
|    ep_rew_mean          | 764         |
| time/                   |             |
|    fps                  | 173         |
|    iterations           | 155         |
|    time_elapsed         | 2745        |
|    total_timesteps      | 476160      |
| train/                  |             |
|    approx_kl            | 0.031026192 |
|    clip_fraction        | 0.211       |
|    clip_range           | 0.2         |
|    entropy_loss         | -2.17       |
|    explained_variance   | 0.867       |
|    learning_rate        | 6.35e-05    |
|    loss                 | -0.0538     |
|    n_updates            | 1540        |
|    policy_gradient_loss | -0.0296     |
|    std                  | 0.717       |
|    value_loss           | 0.0255      |
| validation/             |             |
|    episode_length       | 612         |
|    fraction_at_goal     | 0.299       |
|    mean_dist_to_goal    | 3.94        |
|    success_rate         | 0.2         |
-----------------------------------------
[Step   479232] SR=0.350 | FracGoal=0.489 | Ret=766.29 | Vis=0.72 | Prog=0.074 | CollEvt=18.39 | Stage=0.66
------------------------------------------
| curriculum/               |            |
|    stage                  | 0.66       |
| research/                 |            |
|    collision_count        | 62.3       |
|    collision_event_count  | 18.4       |
|    curriculum_stage       | 0.66       |
|    episode_length         | 559        |
|    episode_return         | 766        |
|    fraction_at_goal       | 0.489      |
|    reward_collision       | -0.00812   |
|    reward_progress        | 0.0741     |
|    reward_zero_visibility | -0.0115    |
|    stray_count            | 0.19       |
|    success_rate           | 0.35       |
|    visibility_ratio       | 0.719      |
| rollout/                  |            |
|    ep_len_mean            | 559        |
|    ep_rew_mean            | 766        |
| time/                     |            |
|    fps                    | 173        |
|    iterations             | 156        |
|    time_elapsed           | 2759       |
|    total_timesteps        | 479232     |
| train/                    |            |
|    approx_kl              | 0.03096859 |
|    clip_fraction          | 0.209      |
|    clip_range             | 0.2        |
|    entropy_loss           | -2.17      |
|    explained_variance     | 0.868      |
|    learning_rate          | 6.19e-05   |
|    loss                   | -0.0778    |
|    n_updates              | 1550       |
|    policy_gradient_loss   | -0.0345    |
|    std                    | 0.716      |
|    value_loss             | 0.0227     |
------------------------------------------
----------------------------------------
| curriculum/             |            |
|    stage                | 0.66       |
| rollout/                |            |
|    ep_len_mean          | 569        |
|    ep_rew_mean          | 776        |
| time/                   |            |
|    fps                  | 174        |
|    iterations           | 157        |
|    time_elapsed         | 2768       |
|    total_timesteps      | 482304     |
| train/                  |            |
|    approx_kl            | 0.03574696 |
|    clip_fraction        | 0.212      |
|    clip_range           | 0.2        |
|    entropy_loss         | -2.17      |
|    explained_variance   | 0.891      |
|    learning_rate        | 6.04e-05   |
|    loss                 | -0.0183    |
|    n_updates            | 1560       |
|    policy_gradient_loss | -0.0329    |
|    std                  | 0.715      |
|    value_loss           | 0.0229     |
----------------------------------------
[Step   485376] SR=0.340 | FracGoal=0.480 | Ret=766.78 | Vis=0.71 | Prog=0.074 | CollEvt=18.34 | Stage=0.66
-------------------------------------------
| curriculum/               |             |
|    stage                  | 0.66        |
| research/                 |             |
|    collision_count        | 61.6        |
|    collision_event_count  | 18.3        |
|    curriculum_stage       | 0.66        |
|    episode_length         | 563         |
|    episode_return         | 767         |
|    fraction_at_goal       | 0.48        |
|    reward_collision       | -0.00807    |
|    reward_progress        | 0.0741      |
|    reward_zero_visibility | -0.0126     |
|    stray_count            | 0.19        |
|    success_rate           | 0.34        |
|    visibility_ratio       | 0.709       |
| rollout/                  |             |
|    ep_len_mean            | 563         |
|    ep_rew_mean            | 767         |
| time/                     |             |
|    fps                    | 174         |
|    iterations             | 158         |
|    time_elapsed           | 2784        |
|    total_timesteps        | 485376      |
| train/                    |             |
|    approx_kl              | 0.028723422 |
|    clip_fraction          | 0.199       |
|    clip_range             | 0.2         |
|    entropy_loss           | -2.16       |
|    explained_variance     | 0.957       |
|    learning_rate          | 5.88e-05    |
|    loss                   | -0.0606     |
|    n_updates              | 1570        |
|    policy_gradient_loss   | -0.0325     |
|    std                    | 0.714       |
|    value_loss             | 0.0185      |
-------------------------------------------
-----------------------------------------
| curriculum/             |             |
|    stage                | 0.66        |
| rollout/                |             |
|    ep_len_mean          | 562         |
|    ep_rew_mean          | 768         |
| time/                   |             |
|    fps                  | 174         |
|    iterations           | 159         |
|    time_elapsed         | 2799        |
|    total_timesteps      | 488448      |
| train/                  |             |
|    approx_kl            | 0.023697563 |
|    clip_fraction        | 0.177       |
|    clip_range           | 0.2         |
|    entropy_loss         | -2.16       |
|    explained_variance   | 0.846       |
|    learning_rate        | 5.73e-05    |
|    loss                 | -0.0297     |
|    n_updates            | 1580        |
|    policy_gradient_loss | -0.0303     |
|    std                  | 0.713       |
|    value_loss           | 0.0354      |
-----------------------------------------
[Step   491520] SR=0.360 | FracGoal=0.506 | Ret=765.92 | Vis=0.71 | Prog=0.074 | CollEvt=17.04 | Stage=0.66
------------------------------------------
| curriculum/               |            |
|    stage                  | 0.66       |
| research/                 |            |
|    collision_count        | 57.6       |
|    collision_event_count  | 17         |
|    curriculum_stage       | 0.66       |
|    episode_length         | 562        |
|    episode_return         | 766        |
|    fraction_at_goal       | 0.506      |
|    reward_collision       | -0.00771   |
|    reward_progress        | 0.0744     |
|    reward_zero_visibility | -0.0147    |
|    stray_count            | 0.18       |
|    success_rate           | 0.36       |
|    visibility_ratio       | 0.713      |
| rollout/                  |            |
|    ep_len_mean            | 562        |
|    ep_rew_mean            | 766        |
| time/                     |            |
|    fps                    | 174        |
|    iterations             | 160        |
|    time_elapsed           | 2815       |
|    total_timesteps        | 491520     |
| train/                    |            |
|    approx_kl              | 0.02295442 |
|    clip_fraction          | 0.182      |
|    clip_range             | 0.2        |
|    entropy_loss           | -2.16      |
|    explained_variance     | 0.882      |
|    learning_rate          | 5.58e-05   |
|    loss                   | -0.0618    |
|    n_updates              | 1590       |
|    policy_gradient_loss   | -0.0277    |
|    std                    | 0.712      |
|    value_loss             | 0.0454     |
------------------------------------------
-----------------------------------------
| curriculum/             |             |
|    stage                | 0.66        |
| rollout/                |             |
|    ep_len_mean          | 555         |
|    ep_rew_mean          | 758         |
| time/                   |             |
|    fps                  | 174         |
|    iterations           | 161         |
|    time_elapsed         | 2827        |
|    total_timesteps      | 494592      |
| train/                  |             |
|    approx_kl            | 0.025781397 |
|    clip_fraction        | 0.185       |
|    clip_range           | 0.2         |
|    entropy_loss         | -2.16       |
|    explained_variance   | 0.818       |
|    learning_rate        | 5.42e-05    |
|    loss                 | -0.0467     |
|    n_updates            | 1600        |
|    policy_gradient_loss | -0.0266     |
|    std                  | 0.711       |
|    value_loss           | 0.0258      |
-----------------------------------------
[Step   497664] SR=0.350 | FracGoal=0.481 | Ret=758.62 | Vis=0.73 | Prog=0.079 | CollEvt=16.01 | Stage=0.66
-------------------------------------------
| curriculum/               |             |
|    stage                  | 0.66        |
| research/                 |             |
|    collision_count        | 55.4        |
|    collision_event_count  | 16          |
|    curriculum_stage       | 0.66        |
|    episode_length         | 559         |
|    episode_return         | 759         |
|    fraction_at_goal       | 0.481       |
|    reward_collision       | -0.00732    |
|    reward_progress        | 0.0786      |
|    reward_zero_visibility | -0.0143     |
|    stray_count            | 0.2         |
|    success_rate           | 0.35        |
|    visibility_ratio       | 0.728       |
| rollout/                  |             |
|    ep_len_mean            | 559         |
|    ep_rew_mean            | 759         |
| time/                     |             |
|    fps                    | 175         |
|    iterations             | 162         |
|    time_elapsed           | 2841        |
|    total_timesteps        | 497664      |
| train/                    |             |
|    approx_kl              | 0.023047693 |
|    clip_fraction          | 0.182       |
|    clip_range             | 0.2         |
|    entropy_loss           | -2.16       |
|    explained_variance     | 0.757       |
|    learning_rate          | 5.27e-05    |
|    loss                   | -0.0429     |
|    n_updates              | 1610        |
|    policy_gradient_loss   | -0.0347     |
|    std                    | 0.711       |
|    value_loss             | 0.0288      |
-------------------------------------------
[validation @ 500,160] SR=0.267 | FracGoal=0.409 | MeanDist=3.37 | best=0.423
-----------------------------------------
| curriculum/             |             |
|    stage                | 0.66        |
| rollout/                |             |
|    ep_len_mean          | 576         |
|    ep_rew_mean          | 777         |
| time/                   |             |
|    fps                  | 173         |
|    iterations           | 163         |
|    time_elapsed         | 2882        |
|    total_timesteps      | 500736      |
| train/                  |             |
|    approx_kl            | 0.028907774 |
|    clip_fraction        | 0.177       |
|    clip_range           | 0.2         |
|    entropy_loss         | -2.16       |
|    explained_variance   | 0.768       |
|    learning_rate        | 5.12e-05    |
|    loss                 | -0.0641     |
|    n_updates            | 1620        |
|    policy_gradient_loss | -0.036      |
|    std                  | 0.711       |
|    value_loss           | 0.0296      |
| validation/             |             |
|    episode_length       | 586         |
|    fraction_at_goal     | 0.409       |
|    mean_dist_to_goal    | 3.37        |
|    success_rate         | 0.267       |
-----------------------------------------
[Step   503808] SR=0.300 | FracGoal=0.458 | Ret=783.10 | Vis=0.71 | Prog=0.072 | CollEvt=15.54 | Stage=0.66
-------------------------------------------
| curriculum/               |             |
|    stage                  | 0.66        |
| research/                 |             |
|    collision_count        | 54.8        |
|    collision_event_count  | 15.5        |
|    curriculum_stage       | 0.66        |
|    episode_length         | 579         |
|    episode_return         | 783         |
|    fraction_at_goal       | 0.458       |
|    reward_collision       | -0.00714    |
|    reward_progress        | 0.0721      |
|    reward_zero_visibility | -0.0149     |
|    stray_count            | 0.23        |
|    success_rate           | 0.3         |
|    visibility_ratio       | 0.714       |
| rollout/                  |             |
|    ep_len_mean            | 579         |
|    ep_rew_mean            | 783         |
| time/                     |             |
|    fps                    | 173         |
|    iterations             | 164         |
|    time_elapsed           | 2895        |
|    total_timesteps        | 503808      |
| train/                    |             |
|    approx_kl              | 0.032223403 |
|    clip_fraction          | 0.193       |
|    clip_range             | 0.2         |
|    entropy_loss           | -2.16       |
|    explained_variance     | 0.816       |
|    learning_rate          | 4.96e-05    |
|    loss                   | -0.0554     |
|    n_updates              | 1630        |
|    policy_gradient_loss   | -0.038      |
|    std                    | 0.711       |
|    value_loss             | 0.0202      |
-------------------------------------------
----------------------------------------
| curriculum/             |            |
|    stage                | 0.66       |
| rollout/                |            |
|    ep_len_mean          | 576        |
|    ep_rew_mean          | 782        |
| time/                   |            |
|    fps                  | 174        |
|    iterations           | 165        |
|    time_elapsed         | 2908       |
|    total_timesteps      | 506880     |
| train/                  |            |
|    approx_kl            | 0.02567285 |
|    clip_fraction        | 0.19       |
|    clip_range           | 0.2        |
|    entropy_loss         | -2.16      |
|    explained_variance   | 0.917      |
|    learning_rate        | 4.81e-05   |
|    loss                 | -0.0421    |
|    n_updates            | 1640       |
|    policy_gradient_loss | -0.0321    |
|    std                  | 0.711      |
|    value_loss           | 0.0173     |
----------------------------------------
[Step   509952] SR=0.310 | FracGoal=0.468 | Ret=770.78 | Vis=0.71 | Prog=0.077 | CollEvt=14.64 | Stage=0.66
-------------------------------------------
| curriculum/               |             |
|    stage                  | 0.66        |
| research/                 |             |
|    collision_count        | 50.3        |
|    collision_event_count  | 14.6        |
|    curriculum_stage       | 0.66        |
|    episode_length         | 570         |
|    episode_return         | 771         |
|    fraction_at_goal       | 0.468       |
|    reward_collision       | -0.00677    |
|    reward_progress        | 0.0769      |
|    reward_zero_visibility | -0.0153     |
|    stray_count            | 0.27        |
|    success_rate           | 0.31        |
|    visibility_ratio       | 0.71        |
| rollout/                  |             |
|    ep_len_mean            | 570         |
|    ep_rew_mean            | 771         |
| time/                     |             |
|    fps                    | 174         |
|    iterations             | 166         |
|    time_elapsed           | 2916        |
|    total_timesteps        | 509952      |
| train/                    |             |
|    approx_kl              | 0.028112903 |
|    clip_fraction          | 0.189       |
|    clip_range             | 0.2         |
|    entropy_loss           | -2.16       |
|    explained_variance     | 0.867       |
|    learning_rate          | 4.66e-05    |
|    loss                   | -0.0387     |
|    n_updates              | 1650        |
|    policy_gradient_loss   | -0.0318     |
|    std                    | 0.711       |
|    value_loss             | 0.0164      |
-------------------------------------------
Adaptive curriculum fell back to stage 0.33 at timestep 511,452
----------------------------------------
| curriculum/             |            |
|    stage                | 0.33       |
| rollout/                |            |
|    ep_len_mean          | 584        |
|    ep_rew_mean          | 786        |
| time/                   |            |
|    fps                  | 175        |
|    iterations           | 167        |
|    time_elapsed         | 2929       |
|    total_timesteps      | 513024     |
| train/                  |            |
|    approx_kl            | 0.01922924 |
|    clip_fraction        | 0.151      |
|    clip_range           | 0.2        |
|    entropy_loss         | -2.15      |
|    explained_variance   | 0.701      |
|    learning_rate        | 4.5e-05    |
|    loss                 | 0.0306     |
|    n_updates            | 1660       |
|    policy_gradient_loss | -0.0264    |
|    std                  | 0.71       |
|    value_loss           | 0.0443     |
----------------------------------------
[Step   516096] SR=0.300 | FracGoal=0.466 | Ret=781.23 | Vis=0.73 | Prog=0.072 | CollEvt=14.03 | Stage=0.40
-------------------------------------------
| curriculum/               |             |
|    stage                  | 0.33        |
| research/                 |             |
|    collision_count        | 47.9        |
|    collision_event_count  | 14          |
|    curriculum_stage       | 0.396       |
|    episode_length         | 580         |
|    episode_return         | 781         |
|    fraction_at_goal       | 0.466       |
|    reward_collision       | -0.00637    |
|    reward_progress        | 0.0719      |
|    reward_zero_visibility | -0.0144     |
|    stray_count            | 0.29        |
|    success_rate           | 0.3         |
|    visibility_ratio       | 0.729       |
| rollout/                  |             |
|    ep_len_mean            | 580         |
|    ep_rew_mean            | 781         |
| time/                     |             |
|    fps                    | 175         |
|    iterations             | 168         |
|    time_elapsed           | 2944        |
|    total_timesteps        | 516096      |
| train/                    |             |
|    approx_kl              | 0.021389559 |
|    clip_fraction          | 0.19        |
|    clip_range             | 0.2         |
|    entropy_loss           | -2.15       |
|    explained_variance     | 0.914       |
|    learning_rate          | 4.35e-05    |
|    loss                   | -0.0522     |
|    n_updates              | 1670        |
|    policy_gradient_loss   | -0.0268     |
|    std                    | 0.709       |
|    value_loss             | 0.00994     |
-------------------------------------------
----------------------------------------
| curriculum/             |            |
|    stage                | 0.33       |
| rollout/                |            |
|    ep_len_mean          | 577        |
|    ep_rew_mean          | 782        |
| time/                   |            |
|    fps                  | 175        |
|    iterations           | 169        |
|    time_elapsed         | 2961       |
|    total_timesteps      | 519168     |
| train/                  |            |
|    approx_kl            | 0.01887139 |
|    clip_fraction        | 0.15       |
|    clip_range           | 0.2        |
|    entropy_loss         | -2.15      |
|    explained_variance   | 0.688      |
|    learning_rate        | 4.2e-05    |
|    loss                 | -0.0496    |
|    n_updates            | 1680       |
|    policy_gradient_loss | -0.0258    |
|    std                  | 0.709      |
|    value_loss           | 0.0448     |
----------------------------------------
[Step   522240] SR=0.280 | FracGoal=0.451 | Ret=786.70 | Vis=0.73 | Prog=0.074 | CollEvt=12.19 | Stage=0.33
-------------------------------------------
| curriculum/               |             |
|    stage                  | 0.33        |
| research/                 |             |
|    collision_count        | 43.2        |
|    collision_event_count  | 12.2        |
|    curriculum_stage       | 0.33        |
|    episode_length         | 579         |
|    episode_return         | 787         |
|    fraction_at_goal       | 0.451       |
|    reward_collision       | -0.00572    |
|    reward_progress        | 0.0745      |
|    reward_zero_visibility | -0.0128     |
|    stray_count            | 0.24        |
|    success_rate           | 0.28        |
|    visibility_ratio       | 0.732       |
| rollout/                  |             |
|    ep_len_mean            | 579         |
|    ep_rew_mean            | 787         |
| time/                     |             |
|    fps                    | 175         |
|    iterations             | 170         |
|    time_elapsed           | 2974        |
|    total_timesteps        | 522240      |
| train/                    |             |
|    approx_kl              | 0.026558807 |
|    clip_fraction          | 0.179       |
|    clip_range             | 0.2         |
|    entropy_loss           | -2.15       |
|    explained_variance     | 0.888       |
|    learning_rate          | 4.04e-05    |
|    loss                   | -0.0674     |
|    n_updates              | 1690        |
|    policy_gradient_loss   | -0.0318     |
|    std                    | 0.709       |
|    value_loss             | 0.0179      |
-------------------------------------------
[validation @ 525,168] SR=0.333 | FracGoal=0.418 | MeanDist=3.71 | best=0.423
----------------------------------------
| curriculum/             |            |
|    stage                | 0.33       |
| rollout/                |            |
|    ep_len_mean          | 589        |
|    ep_rew_mean          | 800        |
| time/                   |            |
|    fps                  | 174        |
|    iterations           | 171        |
|    time_elapsed         | 3017       |
|    total_timesteps      | 525312     |
| train/                  |            |
|    approx_kl            | 0.02350764 |
|    clip_fraction        | 0.163      |
|    clip_range           | 0.2        |
|    entropy_loss         | -2.15      |
|    explained_variance   | 0.818      |
|    learning_rate        | 3.89e-05   |
|    loss                 | -0.0197    |
|    n_updates            | 1700       |
|    policy_gradient_loss | -0.0308    |
|    std                  | 0.709      |
|    value_loss           | 0.0185     |
| validation/             |            |
|    episode_length       | 543        |
|    fraction_at_goal     | 0.418      |
|    mean_dist_to_goal    | 3.71       |
|    success_rate         | 0.333      |
----------------------------------------
[Step   528384] SR=0.280 | FracGoal=0.434 | Ret=796.53 | Vis=0.73 | Prog=0.070 | CollEvt=11.42 | Stage=0.33
-------------------------------------------
| curriculum/               |             |
|    stage                  | 0.33        |
| research/                 |             |
|    collision_count        | 41.8        |
|    collision_event_count  | 11.4        |
|    curriculum_stage       | 0.33        |
|    episode_length         | 584         |
|    episode_return         | 797         |
|    fraction_at_goal       | 0.434       |
|    reward_collision       | -0.00537    |
|    reward_progress        | 0.0697      |
|    reward_zero_visibility | -0.0113     |
|    stray_count            | 0.24        |
|    success_rate           | 0.28        |
|    visibility_ratio       | 0.729       |
| rollout/                  |             |
|    ep_len_mean            | 584         |
|    ep_rew_mean            | 797         |
| time/                     |             |
|    fps                    | 174         |
|    iterations             | 172         |
|    time_elapsed           | 3029        |
|    total_timesteps        | 528384      |
| train/                    |             |
|    approx_kl              | 0.019030469 |
|    clip_fraction          | 0.148       |
|    clip_range             | 0.2         |
|    entropy_loss           | -2.15       |
|    explained_variance     | 0.767       |
|    learning_rate          | 3.73e-05    |
|    loss                   | -0.0542     |
|    n_updates              | 1710        |
|    policy_gradient_loss   | -0.0284     |
|    std                    | 0.708       |
|    value_loss             | 0.0347      |
-------------------------------------------
-----------------------------------------
| curriculum/             |             |
|    stage                | 0.33        |
| rollout/                |             |
|    ep_len_mean          | 584         |
|    ep_rew_mean          | 801         |
| time/                   |             |
|    fps                  | 174         |
|    iterations           | 173         |
|    time_elapsed         | 3043        |
|    total_timesteps      | 531456      |
| train/                  |             |
|    approx_kl            | 0.019814523 |
|    clip_fraction        | 0.143       |
|    clip_range           | 0.2         |
|    entropy_loss         | -2.15       |
|    explained_variance   | 0.86        |
|    learning_rate        | 3.58e-05    |
|    loss                 | -0.067      |
|    n_updates            | 1720        |
|    policy_gradient_loss | -0.0304     |
|    std                  | 0.708       |
|    value_loss           | 0.0313      |
-----------------------------------------
[Step   534528] SR=0.290 | FracGoal=0.453 | Ret=799.36 | Vis=0.75 | Prog=0.076 | CollEvt=11.06 | Stage=0.33
------------------------------------------
| curriculum/               |            |
|    stage                  | 0.33       |
| research/                 |            |
|    collision_count        | 37.6       |
|    collision_event_count  | 11.1       |
|    curriculum_stage       | 0.33       |
|    episode_length         | 580        |
|    episode_return         | 799        |
|    fraction_at_goal       | 0.453      |
|    reward_collision       | -0.00523   |
|    reward_progress        | 0.0765     |
|    reward_zero_visibility | -0.00979   |
|    stray_count            | 0.19       |
|    success_rate           | 0.29       |
|    visibility_ratio       | 0.748      |
| rollout/                  |            |
|    ep_len_mean            | 580        |
|    ep_rew_mean            | 799        |
| time/                     |            |
|    fps                    | 174        |
|    iterations             | 174        |
|    time_elapsed           | 3058       |
|    total_timesteps        | 534528     |
| train/                    |            |
|    approx_kl              | 0.01828981 |
|    clip_fraction          | 0.137      |
|    clip_range             | 0.2        |
|    entropy_loss           | -2.15      |
|    explained_variance     | 0.764      |
|    learning_rate          | 3.43e-05   |
|    loss                   | -0.0507    |
|    n_updates              | 1730       |
|    policy_gradient_loss   | -0.026     |
|    std                    | 0.707      |
|    value_loss             | 0.0402     |
------------------------------------------
-----------------------------------------
| curriculum/             |             |
|    stage                | 0.33        |
| rollout/                |             |
|    ep_len_mean          | 569         |
|    ep_rew_mean          | 789         |
| time/                   |             |
|    fps                  | 175         |
|    iterations           | 175         |
|    time_elapsed         | 3067        |
|    total_timesteps      | 537600      |
| train/                  |             |
|    approx_kl            | 0.021629322 |
|    clip_fraction        | 0.162       |
|    clip_range           | 0.2         |
|    entropy_loss         | -2.14       |
|    explained_variance   | 0.765       |
|    learning_rate        | 3.27e-05    |
|    loss                 | -0.0597     |
|    n_updates            | 1740        |
|    policy_gradient_loss | -0.0255     |
|    std                  | 0.707       |
|    value_loss           | 0.046       |
-----------------------------------------
[Step   540672] SR=0.310 | FracGoal=0.471 | Ret=791.45 | Vis=0.75 | Prog=0.077 | CollEvt=10.98 | Stage=0.33
-------------------------------------------
| curriculum/               |             |
|    stage                  | 0.33        |
| research/                 |             |
|    collision_count        | 39.5        |
|    collision_event_count  | 11          |
|    curriculum_stage       | 0.33        |
|    episode_length         | 571         |
|    episode_return         | 791         |
|    fraction_at_goal       | 0.471       |
|    reward_collision       | -0.00528    |
|    reward_progress        | 0.0769      |
|    reward_zero_visibility | -0.0094     |
|    stray_count            | 0.21        |
|    success_rate           | 0.31        |
|    visibility_ratio       | 0.745       |
| rollout/                  |             |
|    ep_len_mean            | 571         |
|    ep_rew_mean            | 791         |
| time/                     |             |
|    fps                    | 175         |
|    iterations             | 176         |
|    time_elapsed           | 3084        |
|    total_timesteps        | 540672      |
| train/                    |             |
|    approx_kl              | 0.017107692 |
|    clip_fraction          | 0.134       |
|    clip_range             | 0.2         |
|    entropy_loss           | -2.14       |
|    explained_variance     | 0.841       |
|    learning_rate          | 3.12e-05    |
|    loss                   | -0.038      |
|    n_updates              | 1750        |
|    policy_gradient_loss   | -0.0262     |
|    std                    | 0.707       |
|    value_loss             | 0.033       |
-------------------------------------------
-----------------------------------------
| curriculum/             |             |
|    stage                | 0.33        |
| rollout/                |             |
|    ep_len_mean          | 578         |
|    ep_rew_mean          | 803         |
| time/                   |             |
|    fps                  | 175         |
|    iterations           | 177         |
|    time_elapsed         | 3095        |
|    total_timesteps      | 543744      |
| train/                  |             |
|    approx_kl            | 0.014985032 |
|    clip_fraction        | 0.122       |
|    clip_range           | 0.2         |
|    entropy_loss         | -2.14       |
|    explained_variance   | 0.696       |
|    learning_rate        | 2.97e-05    |
|    loss                 | -0.0324     |
|    n_updates            | 1760        |
|    policy_gradient_loss | -0.0215     |
|    std                  | 0.706       |
|    value_loss           | 0.0226      |
-----------------------------------------
[Step   546816] SR=0.290 | FracGoal=0.447 | Ret=813.41 | Vis=0.76 | Prog=0.073 | CollEvt=12.28 | Stage=0.33
-------------------------------------------
| curriculum/               |             |
|    stage                  | 0.33        |
| research/                 |             |
|    collision_count        | 43.1        |
|    collision_event_count  | 12.3        |
|    curriculum_stage       | 0.33        |
|    episode_length         | 585         |
|    episode_return         | 813         |
|    fraction_at_goal       | 0.447       |
|    reward_collision       | -0.00554    |
|    reward_progress        | 0.0734      |
|    reward_zero_visibility | -0.00697    |
|    stray_count            | 0.25        |
|    success_rate           | 0.29        |
|    visibility_ratio       | 0.757       |
| rollout/                  |             |
|    ep_len_mean            | 585         |
|    ep_rew_mean            | 813         |
| time/                     |             |
|    fps                    | 175         |
|    iterations             | 178         |
|    time_elapsed           | 3110        |
|    total_timesteps        | 546816      |
| train/                    |             |
|    approx_kl              | 0.013683541 |
|    clip_fraction          | 0.131       |
|    clip_range             | 0.2         |
|    entropy_loss           | -2.14       |
|    explained_variance     | 0.803       |
|    learning_rate          | 2.81e-05    |
|    loss                   | -0.0254     |
|    n_updates              | 1770        |
|    policy_gradient_loss   | -0.0224     |
|    std                    | 0.707       |
|    value_loss             | 0.0168      |
-------------------------------------------
----------------------------------------
| curriculum/             |            |
|    stage                | 0.33       |
| rollout/                |            |
|    ep_len_mean          | 574        |
|    ep_rew_mean          | 798        |
| time/                   |            |
|    fps                  | 176        |
|    iterations           | 179        |
|    time_elapsed         | 3122       |
|    total_timesteps      | 549888     |
| train/                  |            |
|    approx_kl            | 0.01593778 |
|    clip_fraction        | 0.129      |
|    clip_range           | 0.2        |
|    entropy_loss         | -2.14      |
|    explained_variance   | 0.78       |
|    learning_rate        | 2.66e-05   |
|    loss                 | -0.0422    |
|    n_updates            | 1780       |
|    policy_gradient_loss | -0.0274    |
|    std                  | 0.706      |
|    value_loss           | 0.023      |
----------------------------------------
[validation @ 550,176] SR=0.267 | FracGoal=0.408 | MeanDist=3.80 | best=0.423
[Step   552960] SR=0.330 | FracGoal=0.471 | Ret=789.23 | Vis=0.74 | Prog=0.073 | CollEvt=13.38 | Stage=0.33
-------------------------------------------
| curriculum/               |             |
|    stage                  | 0.33        |
| research/                 |             |
|    collision_count        | 51.9        |
|    collision_event_count  | 13.4        |
|    curriculum_stage       | 0.33        |
|    episode_length         | 567         |
|    episode_return         | 789         |
|    fraction_at_goal       | 0.471       |
|    reward_collision       | -0.00652    |
|    reward_progress        | 0.0729      |
|    reward_zero_visibility | -0.00723    |
|    stray_count            | 0.26        |
|    success_rate           | 0.33        |
|    visibility_ratio       | 0.737       |
| rollout/                  |             |
|    ep_len_mean            | 567         |
|    ep_rew_mean            | 789         |
| time/                     |             |
|    fps                    | 174         |
|    iterations             | 180         |
|    time_elapsed           | 3170        |
|    total_timesteps        | 552960      |
| train/                    |             |
|    approx_kl              | 0.011749033 |
|    clip_fraction          | 0.0899      |
|    clip_range             | 0.2         |
|    entropy_loss           | -2.14       |
|    explained_variance     | 0.858       |
|    learning_rate          | 2.51e-05    |
|    loss                   | -0.0146     |
|    n_updates              | 1790        |
|    policy_gradient_loss   | -0.0224     |
|    std                    | 0.706       |
|    value_loss             | 0.0502      |
| validation/               |             |
|    episode_length         | 570         |
|    fraction_at_goal       | 0.408       |
|    mean_dist_to_goal      | 3.8         |
|    success_rate           | 0.267       |
-------------------------------------------
-----------------------------------------
| curriculum/             |             |
|    stage                | 0.33        |
| rollout/                |             |
|    ep_len_mean          | 564         |
|    ep_rew_mean          | 786         |
| time/                   |             |
|    fps                  | 174         |
|    iterations           | 181         |
|    time_elapsed         | 3183        |
|    total_timesteps      | 556032      |
| train/                  |             |
|    approx_kl            | 0.014387119 |
|    clip_fraction        | 0.106       |
|    clip_range           | 0.2         |
|    entropy_loss         | -2.14       |
|    explained_variance   | 0.768       |
|    learning_rate        | 2.35e-05    |
|    loss                 | -0.0241     |
|    n_updates            | 1800        |
|    policy_gradient_loss | -0.024      |
|    std                  | 0.706       |
|    value_loss           | 0.0556      |
-----------------------------------------
Adaptive curriculum advanced to stage 0.66 at timestep 556,416
[Step   559104] SR=0.370 | FracGoal=0.505 | Ret=771.93 | Vis=0.74 | Prog=0.081 | CollEvt=13.04 | Stage=0.49
--------------------------------------------
| curriculum/               |              |
|    stage                  | 0.66         |
| research/                 |              |
|    collision_count        | 48.9         |
|    collision_event_count  | 13           |
|    curriculum_stage       | 0.495        |
|    episode_length         | 551          |
|    episode_return         | 772          |
|    fraction_at_goal       | 0.505        |
|    reward_collision       | -0.00645     |
|    reward_progress        | 0.0814       |
|    reward_zero_visibility | -0.00727     |
|    stray_count            | 0.23         |
|    success_rate           | 0.37         |
|    visibility_ratio       | 0.743        |
| rollout/                  |              |
|    ep_len_mean            | 551          |
|    ep_rew_mean            | 772          |
| time/                     |              |
|    fps                    | 175          |
|    iterations             | 182          |
|    time_elapsed           | 3191         |
|    total_timesteps        | 559104       |
| train/                    |              |
|    approx_kl              | 0.0121913515 |
|    clip_fraction          | 0.113        |
|    clip_range             | 0.2          |
|    entropy_loss           | -2.14        |
|    explained_variance     | 0.889        |
|    learning_rate          | 2.2e-05      |
|    loss                   | -0.0295      |
|    n_updates              | 1810         |
|    policy_gradient_loss   | -0.0229      |
|    std                    | 0.706        |
|    value_loss             | 0.0217       |
--------------------------------------------
-----------------------------------------
| curriculum/             |             |
|    stage                | 0.66        |
| rollout/                |             |
|    ep_len_mean          | 538         |
|    ep_rew_mean          | 757         |
| time/                   |             |
|    fps                  | 175         |
|    iterations           | 183         |
|    time_elapsed         | 3205        |
|    total_timesteps      | 562176      |
| train/                  |             |
|    approx_kl            | 0.011569445 |
|    clip_fraction        | 0.095       |
|    clip_range           | 0.2         |
|    entropy_loss         | -2.14       |
|    explained_variance   | 0.735       |
|    learning_rate        | 2.04e-05    |
|    loss                 | 0.0481      |
|    n_updates            | 1820        |
|    policy_gradient_loss | -0.0226     |
|    std                  | 0.706       |
|    value_loss           | 0.0448      |
-----------------------------------------
[Step   565248] SR=0.400 | FracGoal=0.521 | Ret=757.63 | Vis=0.76 | Prog=0.087 | CollEvt=12.62 | Stage=0.66
-------------------------------------------
| curriculum/               |             |
|    stage                  | 0.66        |
| research/                 |             |
|    collision_count        | 49.6        |
|    collision_event_count  | 12.6        |
|    curriculum_stage       | 0.66        |
|    episode_length         | 536         |
|    episode_return         | 758         |
|    fraction_at_goal       | 0.521       |
|    reward_collision       | -0.00646    |
|    reward_progress        | 0.0869      |
|    reward_zero_visibility | -0.00541    |
|    stray_count            | 0.21        |
|    success_rate           | 0.4         |
|    visibility_ratio       | 0.758       |
| rollout/                  |             |
|    ep_len_mean            | 536         |
|    ep_rew_mean            | 758         |
| time/                     |             |
|    fps                    | 175         |
|    iterations             | 184         |
|    time_elapsed           | 3219        |
|    total_timesteps        | 565248      |
| train/                    |             |
|    approx_kl              | 0.014751836 |
|    clip_fraction          | 0.0915      |
|    clip_range             | 0.2         |
|    entropy_loss           | -2.14       |
|    explained_variance     | 0.671       |
|    learning_rate          | 1.89e-05    |
|    loss                   | -0.0453     |
|    n_updates              | 1830        |
|    policy_gradient_loss   | -0.0233     |
|    std                    | 0.706       |
|    value_loss             | 0.0757      |
-------------------------------------------
-----------------------------------------
| curriculum/             |             |
|    stage                | 0.66        |
| rollout/                |             |
|    ep_len_mean          | 529         |
|    ep_rew_mean          | 750         |
| time/                   |             |
|    fps                  | 175         |
|    iterations           | 185         |
|    time_elapsed         | 3232        |
|    total_timesteps      | 568320      |
| train/                  |             |
|    approx_kl            | 0.013131174 |
|    clip_fraction        | 0.114       |
|    clip_range           | 0.2         |
|    entropy_loss         | -2.14       |
|    explained_variance   | 0.852       |
|    learning_rate        | 1.74e-05    |
|    loss                 | -0.0331     |
|    n_updates            | 1840        |
|    policy_gradient_loss | -0.0232     |
|    std                  | 0.706       |
|    value_loss           | 0.0354      |
-----------------------------------------
[Step   571392] SR=0.390 | FracGoal=0.498 | Ret=761.33 | Vis=0.75 | Prog=0.085 | CollEvt=12.22 | Stage=0.66
-------------------------------------------
| curriculum/               |             |
|    stage                  | 0.66        |
| research/                 |             |
|    collision_count        | 49.7        |
|    collision_event_count  | 12.2        |
|    curriculum_stage       | 0.66        |
|    episode_length         | 540         |
|    episode_return         | 761         |
|    fraction_at_goal       | 0.498       |
|    reward_collision       | -0.00622    |
|    reward_progress        | 0.0848      |
|    reward_zero_visibility | -0.00715    |
|    stray_count            | 0.24        |
|    success_rate           | 0.39        |
|    visibility_ratio       | 0.75        |
| rollout/                  |             |
|    ep_len_mean            | 540         |
|    ep_rew_mean            | 761         |
| time/                     |             |
|    fps                    | 175         |
|    iterations             | 186         |
|    time_elapsed           | 3246        |
|    total_timesteps        | 571392      |
| train/                    |             |
|    approx_kl              | 0.012938303 |
|    clip_fraction          | 0.107       |
|    clip_range             | 0.2         |
|    entropy_loss           | -2.14       |
|    explained_variance     | 0.843       |
|    learning_rate          | 1.58e-05    |
|    loss                   | -0.0347     |
|    n_updates              | 1850        |
|    policy_gradient_loss   | -0.0238     |
|    std                    | 0.706       |
|    value_loss             | 0.0438      |
-------------------------------------------
------------------------------------------
| curriculum/             |              |
|    stage                | 0.66         |
| rollout/                |              |
|    ep_len_mean          | 544          |
|    ep_rew_mean          | 764          |
| time/                   |              |
|    fps                  | 176          |
|    iterations           | 187          |
|    time_elapsed         | 3260         |
|    total_timesteps      | 574464       |
| train/                  |              |
|    approx_kl            | 0.0109212035 |
|    clip_fraction        | 0.0774       |
|    clip_range           | 0.2          |
|    entropy_loss         | -2.14        |
|    explained_variance   | 0.835        |
|    learning_rate        | 1.43e-05     |
|    loss                 | -0.0552      |
|    n_updates            | 1860         |
|    policy_gradient_loss | -0.0225      |
|    std                  | 0.706        |
|    value_loss           | 0.0362       |
------------------------------------------
[validation @ 575,184] SR=0.233 | FracGoal=0.410 | MeanDist=3.30 | best=0.423
[Step   577536] SR=0.390 | FracGoal=0.501 | Ret=763.86 | Vis=0.72 | Prog=0.082 | CollEvt=12.51 | Stage=0.66
-------------------------------------------
| curriculum/               |             |
|    stage                  | 0.66        |
| research/                 |             |
|    collision_count        | 49.8        |
|    collision_event_count  | 12.5        |
|    curriculum_stage       | 0.66        |
|    episode_length         | 544         |
|    episode_return         | 764         |
|    fraction_at_goal       | 0.501       |
|    reward_collision       | -0.00635    |
|    reward_progress        | 0.082       |
|    reward_zero_visibility | -0.0102     |
|    stray_count            | 0.25        |
|    success_rate           | 0.39        |
|    visibility_ratio       | 0.724       |
| rollout/                  |             |
|    ep_len_mean            | 544         |
|    ep_rew_mean            | 764         |
| time/                     |             |
|    fps                    | 174         |
|    iterations             | 188         |
|    time_elapsed           | 3300        |
|    total_timesteps        | 577536      |
| train/                    |             |
|    approx_kl              | 0.010688202 |
|    clip_fraction          | 0.0873      |
|    clip_range             | 0.2         |
|    entropy_loss           | -2.14       |
|    explained_variance     | 0.798       |
|    learning_rate          | 1.28e-05    |
|    loss                   | -0.047      |
|    n_updates              | 1870        |
|    policy_gradient_loss   | -0.0249     |
|    std                    | 0.706       |
|    value_loss             | 0.0476      |
| validation/               |             |
|    episode_length         | 610         |
|    fraction_at_goal       | 0.41        |
|    mean_dist_to_goal      | 3.3         |
|    success_rate           | 0.233       |
-------------------------------------------
-----------------------------------------
| curriculum/             |             |
|    stage                | 0.66        |
| rollout/                |             |
|    ep_len_mean          | 546         |
|    ep_rew_mean          | 762         |
| time/                   |             |
|    fps                  | 175         |
|    iterations           | 189         |
|    time_elapsed         | 3312        |
|    total_timesteps      | 580608      |
| train/                  |             |
|    approx_kl            | 0.009921019 |
|    clip_fraction        | 0.0709      |
|    clip_range           | 0.2         |
|    entropy_loss         | -2.14       |
|    explained_variance   | 0.89        |
|    learning_rate        | 1.12e-05    |
|    loss                 | -0.0538     |
|    n_updates            | 1880        |
|    policy_gradient_loss | -0.0213     |
|    std                  | 0.706       |
|    value_loss           | 0.0234      |
-----------------------------------------
Adaptive curriculum fell back to stage 0.33 at timestep 581,424
[Step   583680] SR=0.380 | FracGoal=0.495 | Ret=763.52 | Vis=0.72 | Prog=0.082 | CollEvt=13.25 | Stage=0.56
-------------------------------------------
| curriculum/               |             |
|    stage                  | 0.33        |
| research/                 |             |
|    collision_count        | 50.7        |
|    collision_event_count  | 13.2        |
|    curriculum_stage       | 0.561       |
|    episode_length         | 548         |
|    episode_return         | 764         |
|    fraction_at_goal       | 0.495       |
|    reward_collision       | -0.00657    |
|    reward_progress        | 0.0819      |
|    reward_zero_visibility | -0.0115     |
|    stray_count            | 0.26        |
|    success_rate           | 0.38        |
|    visibility_ratio       | 0.719       |
| rollout/                  |             |
|    ep_len_mean            | 548         |
|    ep_rew_mean            | 764         |
| time/                     |             |
|    fps                    | 175         |
|    iterations             | 190         |
|    time_elapsed           | 3324        |
|    total_timesteps        | 583680      |
| train/                    |             |
|    approx_kl              | 0.008022491 |
|    clip_fraction          | 0.0538      |
|    clip_range             | 0.2         |
|    entropy_loss           | -2.14       |
|    explained_variance     | 0.82        |
|    learning_rate          | 9.7e-06     |
|    loss                   | -0.0265     |
|    n_updates              | 1890        |
|    policy_gradient_loss   | -0.0186     |
|    std                    | 0.707       |
|    value_loss             | 0.0244      |
-------------------------------------------
-----------------------------------------
| curriculum/             |             |
|    stage                | 0.33        |
| rollout/                |             |
|    ep_len_mean          | 554         |
|    ep_rew_mean          | 763         |
| time/                   |             |
|    fps                  | 175         |
|    iterations           | 191         |
|    time_elapsed         | 3333        |
|    total_timesteps      | 586752      |
| train/                  |             |
|    approx_kl            | 0.008214025 |
|    clip_fraction        | 0.0522      |
|    clip_range           | 0.2         |
|    entropy_loss         | -2.14       |
|    explained_variance   | 0.764       |
|    learning_rate        | 8.16e-06    |
|    loss                 | 0.0112      |
|    n_updates            | 1900        |
|    policy_gradient_loss | -0.0156     |
|    std                  | 0.707       |
|    value_loss           | 0.0466      |
-----------------------------------------
[Step   589824] SR=0.380 | FracGoal=0.482 | Ret=746.95 | Vis=0.71 | Prog=0.083 | CollEvt=13.46 | Stage=0.33
-------------------------------------------
| curriculum/               |             |
|    stage                  | 0.33        |
| research/                 |             |
|    collision_count        | 51.9        |
|    collision_event_count  | 13.5        |
|    curriculum_stage       | 0.33        |
|    episode_length         | 540         |
|    episode_return         | 747         |
|    fraction_at_goal       | 0.482       |
|    reward_collision       | -0.00649    |
|    reward_progress        | 0.0832      |
|    reward_zero_visibility | -0.0131     |
|    stray_count            | 0.39        |
|    success_rate           | 0.38        |
|    visibility_ratio       | 0.706       |
| rollout/                  |             |
|    ep_len_mean            | 540         |
|    ep_rew_mean            | 747         |
| time/                     |             |
|    fps                    | 176         |
|    iterations             | 192         |
|    time_elapsed           | 3350        |
|    total_timesteps        | 589824      |
| train/                    |             |
|    approx_kl              | 0.006805151 |
|    clip_fraction          | 0.0388      |
|    clip_range             | 0.2         |
|    entropy_loss           | -2.14       |
|    explained_variance     | 0.871       |
|    learning_rate          | 6.62e-06    |
|    loss                   | -0.0276     |
|    n_updates              | 1910        |
|    policy_gradient_loss   | -0.0146     |
|    std                    | 0.707       |
|    value_loss             | 0.036       |
-------------------------------------------
------------------------------------------
| curriculum/             |              |
|    stage                | 0.33         |
| rollout/                |              |
|    ep_len_mean          | 538          |
|    ep_rew_mean          | 745          |
| time/                   |              |
|    fps                  | 175          |
|    iterations           | 193          |
|    time_elapsed         | 3369         |
|    total_timesteps      | 592896       |
| train/                  |              |
|    approx_kl            | 0.0038057943 |
|    clip_fraction        | 0.0194       |
|    clip_range           | 0.2          |
|    entropy_loss         | -2.14        |
|    explained_variance   | 0.801        |
|    learning_rate        | 5.09e-06     |
|    loss                 | 0.06         |
|    n_updates            | 1920         |
|    policy_gradient_loss | -0.0105      |
|    std                  | 0.707        |
|    value_loss           | 0.0824       |
------------------------------------------
[Step   595968] SR=0.400 | FracGoal=0.510 | Ret=740.30 | Vis=0.72 | Prog=0.086 | CollEvt=14.35 | Stage=0.33
-------------------------------------------
| curriculum/               |             |
|    stage                  | 0.33        |
| research/                 |             |
|    collision_count        | 57.2        |
|    collision_event_count  | 14.4        |
|    curriculum_stage       | 0.33        |
|    episode_length         | 534         |
|    episode_return         | 740         |
|    fraction_at_goal       | 0.51        |
|    reward_collision       | -0.00704    |
|    reward_progress        | 0.0858      |
|    reward_zero_visibility | -0.0126     |
|    stray_count            | 0.37        |
|    success_rate           | 0.4         |
|    visibility_ratio       | 0.717       |
| rollout/                  |             |
|    ep_len_mean            | 534         |
|    ep_rew_mean            | 740         |
| time/                     |             |
|    fps                    | 176         |
|    iterations             | 194         |
|    time_elapsed           | 3384        |
|    total_timesteps        | 595968      |
| train/                    |             |
|    approx_kl              | 0.004272037 |
|    clip_fraction          | 0.0199      |
|    clip_range             | 0.2         |
|    entropy_loss           | -2.14       |
|    explained_variance     | 0.828       |
|    learning_rate          | 3.55e-06    |
|    loss                   | 0.00695     |
|    n_updates              | 1930        |
|    policy_gradient_loss   | -0.00979    |
|    std                    | 0.707       |
|    value_loss             | 0.065       |
-------------------------------------------
-----------------------------------------
| curriculum/             |             |
|    stage                | 0.33        |
| rollout/                |             |
|    ep_len_mean          | 529         |
|    ep_rew_mean          | 736         |
| time/                   |             |
|    fps                  | 176         |
|    iterations           | 195         |
|    time_elapsed         | 3402        |
|    total_timesteps      | 599040      |
| train/                  |             |
|    approx_kl            | 0.002037858 |
|    clip_fraction        | 0.00469     |
|    clip_range           | 0.2         |
|    entropy_loss         | -2.14       |
|    explained_variance   | 0.832       |
|    learning_rate        | 2.02e-06    |
|    loss                 | 0.028       |
|    n_updates            | 1940        |
|    policy_gradient_loss | -0.00617    |
|    std                  | 0.707       |
|    value_loss           | 0.0616      |
-----------------------------------------
[validation @ 600,192] SR=0.367 | FracGoal=0.455 | MeanDist=3.88 | best=0.455
[Step   602112] SR=0.410 | FracGoal=0.527 | Ret=733.80 | Vis=0.72 | Prog=0.091 | CollEvt=14.03 | Stage=0.33
---------------------------------------------
| curriculum/               |               |
|    stage                  | 0.33          |
| research/                 |               |
|    collision_count        | 64.3          |
|    collision_event_count  | 14            |
|    curriculum_stage       | 0.33          |
|    episode_length         | 527           |
|    episode_return         | 734           |
|    fraction_at_goal       | 0.527         |
|    reward_collision       | -0.00727      |
|    reward_progress        | 0.0907        |
|    reward_zero_visibility | -0.0125       |
|    stray_count            | 0.32          |
|    success_rate           | 0.41          |
|    visibility_ratio       | 0.716         |
| rollout/                  |               |
|    ep_len_mean            | 527           |
|    ep_rew_mean            | 734           |
| time/                     |               |
|    fps                    | 174           |
|    iterations             | 196           |
|    time_elapsed           | 3443          |
|    total_timesteps        | 602112        |
| train/                    |               |
|    approx_kl              | 0.00013057743 |
|    clip_fraction          | 0             |
|    clip_range             | 0.2           |
|    entropy_loss           | -2.14         |
|    explained_variance     | 0.852         |
|    learning_rate          | 4.8e-07       |
|    loss                   | -0.00694      |
|    n_updates              | 1950          |
|    policy_gradient_loss   | -0.00178      |
|    std                    | 0.707         |
|    value_loss             | 0.0585        |
| validation/               |               |
|    episode_length         | 524           |
|    fraction_at_goal       | 0.455         |
|    mean_dist_to_goal      | 3.88          |
|    success_rate           | 0.367         |
---------------------------------------------

[warning] The curriculum finished at stage 0.33 (< 1.0). Earlier stages narrow the obstacle topologies and shrink the dynamics ranges, so this run trained on less randomization than the config asks for. Check curriculum.fraction_per_stage in this metadata file, then loosen training.curriculum.stages or train for longer.

Saved model to models/research_v3/recurrent/recurrent_seed1.zip
