TensorBoard is not installed; continuing without tensorboard logging.
Using cpu device
========================================================================
  Shepherding RL v3 – Recurrent PPO
  Run name         : recurrent_seed2
  Seed             : 2
  Scenario         : train
  Parallel envs    : 12
  Total timesteps  : 600,000
========================================================================
---------------------------------
| curriculum/        |          |
|    stage           | 0        |
| time/              |          |
|    fps             | 2020     |
|    iterations      | 1        |
|    time_elapsed    | 1        |
|    total_timesteps | 3072     |
---------------------------------
[Step     6144] SR=1.000 | FracGoal=1.000 | Ret=448.85 | Vis=0.52 | Prog=0.095 | CollEvt=28.00 | Stage=0.00
--------------------------------------------
| curriculum/               |              |
|    stage                  | 0            |
| research/                 |              |
|    collision_count        | 56           |
|    collision_event_count  | 28           |
|    curriculum_stage       | 0            |
|    episode_length         | 334          |
|    episode_return         | 449          |
|    fraction_at_goal       | 1            |
|    reward_collision       | -0.0193      |
|    reward_progress        | 0.0953       |
|    reward_zero_visibility | -0.0734      |
|    stray_count            | 0            |
|    success_rate           | 1            |
|    visibility_ratio       | 0.517        |
| rollout/                  |              |
|    ep_len_mean            | 334          |
|    ep_rew_mean            | 449          |
| time/                     |              |
|    fps                    | 221          |
|    iterations             | 2            |
|    time_elapsed           | 27           |
|    total_timesteps        | 6144         |
| train/                    |              |
|    approx_kl              | 0.0062785195 |
|    clip_fraction          | 0.026        |
|    clip_range             | 0.2          |
|    entropy_loss           | -2.84        |
|    explained_variance     | 0.0059       |
|    learning_rate          | 0.000298     |
|    loss                   | 0.299        |
|    n_updates              | 10           |
|    policy_gradient_loss   | -0.00351     |
|    std                    | 1            |
|    value_loss             | 0.918        |
--------------------------------------------
-----------------------------------------
| curriculum/             |             |
|    stage                | 0           |
| rollout/                |             |
|    ep_len_mean          | 670         |
|    ep_rew_mean          | 514         |
| time/                   |             |
|    fps                  | 281         |
|    iterations           | 3           |
|    time_elapsed         | 32          |
|    total_timesteps      | 9216        |
| train/                  |             |
|    approx_kl            | 0.011069774 |
|    clip_fraction        | 0.0861      |
|    clip_range           | 0.2         |
|    entropy_loss         | -2.84       |
|    explained_variance   | 0.435       |
|    learning_rate        | 0.000297    |
|    loss                 | -0.0264     |
|    n_updates            | 20          |
|    policy_gradient_loss | -0.0135     |
|    std                  | 1           |
|    value_loss           | 0.0559      |
-----------------------------------------
[Step    12288] SR=0.083 | FracGoal=0.092 | Ret=514.08 | Vis=0.32 | Prog=0.011 | CollEvt=29.00 | Stage=0.00
-------------------------------------------
| curriculum/               |             |
|    stage                  | 0           |
| research/                 |             |
|    collision_count        | 58.2        |
|    collision_event_count  | 29          |
|    curriculum_stage       | 0           |
|    episode_length         | 670         |
|    episode_return         | 514         |
|    fraction_at_goal       | 0.0917      |
|    reward_collision       | -0.0104     |
|    reward_progress        | 0.0113      |
|    reward_zero_visibility | -0.133      |
|    stray_count            | 0           |
|    success_rate           | 0.0833      |
|    visibility_ratio       | 0.323       |
| rollout/                  |             |
|    ep_len_mean            | 670         |
|    ep_rew_mean            | 514         |
| time/                     |             |
|    fps                    | 226         |
|    iterations             | 4           |
|    time_elapsed           | 54          |
|    total_timesteps        | 12288       |
| train/                    |             |
|    approx_kl              | 0.012204246 |
|    clip_fraction          | 0.118       |
|    clip_range             | 0.2         |
|    entropy_loss           | -2.84       |
|    explained_variance     | 0.824       |
|    learning_rate          | 0.000295    |
|    loss                   | -0.0317     |
|    n_updates              | 30          |
|    policy_gradient_loss   | -0.0174     |
|    std                    | 0.998       |
|    value_loss             | 0.0506      |
-------------------------------------------
-----------------------------------------
| curriculum/             |             |
|    stage                | 0           |
| rollout/                |             |
|    ep_len_mean          | 672         |
|    ep_rew_mean          | 506         |
| time/                   |             |
|    fps                  | 270         |
|    iterations           | 5           |
|    time_elapsed         | 56          |
|    total_timesteps      | 15360       |
| train/                  |             |
|    approx_kl            | 0.016750831 |
|    clip_fraction        | 0.17        |
|    clip_range           | 0.2         |
|    entropy_loss         | -2.83       |
|    explained_variance   | 0.759       |
|    learning_rate        | 0.000294    |
|    loss                 | -0.0355     |
|    n_updates            | 40          |
|    policy_gradient_loss | -0.0218     |
|    std                  | 0.994       |
|    value_loss           | 0.0324      |
-----------------------------------------
[Step    18432] SR=0.042 | FracGoal=0.083 | Ret=568.61 | Vis=0.34 | Prog=0.012 | CollEvt=31.33 | Stage=0.00
-------------------------------------------
| curriculum/               |             |
|    stage                  | 0           |
| research/                 |             |
|    collision_count        | 62.3        |
|    collision_event_count  | 31.3        |
|    curriculum_stage       | 0           |
|    episode_length         | 685         |
|    episode_return         | 569         |
|    fraction_at_goal       | 0.0833      |
|    reward_collision       | -0.0107     |
|    reward_progress        | 0.0121      |
|    reward_zero_visibility | -0.12       |
|    stray_count            | 0.208       |
|    success_rate           | 0.0417      |
|    visibility_ratio       | 0.341       |
| rollout/                  |             |
|    ep_len_mean            | 685         |
|    ep_rew_mean            | 569         |
| time/                     |             |
|    fps                    | 295         |
|    iterations             | 6           |
|    time_elapsed           | 62          |
|    total_timesteps        | 18432       |
| train/                    |             |
|    approx_kl              | 0.015514962 |
|    clip_fraction          | 0.165       |
|    clip_range             | 0.2         |
|    entropy_loss           | -2.82       |
|    explained_variance     | 0.778       |
|    learning_rate          | 0.000292    |
|    loss                   | 0.00883     |
|    n_updates              | 50          |
|    policy_gradient_loss   | -0.0211     |
|    std                    | 0.988       |
|    value_loss             | 0.0374      |
-------------------------------------------
-----------------------------------------
| curriculum/             |             |
|    stage                | 0           |
| rollout/                |             |
|    ep_len_mean          | 656         |
|    ep_rew_mean          | 567         |
| time/                   |             |
|    fps                  | 273         |
|    iterations           | 7           |
|    time_elapsed         | 78          |
|    total_timesteps      | 21504       |
| train/                  |             |
|    approx_kl            | 0.027748995 |
|    clip_fraction        | 0.21        |
|    clip_range           | 0.2         |
|    entropy_loss         | -2.82       |
|    explained_variance   | 0.877       |
|    learning_rate        | 0.000291    |
|    loss                 | 0.00409     |
|    n_updates            | 60          |
|    policy_gradient_loss | -0.021      |
|    std                  | 0.991       |
|    value_loss           | 0.0432      |
-----------------------------------------
[Step    24576] SR=0.143 | FracGoal=0.186 | Ret=573.64 | Vis=0.36 | Prog=0.024 | CollEvt=30.43 | Stage=0.00
-------------------------------------------
| curriculum/               |             |
|    stage                  | 0           |
| research/                 |             |
|    collision_count        | 61.1        |
|    collision_event_count  | 30.4        |
|    curriculum_stage       | 0           |
|    episode_length         | 652         |
|    episode_return         | 574         |
|    fraction_at_goal       | 0.186       |
|    reward_collision       | -0.011      |
|    reward_progress        | 0.0236      |
|    reward_zero_visibility | -0.114      |
|    stray_count            | 0.179       |
|    success_rate           | 0.143       |
|    visibility_ratio       | 0.361       |
| rollout/                  |             |
|    ep_len_mean            | 652         |
|    ep_rew_mean            | 574         |
| time/                     |             |
|    fps                    | 275         |
|    iterations             | 8           |
|    time_elapsed           | 89          |
|    total_timesteps        | 24576       |
| train/                    |             |
|    approx_kl              | 0.021508208 |
|    clip_fraction          | 0.178       |
|    clip_range             | 0.2         |
|    entropy_loss           | -2.82       |
|    explained_variance     | 0.795       |
|    learning_rate          | 0.000289    |
|    loss                   | -0.0421     |
|    n_updates              | 70          |
|    policy_gradient_loss   | -0.0224     |
|    std                    | 0.994       |
|    value_loss             | 0.0535      |
-------------------------------------------
[validation @ 25,008] SR=0.167 | FracGoal=0.238 | MeanDist=5.94 | best=0.238
-----------------------------------------
| curriculum/             |             |
|    stage                | 0           |
| rollout/                |             |
|    ep_len_mean          | 649         |
|    ep_rew_mean          | 614         |
| time/                   |             |
|    fps                  | 216         |
|    iterations           | 9           |
|    time_elapsed         | 127         |
|    total_timesteps      | 27648       |
| train/                  |             |
|    approx_kl            | 0.019747406 |
|    clip_fraction        | 0.189       |
|    clip_range           | 0.2         |
|    entropy_loss         | -2.82       |
|    explained_variance   | 0.663       |
|    learning_rate        | 0.000288    |
|    loss                 | -0.0273     |
|    n_updates            | 80          |
|    policy_gradient_loss | -0.0195     |
|    std                  | 0.987       |
|    value_loss           | 0.0676      |
| validation/             |             |
|    episode_length       | 634         |
|    fraction_at_goal     | 0.238       |
|    mean_dist_to_goal    | 5.94        |
|    success_rate         | 0.167       |
-----------------------------------------
[Step    30720] SR=0.167 | FracGoal=0.243 | Ret=616.07 | Vis=0.45 | Prog=0.038 | CollEvt=32.67 | Stage=0.00
-------------------------------------------
| curriculum/               |             |
|    stage                  | 0           |
| research/                 |             |
|    collision_count        | 69.4        |
|    collision_event_count  | 32.7        |
|    curriculum_stage       | 0           |
|    episode_length         | 637         |
|    episode_return         | 616         |
|    fraction_at_goal       | 0.243       |
|    reward_collision       | -0.0118     |
|    reward_progress        | 0.0377      |
|    reward_zero_visibility | -0.0958     |
|    stray_count            | 0.167       |
|    success_rate           | 0.167       |
|    visibility_ratio       | 0.445       |
| rollout/                  |             |
|    ep_len_mean            | 637         |
|    ep_rew_mean            | 616         |
| time/                     |             |
|    fps                    | 208         |
|    iterations             | 10          |
|    time_elapsed           | 147         |
|    total_timesteps        | 30720       |
| train/                    |             |
|    approx_kl              | 0.020989638 |
|    clip_fraction          | 0.214       |
|    clip_range             | 0.2         |
|    entropy_loss           | -2.81       |
|    explained_variance     | 0.831       |
|    learning_rate          | 0.000286    |
|    loss                   | -0.0492     |
|    n_updates              | 90          |
|    policy_gradient_loss   | -0.0228     |
|    std                    | 0.981       |
|    value_loss             | 0.045       |
-------------------------------------------
-----------------------------------------
| curriculum/             |             |
|    stage                | 0           |
| rollout/                |             |
|    ep_len_mean          | 636         |
|    ep_rew_mean          | 635         |
| time/                   |             |
|    fps                  | 214         |
|    iterations           | 11          |
|    time_elapsed         | 157         |
|    total_timesteps      | 33792       |
| train/                  |             |
|    approx_kl            | 0.023616603 |
|    clip_fraction        | 0.223       |
|    clip_range           | 0.2         |
|    entropy_loss         | -2.79       |
|    explained_variance   | 0.754       |
|    learning_rate        | 0.000285    |
|    loss                 | -0.0402     |
|    n_updates            | 100         |
|    policy_gradient_loss | -0.0218     |
|    std                  | 0.973       |
|    value_loss           | 0.0449      |
-----------------------------------------
[Step    36864] SR=0.208 | FracGoal=0.289 | Ret=629.78 | Vis=0.48 | Prog=0.043 | CollEvt=33.04 | Stage=0.00
-------------------------------------------
| curriculum/               |             |
|    stage                  | 0           |
| research/                 |             |
|    collision_count        | 72.9        |
|    collision_event_count  | 33          |
|    curriculum_stage       | 0           |
|    episode_length         | 622         |
|    episode_return         | 630         |
|    fraction_at_goal       | 0.289       |
|    reward_collision       | -0.0124     |
|    reward_progress        | 0.043       |
|    reward_zero_visibility | -0.0872     |
|    stray_count            | 0.151       |
|    success_rate           | 0.208       |
|    visibility_ratio       | 0.479       |
| rollout/                  |             |
|    ep_len_mean            | 622         |
|    ep_rew_mean            | 630         |
| time/                     |             |
|    fps                    | 207         |
|    iterations             | 12          |
|    time_elapsed           | 178         |
|    total_timesteps        | 36864       |
| train/                    |             |
|    approx_kl              | 0.024574086 |
|    clip_fraction          | 0.263       |
|    clip_range             | 0.2         |
|    entropy_loss           | -2.78       |
|    explained_variance     | 0.803       |
|    learning_rate          | 0.000283    |
|    loss                   | -0.0292     |
|    n_updates              | 110         |
|    policy_gradient_loss   | -0.0208     |
|    std                    | 0.968       |
|    value_loss             | 0.0432      |
-------------------------------------------
-----------------------------------------
| curriculum/             |             |
|    stage                | 0           |
| rollout/                |             |
|    ep_len_mean          | 621         |
|    ep_rew_mean          | 636         |
| time/                   |             |
|    fps                  | 212         |
|    iterations           | 13          |
|    time_elapsed         | 187         |
|    total_timesteps      | 39936       |
| train/                  |             |
|    approx_kl            | 0.020835858 |
|    clip_fraction        | 0.25        |
|    clip_range           | 0.2         |
|    entropy_loss         | -2.77       |
|    explained_variance   | 0.744       |
|    learning_rate        | 0.000282    |
|    loss                 | -0.0399     |
|    n_updates            | 120         |
|    policy_gradient_loss | -0.0227     |
|    std                  | 0.962       |
|    value_loss           | 0.0424      |
-----------------------------------------
[Step    43008] SR=0.242 | FracGoal=0.332 | Ret=636.71 | Vis=0.50 | Prog=0.046 | CollEvt=29.91 | Stage=0.00
------------------------------------------
| curriculum/               |            |
|    stage                  | 0          |
| research/                 |            |
|    collision_count        | 66         |
|    collision_event_count  | 29.9       |
|    curriculum_stage       | 0          |
|    episode_length         | 604        |
|    episode_return         | 637        |
|    fraction_at_goal       | 0.332      |
|    reward_collision       | -0.0114    |
|    reward_progress        | 0.0459     |
|    reward_zero_visibility | -0.081     |
|    stray_count            | 0.121      |
|    success_rate           | 0.242      |
|    visibility_ratio       | 0.496      |
| rollout/                  |            |
|    ep_len_mean            | 604        |
|    ep_rew_mean            | 637        |
| time/                     |            |
|    fps                    | 217        |
|    iterations             | 14         |
|    time_elapsed           | 197        |
|    total_timesteps        | 43008      |
| train/                    |            |
|    approx_kl              | 0.02598641 |
|    clip_fraction          | 0.228      |
|    clip_range             | 0.2        |
|    entropy_loss           | -2.76      |
|    explained_variance     | 0.658      |
|    learning_rate          | 0.00028    |
|    loss                   | -0.0384    |
|    n_updates              | 130        |
|    policy_gradient_loss   | -0.0256    |
|    std                    | 0.964      |
|    value_loss             | 0.0314     |
------------------------------------------
-----------------------------------------
| curriculum/             |             |
|    stage                | 0           |
| rollout/                |             |
|    ep_len_mean          | 592         |
|    ep_rew_mean          | 634         |
| time/                   |             |
|    fps                  | 213         |
|    iterations           | 15          |
|    time_elapsed         | 216         |
|    total_timesteps      | 46080       |
| train/                  |             |
|    approx_kl            | 0.024960577 |
|    clip_fraction        | 0.254       |
|    clip_range           | 0.2         |
|    entropy_loss         | -2.76       |
|    explained_variance   | 0.664       |
|    learning_rate        | 0.000278    |
|    loss                 | -0.0149     |
|    n_updates            | 140         |
|    policy_gradient_loss | -0.0199     |
|    std                  | 0.964       |
|    value_loss           | 0.0536      |
-----------------------------------------
[Step    49152] SR=0.278 | FracGoal=0.368 | Ret=639.51 | Vis=0.52 | Prog=0.050 | CollEvt=28.92 | Stage=0.00
-------------------------------------------
| curriculum/               |             |
|    stage                  | 0           |
| research/                 |             |
|    collision_count        | 63.7        |
|    collision_event_count  | 28.9        |
|    curriculum_stage       | 0           |
|    episode_length         | 588         |
|    episode_return         | 640         |
|    fraction_at_goal       | 0.368       |
|    reward_collision       | -0.0112     |
|    reward_progress        | 0.0502      |
|    reward_zero_visibility | -0.0746     |
|    stray_count            | 0.101       |
|    success_rate           | 0.278       |
|    visibility_ratio       | 0.515       |
| rollout/                  |             |
|    ep_len_mean            | 588         |
|    ep_rew_mean            | 640         |
| time/                     |             |
|    fps                    | 215         |
|    iterations             | 16          |
|    time_elapsed           | 227         |
|    total_timesteps        | 49152       |
| train/                    |             |
|    approx_kl              | 0.028324028 |
|    clip_fraction          | 0.241       |
|    clip_range             | 0.2         |
|    entropy_loss           | -2.76       |
|    explained_variance     | 0.654       |
|    learning_rate          | 0.000277    |
|    loss                   | -0.053      |
|    n_updates              | 150         |
|    policy_gradient_loss   | -0.0262     |
|    std                    | 0.961       |
|    value_loss             | 0.048       |
-------------------------------------------
[validation @ 50,016] SR=0.100 | FracGoal=0.152 | MeanDist=5.77 | best=0.238
-----------------------------------------
| curriculum/             |             |
|    stage                | 0           |
| rollout/                |             |
|    ep_len_mean          | 580         |
|    ep_rew_mean          | 636         |
| time/                   |             |
|    fps                  | 186         |
|    iterations           | 17          |
|    time_elapsed         | 280         |
|    total_timesteps      | 52224       |
| train/                  |             |
|    approx_kl            | 0.022972425 |
|    clip_fraction        | 0.205       |
|    clip_range           | 0.2         |
|    entropy_loss         | -2.75       |
|    explained_variance   | 0.747       |
|    learning_rate        | 0.000275    |
|    loss                 | -0.0568     |
|    n_updates            | 160         |
|    policy_gradient_loss | -0.0221     |
|    std                  | 0.954       |
|    value_loss           | 0.0362      |
| validation/             |             |
|    episode_length       | 646         |
|    fraction_at_goal     | 0.152       |
|    mean_dist_to_goal    | 5.77        |
|    success_rate         | 0.1         |
-----------------------------------------
[Step    55296] SR=0.292 | FracGoal=0.379 | Ret=640.78 | Vis=0.52 | Prog=0.054 | CollEvt=29.62 | Stage=0.00
-------------------------------------------
| curriculum/               |             |
|    stage                  | 0           |
| research/                 |             |
|    collision_count        | 67.3        |
|    collision_event_count  | 29.6        |
|    curriculum_stage       | 0           |
|    episode_length         | 579         |
|    episode_return         | 641         |
|    fraction_at_goal       | 0.379       |
|    reward_collision       | -0.0118     |
|    reward_progress        | 0.0543      |
|    reward_zero_visibility | -0.0723     |
|    stray_count            | 0.0899      |
|    success_rate           | 0.292       |
|    visibility_ratio       | 0.521       |
| rollout/                  |             |
|    ep_len_mean            | 579         |
|    ep_rew_mean            | 641         |
| time/                     |             |
|    fps                    | 190         |
|    iterations             | 18          |
|    time_elapsed           | 289         |
|    total_timesteps        | 55296       |
| train/                    |             |
|    approx_kl              | 0.022206329 |
|    clip_fraction          | 0.239       |
|    clip_range             | 0.2         |
|    entropy_loss           | -2.74       |
|    explained_variance     | 0.799       |
|    learning_rate          | 0.000274    |
|    loss                   | -0.0452     |
|    n_updates              | 170         |
|    policy_gradient_loss   | -0.0199     |
|    std                    | 0.951       |
|    value_loss             | 0.0317      |
-------------------------------------------
-----------------------------------------
| curriculum/             |             |
|    stage                | 0           |
| rollout/                |             |
|    ep_len_mean          | 584         |
|    ep_rew_mean          | 647         |
| time/                   |             |
|    fps                  | 192         |
|    iterations           | 19          |
|    time_elapsed         | 303         |
|    total_timesteps      | 58368       |
| train/                  |             |
|    approx_kl            | 0.044128086 |
|    clip_fraction        | 0.268       |
|    clip_range           | 0.2         |
|    entropy_loss         | -2.74       |
|    explained_variance   | 0.83        |
|    learning_rate        | 0.000272    |
|    loss                 | -0.0195     |
|    n_updates            | 180         |
|    policy_gradient_loss | -0.016      |
|    std                  | 0.951       |
|    value_loss           | 0.0324      |
-----------------------------------------
[Step    61440] SR=0.290 | FracGoal=0.385 | Ret=646.70 | Vis=0.52 | Prog=0.056 | CollEvt=30.55 | Stage=0.00
-------------------------------------------
| curriculum/               |             |
|    stage                  | 0           |
| research/                 |             |
|    collision_count        | 73.2        |
|    collision_event_count  | 30.5        |
|    curriculum_stage       | 0           |
|    episode_length         | 577         |
|    episode_return         | 647         |
|    fraction_at_goal       | 0.385       |
|    reward_collision       | -0.0123     |
|    reward_progress        | 0.0557      |
|    reward_zero_visibility | -0.0738     |
|    stray_count            | 0.08        |
|    success_rate           | 0.29        |
|    visibility_ratio       | 0.518       |
| rollout/                  |             |
|    ep_len_mean            | 577         |
|    ep_rew_mean            | 647         |
| time/                     |             |
|    fps                    | 194         |
|    iterations             | 20          |
|    time_elapsed           | 315         |
|    total_timesteps        | 61440       |
| train/                    |             |
|    approx_kl              | 0.029752675 |
|    clip_fraction          | 0.229       |
|    clip_range             | 0.2         |
|    entropy_loss           | -2.73       |
|    explained_variance     | 0.852       |
|    learning_rate          | 0.000271    |
|    loss                   | -0.0475     |
|    n_updates              | 190         |
|    policy_gradient_loss   | -0.0272     |
|    std                    | 0.942       |
|    value_loss             | 0.0183      |
-------------------------------------------
-----------------------------------------
| curriculum/             |             |
|    stage                | 0           |
| rollout/                |             |
|    ep_len_mean          | 576         |
|    ep_rew_mean          | 662         |
| time/                   |             |
|    fps                  | 194         |
|    iterations           | 21          |
|    time_elapsed         | 331         |
|    total_timesteps      | 64512       |
| train/                  |             |
|    approx_kl            | 0.028831229 |
|    clip_fraction        | 0.255       |
|    clip_range           | 0.2         |
|    entropy_loss         | -2.72       |
|    explained_variance   | 0.754       |
|    learning_rate        | 0.000269    |
|    loss                 | -0.0529     |
|    n_updates            | 200         |
|    policy_gradient_loss | -0.0263     |
|    std                  | 0.943       |
|    value_loss           | 0.0366      |
-----------------------------------------
[Step    67584] SR=0.300 | FracGoal=0.409 | Ret=670.33 | Vis=0.54 | Prog=0.060 | CollEvt=31.86 | Stage=0.00
-------------------------------------------
| curriculum/               |             |
|    stage                  | 0           |
| research/                 |             |
|    collision_count        | 79.1        |
|    collision_event_count  | 31.9        |
|    curriculum_stage       | 0           |
|    episode_length         | 572         |
|    episode_return         | 670         |
|    fraction_at_goal       | 0.409       |
|    reward_collision       | -0.0128     |
|    reward_progress        | 0.0597      |
|    reward_zero_visibility | -0.0666     |
|    stray_count            | 0.1         |
|    success_rate           | 0.3         |
|    visibility_ratio       | 0.543       |
| rollout/                  |             |
|    ep_len_mean            | 572         |
|    ep_rew_mean            | 670         |
| time/                     |             |
|    fps                    | 195         |
|    iterations             | 22          |
|    time_elapsed           | 345         |
|    total_timesteps        | 67584       |
| train/                    |             |
|    approx_kl              | 0.035945162 |
|    clip_fraction          | 0.267       |
|    clip_range             | 0.2         |
|    entropy_loss           | -2.72       |
|    explained_variance     | 0.804       |
|    learning_rate          | 0.000268    |
|    loss                   | -0.0312     |
|    n_updates              | 210         |
|    policy_gradient_loss   | -0.0252     |
|    std                    | 0.938       |
|    value_loss             | 0.0233      |
-------------------------------------------
-----------------------------------------
| curriculum/             |             |
|    stage                | 0           |
| rollout/                |             |
|    ep_len_mean          | 572         |
|    ep_rew_mean          | 683         |
| time/                   |             |
|    fps                  | 197         |
|    iterations           | 23          |
|    time_elapsed         | 356         |
|    total_timesteps      | 70656       |
| train/                  |             |
|    approx_kl            | 0.028460883 |
|    clip_fraction        | 0.245       |
|    clip_range           | 0.2         |
|    entropy_loss         | -2.71       |
|    explained_variance   | 0.817       |
|    learning_rate        | 0.000266    |
|    loss                 | -0.00548    |
|    n_updates            | 220         |
|    policy_gradient_loss | -0.0267     |
|    std                  | 0.937       |
|    value_loss           | 0.0311      |
-----------------------------------------
[Step    73728] SR=0.300 | FracGoal=0.413 | Ret=691.12 | Vis=0.56 | Prog=0.061 | CollEvt=32.04 | Stage=0.00
-------------------------------------------
| curriculum/               |             |
|    stage                  | 0           |
| research/                 |             |
|    collision_count        | 79.6        |
|    collision_event_count  | 32          |
|    curriculum_stage       | 0           |
|    episode_length         | 572         |
|    episode_return         | 691         |
|    fraction_at_goal       | 0.413       |
|    reward_collision       | -0.0129     |
|    reward_progress        | 0.0615      |
|    reward_zero_visibility | -0.0613     |
|    stray_count            | 0.08        |
|    success_rate           | 0.3         |
|    visibility_ratio       | 0.56        |
| rollout/                  |             |
|    ep_len_mean            | 572         |
|    ep_rew_mean            | 691         |
| time/                     |             |
|    fps                    | 200         |
|    iterations             | 24          |
|    time_elapsed           | 368         |
|    total_timesteps        | 73728       |
| train/                    |             |
|    approx_kl              | 0.032602295 |
|    clip_fraction          | 0.246       |
|    clip_range             | 0.2         |
|    entropy_loss           | -2.71       |
|    explained_variance     | 0.911       |
|    learning_rate          | 0.000265    |
|    loss                   | -0.0322     |
|    n_updates              | 230         |
|    policy_gradient_loss   | -0.0274     |
|    std                    | 0.936       |
|    value_loss             | 0.0149      |
-------------------------------------------
[validation @ 75,024] SR=0.067 | FracGoal=0.181 | MeanDist=5.39 | best=0.238
-----------------------------------------
| curriculum/             |             |
|    stage                | 0           |
| rollout/                |             |
|    ep_len_mean          | 566         |
|    ep_rew_mean          | 701         |
| time/                   |             |
|    fps                  | 184         |
|    iterations           | 25          |
|    time_elapsed         | 417         |
|    total_timesteps      | 76800       |
| train/                  |             |
|    approx_kl            | 0.032389462 |
|    clip_fraction        | 0.268       |
|    clip_range           | 0.2         |
|    entropy_loss         | -2.71       |
|    explained_variance   | 0.893       |
|    learning_rate        | 0.000263    |
|    loss                 | -0.0511     |
|    n_updates            | 240         |
|    policy_gradient_loss | -0.0262     |
|    std                  | 0.936       |
|    value_loss           | 0.0135      |
| validation/             |             |
|    episode_length       | 686         |
|    fraction_at_goal     | 0.181       |
|    mean_dist_to_goal    | 5.39        |
|    success_rate         | 0.0667      |
-----------------------------------------
[Step    79872] SR=0.340 | FracGoal=0.447 | Ret=699.94 | Vis=0.57 | Prog=0.066 | CollEvt=32.85 | Stage=0.00
-------------------------------------------
| curriculum/               |             |
|    stage                  | 0           |
| research/                 |             |
|    collision_count        | 79.8        |
|    collision_event_count  | 32.8        |
|    curriculum_stage       | 0           |
|    episode_length         | 559         |
|    episode_return         | 700         |
|    fraction_at_goal       | 0.447       |
|    reward_collision       | -0.0131     |
|    reward_progress        | 0.0664      |
|    reward_zero_visibility | -0.0564     |
|    stray_count            | 0.07        |
|    success_rate           | 0.34        |
|    visibility_ratio       | 0.567       |
| rollout/                  |             |
|    ep_len_mean            | 559         |
|    ep_rew_mean            | 700         |
| time/                     |             |
|    fps                    | 184         |
|    iterations             | 26          |
|    time_elapsed           | 432         |
|    total_timesteps        | 79872       |
| train/                    |             |
|    approx_kl              | 0.038589977 |
|    clip_fraction          | 0.259       |
|    clip_range             | 0.2         |
|    entropy_loss           | -2.71       |
|    explained_variance     | 0.697       |
|    learning_rate          | 0.000262    |
|    loss                   | -0.036      |
|    n_updates              | 250         |
|    policy_gradient_loss   | -0.0293     |
|    std                    | 0.936       |
|    value_loss             | 0.0394      |
-------------------------------------------
-----------------------------------------
| curriculum/             |             |
|    stage                | 0           |
| rollout/                |             |
|    ep_len_mean          | 556         |
|    ep_rew_mean          | 699         |
| time/                   |             |
|    fps                  | 186         |
|    iterations           | 27          |
|    time_elapsed         | 445         |
|    total_timesteps      | 82944       |
| train/                  |             |
|    approx_kl            | 0.027235024 |
|    clip_fraction        | 0.243       |
|    clip_range           | 0.2         |
|    entropy_loss         | -2.71       |
|    explained_variance   | 0.709       |
|    learning_rate        | 0.00026     |
|    loss                 | -0.0335     |
|    n_updates            | 260         |
|    policy_gradient_loss | -0.024      |
|    std                  | 0.939       |
|    value_loss           | 0.0553      |
-----------------------------------------
[Step    86016] SR=0.350 | FracGoal=0.463 | Ret=710.16 | Vis=0.56 | Prog=0.064 | CollEvt=30.50 | Stage=0.00
-------------------------------------------
| curriculum/               |             |
|    stage                  | 0           |
| research/                 |             |
|    collision_count        | 73.9        |
|    collision_event_count  | 30.5        |
|    curriculum_stage       | 0           |
|    episode_length         | 558         |
|    episode_return         | 710         |
|    fraction_at_goal       | 0.463       |
|    reward_collision       | -0.0123     |
|    reward_progress        | 0.064       |
|    reward_zero_visibility | -0.0555     |
|    stray_count            | 0.07        |
|    success_rate           | 0.35        |
|    visibility_ratio       | 0.56        |
| rollout/                  |             |
|    ep_len_mean            | 558         |
|    ep_rew_mean            | 710         |
| time/                     |             |
|    fps                    | 187         |
|    iterations             | 28          |
|    time_elapsed           | 458         |
|    total_timesteps        | 86016       |
| train/                    |             |
|    approx_kl              | 0.035939198 |
|    clip_fraction          | 0.259       |
|    clip_range             | 0.2         |
|    entropy_loss           | -2.71       |
|    explained_variance     | 0.861       |
|    learning_rate          | 0.000259    |
|    loss                   | -0.0329     |
|    n_updates              | 270         |
|    policy_gradient_loss   | -0.0263     |
|    std                    | 0.937       |
|    value_loss             | 0.0316      |
-------------------------------------------
-----------------------------------------
| curriculum/             |             |
|    stage                | 0           |
| rollout/                |             |
|    ep_len_mean          | 546         |
|    ep_rew_mean          | 707         |
| time/                   |             |
|    fps                  | 186         |
|    iterations           | 29          |
|    time_elapsed         | 476         |
|    total_timesteps      | 89088       |
| train/                  |             |
|    approx_kl            | 0.024999164 |
|    clip_fraction        | 0.235       |
|    clip_range           | 0.2         |
|    entropy_loss         | -2.7        |
|    explained_variance   | 0.767       |
|    learning_rate        | 0.000257    |
|    loss                 | -0.0603     |
|    n_updates            | 280         |
|    policy_gradient_loss | -0.0263     |
|    std                  | 0.933       |
|    value_loss           | 0.039       |
-----------------------------------------
[Step    92160] SR=0.370 | FracGoal=0.492 | Ret=715.40 | Vis=0.57 | Prog=0.065 | CollEvt=28.61 | Stage=0.00
-------------------------------------------
| curriculum/               |             |
|    stage                  | 0           |
| research/                 |             |
|    collision_count        | 69          |
|    collision_event_count  | 28.6        |
|    curriculum_stage       | 0           |
|    episode_length         | 549         |
|    episode_return         | 715         |
|    fraction_at_goal       | 0.492       |
|    reward_collision       | -0.0115     |
|    reward_progress        | 0.0654      |
|    reward_zero_visibility | -0.0498     |
|    stray_count            | 0.06        |
|    success_rate           | 0.37        |
|    visibility_ratio       | 0.57        |
| rollout/                  |             |
|    ep_len_mean            | 549         |
|    ep_rew_mean            | 715         |
| time/                     |             |
|    fps                    | 186         |
|    iterations             | 30          |
|    time_elapsed           | 494         |
|    total_timesteps        | 92160       |
| train/                    |             |
|    approx_kl              | 0.030964477 |
|    clip_fraction          | 0.227       |
|    clip_range             | 0.2         |
|    entropy_loss           | -2.69       |
|    explained_variance     | 0.742       |
|    learning_rate          | 0.000255    |
|    loss                   | -0.0515     |
|    n_updates              | 290         |
|    policy_gradient_loss   | -0.0251     |
|    std                    | 0.928       |
|    value_loss             | 0.0724      |
-------------------------------------------
-----------------------------------------
| curriculum/             |             |
|    stage                | 0           |
| rollout/                |             |
|    ep_len_mean          | 557         |
|    ep_rew_mean          | 728         |
| time/                   |             |
|    fps                  | 187         |
|    iterations           | 31          |
|    time_elapsed         | 507         |
|    total_timesteps      | 95232       |
| train/                  |             |
|    approx_kl            | 0.032208197 |
|    clip_fraction        | 0.25        |
|    clip_range           | 0.2         |
|    entropy_loss         | -2.68       |
|    explained_variance   | 0.81        |
|    learning_rate        | 0.000254    |
|    loss                 | -0.0509     |
|    n_updates            | 300         |
|    policy_gradient_loss | -0.025      |
|    std                  | 0.924       |
|    value_loss           | 0.039       |
-----------------------------------------
Adaptive curriculum advanced to stage 0.33 at timestep 97,404
[Step    98304] SR=0.360 | FracGoal=0.486 | Ret=737.56 | Vis=0.57 | Prog=0.064 | CollEvt=29.80 | Stage=0.03
-------------------------------------------
| curriculum/               |             |
|    stage                  | 0.33        |
| research/                 |             |
|    collision_count        | 71.5        |
|    collision_event_count  | 29.8        |
|    curriculum_stage       | 0.033       |
|    episode_length         | 562         |
|    episode_return         | 738         |
|    fraction_at_goal       | 0.486       |
|    reward_collision       | -0.0118     |
|    reward_progress        | 0.064       |
|    reward_zero_visibility | -0.0473     |
|    stray_count            | 0.06        |
|    success_rate           | 0.36        |
|    visibility_ratio       | 0.571       |
| rollout/                  |             |
|    ep_len_mean            | 562         |
|    ep_rew_mean            | 738         |
| time/                     |             |
|    fps                    | 187         |
|    iterations             | 32          |
|    time_elapsed           | 524         |
|    total_timesteps        | 98304       |
| train/                    |             |
|    approx_kl              | 0.032047234 |
|    clip_fraction          | 0.26        |
|    clip_range             | 0.2         |
|    entropy_loss           | -2.68       |
|    explained_variance     | 0.921       |
|    learning_rate          | 0.000252    |
|    loss                   | -0.053      |
|    n_updates              | 310         |
|    policy_gradient_loss   | -0.0252     |
|    std                    | 0.921       |
|    value_loss             | 0.0118      |
-------------------------------------------
[validation @ 100,032] SR=0.233 | FracGoal=0.306 | MeanDist=4.10 | best=0.306
-----------------------------------------
| curriculum/             |             |
|    stage                | 0.33        |
| rollout/                |             |
|    ep_len_mean          | 562         |
|    ep_rew_mean          | 739         |
| time/                   |             |
|    fps                  | 179         |
|    iterations           | 33          |
|    time_elapsed         | 565         |
|    total_timesteps      | 101376      |
| train/                  |             |
|    approx_kl            | 0.034596004 |
|    clip_fraction        | 0.269       |
|    clip_range           | 0.2         |
|    entropy_loss         | -2.67       |
|    explained_variance   | 0.821       |
|    learning_rate        | 0.000251    |
|    loss                 | -0.0473     |
|    n_updates            | 320         |
|    policy_gradient_loss | -0.0269     |
|    std                  | 0.915       |
|    value_loss           | 0.0284      |
| validation/             |             |
|    episode_length       | 598         |
|    fraction_at_goal     | 0.306       |
|    mean_dist_to_goal    | 4.1         |
|    success_rate         | 0.233       |
-----------------------------------------
[Step   104448] SR=0.360 | FracGoal=0.493 | Ret=747.01 | Vis=0.58 | Prog=0.065 | CollEvt=30.30 | Stage=0.33
-------------------------------------------
| curriculum/               |             |
|    stage                  | 0.33        |
| research/                 |             |
|    collision_count        | 73.2        |
|    collision_event_count  | 30.3        |
|    curriculum_stage       | 0.33        |
|    episode_length         | 567         |
|    episode_return         | 747         |
|    fraction_at_goal       | 0.493       |
|    reward_collision       | -0.0119     |
|    reward_progress        | 0.0651      |
|    reward_zero_visibility | -0.0445     |
|    stray_count            | 0.06        |
|    success_rate           | 0.36        |
|    visibility_ratio       | 0.581       |
| rollout/                  |             |
|    ep_len_mean            | 567         |
|    ep_rew_mean            | 747         |
| time/                     |             |
|    fps                    | 179         |
|    iterations             | 34          |
|    time_elapsed           | 582         |
|    total_timesteps        | 104448      |
| train/                    |             |
|    approx_kl              | 0.035565455 |
|    clip_fraction          | 0.252       |
|    clip_range             | 0.2         |
|    entropy_loss           | -2.66       |
|    explained_variance     | 0.682       |
|    learning_rate          | 0.000249    |
|    loss                   | -0.0477     |
|    n_updates              | 330         |
|    policy_gradient_loss   | -0.0253     |
|    std                    | 0.913       |
|    value_loss             | 0.0535      |
-------------------------------------------
---------------------------------------
| curriculum/             |           |
|    stage                | 0.33      |
| rollout/                |           |
|    ep_len_mean          | 567       |
|    ep_rew_mean          | 749       |
| time/                   |           |
|    fps                  | 180       |
|    iterations           | 35        |
|    time_elapsed         | 595       |
|    total_timesteps      | 107520    |
| train/                  |           |
|    approx_kl            | 0.0436123 |
|    clip_fraction        | 0.291     |
|    clip_range           | 0.2       |
|    entropy_loss         | -2.65     |
|    explained_variance   | 0.815     |
|    learning_rate        | 0.000248  |
|    loss                 | -0.043    |
|    n_updates            | 340       |
|    policy_gradient_loss | -0.0216   |
|    std                  | 0.91      |
|    value_loss           | 0.0202    |
---------------------------------------
[Step   110592] SR=0.380 | FracGoal=0.522 | Ret=746.60 | Vis=0.60 | Prog=0.070 | CollEvt=28.97 | Stage=0.33
------------------------------------------
| curriculum/               |            |
|    stage                  | 0.33       |
| research/                 |            |
|    collision_count        | 69.1       |
|    collision_event_count  | 29         |
|    curriculum_stage       | 0.33       |
|    episode_length         | 560        |
|    episode_return         | 747        |
|    fraction_at_goal       | 0.522      |
|    reward_collision       | -0.0112    |
|    reward_progress        | 0.0698     |
|    reward_zero_visibility | -0.0387    |
|    stray_count            | 0.11       |
|    success_rate           | 0.38       |
|    visibility_ratio       | 0.6        |
| rollout/                  |            |
|    ep_len_mean            | 560        |
|    ep_rew_mean            | 747        |
| time/                     |            |
|    fps                    | 182        |
|    iterations             | 36         |
|    time_elapsed           | 604        |
|    total_timesteps        | 110592     |
| train/                    |            |
|    approx_kl              | 0.02825367 |
|    clip_fraction          | 0.26       |
|    clip_range             | 0.2        |
|    entropy_loss           | -2.64      |
|    explained_variance     | 0.897      |
|    learning_rate          | 0.000246   |
|    loss                   | -0.0724    |
|    n_updates              | 350        |
|    policy_gradient_loss   | -0.0315    |
|    std                    | 0.905      |
|    value_loss             | 0.011      |
------------------------------------------
-----------------------------------------
| curriculum/             |             |
|    stage                | 0.33        |
| rollout/                |             |
|    ep_len_mean          | 549         |
|    ep_rew_mean          | 738         |
| time/                   |             |
|    fps                  | 182         |
|    iterations           | 37          |
|    time_elapsed         | 624         |
|    total_timesteps      | 113664      |
| train/                  |             |
|    approx_kl            | 0.032255553 |
|    clip_fraction        | 0.235       |
|    clip_range           | 0.2         |
|    entropy_loss         | -2.63       |
|    explained_variance   | 0.673       |
|    learning_rate        | 0.000245    |
|    loss                 | -0.0483     |
|    n_updates            | 360         |
|    policy_gradient_loss | -0.0328     |
|    std                  | 0.902       |
|    value_loss           | 0.0718      |
-----------------------------------------
[Step   116736] SR=0.390 | FracGoal=0.519 | Ret=749.01 | Vis=0.61 | Prog=0.069 | CollEvt=27.28 | Stage=0.33
-------------------------------------------
| curriculum/               |             |
|    stage                  | 0.33        |
| research/                 |             |
|    collision_count        | 62.1        |
|    collision_event_count  | 27.3        |
|    curriculum_stage       | 0.33        |
|    episode_length         | 558         |
|    episode_return         | 749         |
|    fraction_at_goal       | 0.519       |
|    reward_collision       | -0.0105     |
|    reward_progress        | 0.0691      |
|    reward_zero_visibility | -0.0338     |
|    stray_count            | 0.11        |
|    success_rate           | 0.39        |
|    visibility_ratio       | 0.612       |
| rollout/                  |             |
|    ep_len_mean            | 558         |
|    ep_rew_mean            | 749         |
| time/                     |             |
|    fps                    | 183         |
|    iterations             | 38          |
|    time_elapsed           | 635         |
|    total_timesteps        | 116736      |
| train/                    |             |
|    approx_kl              | 0.040299118 |
|    clip_fraction          | 0.26        |
|    clip_range             | 0.2         |
|    entropy_loss           | -2.63       |
|    explained_variance     | 0.801       |
|    learning_rate          | 0.000243    |
|    loss                   | -0.0448     |
|    n_updates              | 370         |
|    policy_gradient_loss   | -0.0337     |
|    std                    | 0.9         |
|    value_loss             | 0.045       |
-------------------------------------------
-----------------------------------------
| curriculum/             |             |
|    stage                | 0.33        |
| rollout/                |             |
|    ep_len_mean          | 544         |
|    ep_rew_mean          | 738         |
| time/                   |             |
|    fps                  | 184         |
|    iterations           | 39          |
|    time_elapsed         | 650         |
|    total_timesteps      | 119808      |
| train/                  |             |
|    approx_kl            | 0.037881136 |
|    clip_fraction        | 0.293       |
|    clip_range           | 0.2         |
|    entropy_loss         | -2.62       |
|    explained_variance   | 0.847       |
|    learning_rate        | 0.000242    |
|    loss                 | -0.0402     |
|    n_updates            | 380         |
|    policy_gradient_loss | -0.0224     |
|    std                  | 0.894       |
|    value_loss           | 0.0293      |
-----------------------------------------
[Step   122880] SR=0.460 | FracGoal=0.590 | Ret=716.09 | Vis=0.63 | Prog=0.085 | CollEvt=23.72 | Stage=0.33
-------------------------------------------
| curriculum/               |             |
|    stage                  | 0.33        |
| research/                 |             |
|    collision_count        | 52.1        |
|    collision_event_count  | 23.7        |
|    curriculum_stage       | 0.33        |
|    episode_length         | 521         |
|    episode_return         | 716         |
|    fraction_at_goal       | 0.59        |
|    reward_collision       | -0.00996    |
|    reward_progress        | 0.0853      |
|    reward_zero_visibility | -0.029      |
|    stray_count            | 0.09        |
|    success_rate           | 0.46        |
|    visibility_ratio       | 0.633       |
| rollout/                  |             |
|    ep_len_mean            | 521         |
|    ep_rew_mean            | 716         |
| time/                     |             |
|    fps                    | 184         |
|    iterations             | 40          |
|    time_elapsed           | 667         |
|    total_timesteps        | 122880      |
| train/                    |             |
|    approx_kl              | 0.039754592 |
|    clip_fraction          | 0.289       |
|    clip_range             | 0.2         |
|    entropy_loss           | -2.61       |
|    explained_variance     | 0.723       |
|    learning_rate          | 0.00024     |
|    loss                   | -0.0622     |
|    n_updates              | 390         |
|    policy_gradient_loss   | -0.0175     |
|    std                    | 0.894       |
|    value_loss             | 0.0514      |
-------------------------------------------
[validation @ 125,040] SR=0.167 | FracGoal=0.336 | MeanDist=4.13 | best=0.336
Adaptive curriculum advanced to stage 0.66 at timestep 125,328
-----------------------------------------
| curriculum/             |             |
|    stage                | 0.66        |
| rollout/                |             |
|    ep_len_mean          | 511         |
|    ep_rew_mean          | 710         |
| time/                   |             |
|    fps                  | 175         |
|    iterations           | 41          |
|    time_elapsed         | 715         |
|    total_timesteps      | 125952      |
| train/                  |             |
|    approx_kl            | 0.036804385 |
|    clip_fraction        | 0.279       |
|    clip_range           | 0.2         |
|    entropy_loss         | -2.61       |
|    explained_variance   | 0.79        |
|    learning_rate        | 0.000239    |
|    loss                 | -0.0305     |
|    n_updates            | 400         |
|    policy_gradient_loss | -0.017      |
|    std                  | 0.896       |
|    value_loss           | 0.039       |
| validation/             |             |
|    episode_length       | 641         |
|    fraction_at_goal     | 0.336       |
|    mean_dist_to_goal    | 4.13        |
|    success_rate         | 0.167       |
-----------------------------------------
[Step   129024] SR=0.480 | FracGoal=0.599 | Ret=709.41 | Vis=0.66 | Prog=0.090 | CollEvt=20.61 | Stage=0.56
------------------------------------------
| curriculum/               |            |
|    stage                  | 0.66       |
| research/                 |            |
|    collision_count        | 47.8       |
|    collision_event_count  | 20.6       |
|    curriculum_stage       | 0.561      |
|    episode_length         | 510        |
|    episode_return         | 709        |
|    fraction_at_goal       | 0.599      |
|    reward_collision       | -0.00908   |
|    reward_progress        | 0.0899     |
|    reward_zero_visibility | -0.0214    |
|    stray_count            | 0.07       |
|    success_rate           | 0.48       |
|    visibility_ratio       | 0.664      |
| rollout/                  |            |
|    ep_len_mean            | 510        |
|    ep_rew_mean            | 709        |
| time/                     |            |
|    fps                    | 177        |
|    iterations             | 42         |
|    time_elapsed           | 728        |
|    total_timesteps        | 129024     |
| train/                    |            |
|    approx_kl              | 0.03749903 |
|    clip_fraction          | 0.253      |
|    clip_range             | 0.2        |
|    entropy_loss           | -2.61      |
|    explained_variance     | 0.758      |
|    learning_rate          | 0.000237   |
|    loss                   | -0.0407    |
|    n_updates              | 410        |
|    policy_gradient_loss   | -0.0283    |
|    std                    | 0.89       |
|    value_loss             | 0.0401     |
------------------------------------------
----------------------------------------
| curriculum/             |            |
|    stage                | 0.66       |
| rollout/                |            |
|    ep_len_mean          | 517        |
|    ep_rew_mean          | 719        |
| time/                   |            |
|    fps                  | 178        |
|    iterations           | 43         |
|    time_elapsed         | 741        |
|    total_timesteps      | 132096     |
| train/                  |            |
|    approx_kl            | 0.06214975 |
|    clip_fraction        | 0.322      |
|    clip_range           | 0.2        |
|    entropy_loss         | -2.6       |
|    explained_variance   | 0.848      |
|    learning_rate        | 0.000235   |
|    loss                 | -0.0587    |
|    n_updates            | 420        |
|    policy_gradient_loss | -0.0217    |
|    std                  | 0.887      |
|    value_loss           | 0.0391     |
----------------------------------------
[Step   135168] SR=0.460 | FracGoal=0.598 | Ret=715.48 | Vis=0.67 | Prog=0.088 | CollEvt=21.06 | Stage=0.66
-------------------------------------------
| curriculum/               |             |
|    stage                  | 0.66        |
| research/                 |             |
|    collision_count        | 49.3        |
|    collision_event_count  | 21.1        |
|    curriculum_stage       | 0.66        |
|    episode_length         | 515         |
|    episode_return         | 715         |
|    fraction_at_goal       | 0.598       |
|    reward_collision       | -0.00936    |
|    reward_progress        | 0.088       |
|    reward_zero_visibility | -0.0189     |
|    stray_count            | 0.08        |
|    success_rate           | 0.46        |
|    visibility_ratio       | 0.674       |
| rollout/                  |             |
|    ep_len_mean            | 515         |
|    ep_rew_mean            | 715         |
| time/                     |             |
|    fps                    | 178         |
|    iterations             | 44          |
|    time_elapsed           | 756         |
|    total_timesteps        | 135168      |
| train/                    |             |
|    approx_kl              | 0.036954023 |
|    clip_fraction          | 0.313       |
|    clip_range             | 0.2         |
|    entropy_loss           | -2.59       |
|    explained_variance     | 0.779       |
|    learning_rate          | 0.000234    |
|    loss                   | -0.0471     |
|    n_updates              | 430         |
|    policy_gradient_loss   | -0.0152     |
|    std                    | 0.883       |
|    value_loss             | 0.0383      |
-------------------------------------------
-----------------------------------------
| curriculum/             |             |
|    stage                | 0.66        |
| rollout/                |             |
|    ep_len_mean          | 519         |
|    ep_rew_mean          | 716         |
| time/                   |             |
|    fps                  | 179         |
|    iterations           | 45          |
|    time_elapsed         | 768         |
|    total_timesteps      | 138240      |
| train/                  |             |
|    approx_kl            | 0.038950816 |
|    clip_fraction        | 0.272       |
|    clip_range           | 0.2         |
|    entropy_loss         | -2.58       |
|    explained_variance   | 0.743       |
|    learning_rate        | 0.000232    |
|    loss                 | -0.0237     |
|    n_updates            | 440         |
|    policy_gradient_loss | -0.0222     |
|    std                  | 0.879       |
|    value_loss           | 0.0244      |
-----------------------------------------
[Step   141312] SR=0.440 | FracGoal=0.584 | Ret=721.10 | Vis=0.67 | Prog=0.086 | CollEvt=22.87 | Stage=0.66
-------------------------------------------
| curriculum/               |             |
|    stage                  | 0.66        |
| research/                 |             |
|    collision_count        | 53.7        |
|    collision_event_count  | 22.9        |
|    curriculum_stage       | 0.66        |
|    episode_length         | 525         |
|    episode_return         | 721         |
|    fraction_at_goal       | 0.584       |
|    reward_collision       | -0.00987    |
|    reward_progress        | 0.0863      |
|    reward_zero_visibility | -0.0198     |
|    stray_count            | 0.08        |
|    success_rate           | 0.44        |
|    visibility_ratio       | 0.672       |
| rollout/                  |             |
|    ep_len_mean            | 525         |
|    ep_rew_mean            | 721         |
| time/                     |             |
|    fps                    | 180         |
|    iterations             | 46          |
|    time_elapsed           | 781         |
|    total_timesteps        | 141312      |
| train/                    |             |
|    approx_kl              | 0.040378474 |
|    clip_fraction          | 0.278       |
|    clip_range             | 0.2         |
|    entropy_loss           | -2.58       |
|    explained_variance     | 0.886       |
|    learning_rate          | 0.000231    |
|    loss                   | -0.0512     |
|    n_updates              | 450         |
|    policy_gradient_loss   | -0.0263     |
|    std                    | 0.877       |
|    value_loss             | 0.0115      |
-------------------------------------------
-----------------------------------------
| curriculum/             |             |
|    stage                | 0.66        |
| rollout/                |             |
|    ep_len_mean          | 534         |
|    ep_rew_mean          | 724         |
| time/                   |             |
|    fps                  | 180         |
|    iterations           | 47          |
|    time_elapsed         | 799         |
|    total_timesteps      | 144384      |
| train/                  |             |
|    approx_kl            | 0.041571498 |
|    clip_fraction        | 0.297       |
|    clip_range           | 0.2         |
|    entropy_loss         | -2.57       |
|    explained_variance   | 0.813       |
|    learning_rate        | 0.000229    |
|    loss                 | -0.083      |
|    n_updates            | 460         |
|    policy_gradient_loss | -0.0328     |
|    std                  | 0.873       |
|    value_loss           | 0.019       |
-----------------------------------------
[Step   147456] SR=0.440 | FracGoal=0.568 | Ret=715.69 | Vis=0.68 | Prog=0.085 | CollEvt=24.51 | Stage=0.66
-------------------------------------------
| curriculum/               |             |
|    stage                  | 0.66        |
| research/                 |             |
|    collision_count        | 59.1        |
|    collision_event_count  | 24.5        |
|    curriculum_stage       | 0.66        |
|    episode_length         | 527         |
|    episode_return         | 716         |
|    fraction_at_goal       | 0.568       |
|    reward_collision       | -0.0108     |
|    reward_progress        | 0.0846      |
|    reward_zero_visibility | -0.0191     |
|    stray_count            | 0.08        |
|    success_rate           | 0.44        |
|    visibility_ratio       | 0.678       |
| rollout/                  |             |
|    ep_len_mean            | 527         |
|    ep_rew_mean            | 716         |
| time/                     |             |
|    fps                    | 182         |
|    iterations             | 48          |
|    time_elapsed           | 809         |
|    total_timesteps        | 147456      |
| train/                    |             |
|    approx_kl              | 0.043101758 |
|    clip_fraction          | 0.284       |
|    clip_range             | 0.2         |
|    entropy_loss           | -2.56       |
|    explained_variance     | 0.709       |
|    learning_rate          | 0.000228    |
|    loss                   | -0.00719    |
|    n_updates              | 470         |
|    policy_gradient_loss   | -0.0312     |
|    std                    | 0.872       |
|    value_loss             | 0.019       |
-------------------------------------------
[validation @ 150,048] SR=0.167 | FracGoal=0.284 | MeanDist=4.42 | best=0.336
----------------------------------------
| curriculum/             |            |
|    stage                | 0.66       |
| rollout/                |            |
|    ep_len_mean          | 521        |
|    ep_rew_mean          | 701        |
| time/                   |            |
|    fps                  | 175        |
|    iterations           | 49         |
|    time_elapsed         | 860        |
|    total_timesteps      | 150528     |
| train/                  |            |
|    approx_kl            | 0.03172935 |
|    clip_fraction        | 0.251      |
|    clip_range           | 0.2        |
|    entropy_loss         | -2.56      |
|    explained_variance   | 0.788      |
|    learning_rate        | 0.000226   |
|    loss                 | -0.0663    |
|    n_updates            | 480        |
|    policy_gradient_loss | -0.0264    |
|    std                  | 0.87       |
|    value_loss           | 0.0432     |
| validation/             |            |
|    episode_length       | 642        |
|    fraction_at_goal     | 0.284      |
|    mean_dist_to_goal    | 4.42       |
|    success_rate         | 0.167      |
----------------------------------------
[Step   153600] SR=0.430 | FracGoal=0.555 | Ret=701.62 | Vis=0.67 | Prog=0.087 | CollEvt=23.68 | Stage=0.66
-------------------------------------------
| curriculum/               |             |
|    stage                  | 0.66        |
| research/                 |             |
|    collision_count        | 56.9        |
|    collision_event_count  | 23.7        |
|    curriculum_stage       | 0.66        |
|    episode_length         | 522         |
|    episode_return         | 702         |
|    fraction_at_goal       | 0.555       |
|    reward_collision       | -0.0107     |
|    reward_progress        | 0.0869      |
|    reward_zero_visibility | -0.0214     |
|    stray_count            | 0.08        |
|    success_rate           | 0.43        |
|    visibility_ratio       | 0.674       |
| rollout/                  |             |
|    ep_len_mean            | 522         |
|    ep_rew_mean            | 702         |
| time/                     |             |
|    fps                    | 175         |
|    iterations             | 50          |
|    time_elapsed           | 872         |
|    total_timesteps        | 153600      |
| train/                    |             |
|    approx_kl              | 0.035158575 |
|    clip_fraction          | 0.278       |
|    clip_range             | 0.2         |
|    entropy_loss           | -2.56       |
|    explained_variance     | 0.599       |
|    learning_rate          | 0.000225    |
|    loss                   | -0.0463     |
|    n_updates              | 490         |
|    policy_gradient_loss   | -0.0266     |
|    std                    | 0.871       |
|    value_loss             | 0.027       |
-------------------------------------------
-----------------------------------------
| curriculum/             |             |
|    stage                | 0.66        |
| rollout/                |             |
|    ep_len_mean          | 540         |
|    ep_rew_mean          | 716         |
| time/                   |             |
|    fps                  | 177         |
|    iterations           | 51          |
|    time_elapsed         | 882         |
|    total_timesteps      | 156672      |
| train/                  |             |
|    approx_kl            | 0.045245357 |
|    clip_fraction        | 0.31        |
|    clip_range           | 0.2         |
|    entropy_loss         | -2.56       |
|    explained_variance   | 0.782       |
|    learning_rate        | 0.000223    |
|    loss                 | -0.0492     |
|    n_updates            | 500         |
|    policy_gradient_loss | -0.0279     |
|    std                  | 0.869       |
|    value_loss           | 0.013       |
-----------------------------------------
Adaptive curriculum fell back to stage 0.33 at timestep 156,996
[Step   159744] SR=0.370 | FracGoal=0.490 | Ret=717.41 | Vis=0.67 | Prog=0.080 | CollEvt=26.99 | Stage=0.56
-------------------------------------------
| curriculum/               |             |
|    stage                  | 0.33        |
| research/                 |             |
|    collision_count        | 67.3        |
|    collision_event_count  | 27          |
|    curriculum_stage       | 0.561       |
|    episode_length         | 545         |
|    episode_return         | 717         |
|    fraction_at_goal       | 0.49        |
|    reward_collision       | -0.0117     |
|    reward_progress        | 0.0796      |
|    reward_zero_visibility | -0.021      |
|    stray_count            | 0.13        |
|    success_rate           | 0.37        |
|    visibility_ratio       | 0.671       |
| rollout/                  |             |
|    ep_len_mean            | 545         |
|    ep_rew_mean            | 717         |
| time/                     |             |
|    fps                    | 177         |
|    iterations             | 52          |
|    time_elapsed           | 900         |
|    total_timesteps        | 159744      |
| train/                    |             |
|    approx_kl              | 0.040560268 |
|    clip_fraction          | 0.259       |
|    clip_range             | 0.2         |
|    entropy_loss           | -2.55       |
|    explained_variance     | 0.871       |
|    learning_rate          | 0.000222    |
|    loss                   | -0.00505    |
|    n_updates              | 510         |
|    policy_gradient_loss   | -0.0297     |
|    std                    | 0.868       |
|    value_loss             | 0.0101      |
-------------------------------------------
----------------------------------------
| curriculum/             |            |
|    stage                | 0.33       |
| rollout/                |            |
|    ep_len_mean          | 540        |
|    ep_rew_mean          | 714        |
| time/                   |            |
|    fps                  | 178        |
|    iterations           | 53         |
|    time_elapsed         | 913        |
|    total_timesteps      | 162816     |
| train/                  |            |
|    approx_kl            | 0.04607825 |
|    clip_fraction        | 0.292      |
|    clip_range           | 0.2        |
|    entropy_loss         | -2.55      |
|    explained_variance   | 0.788      |
|    learning_rate        | 0.00022    |
|    loss                 | -0.00122   |
|    n_updates            | 520        |
|    policy_gradient_loss | -0.0247    |
|    std                  | 0.865      |
|    value_loss           | 0.0161     |
----------------------------------------
[Step   165888] SR=0.370 | FracGoal=0.484 | Ret=720.38 | Vis=0.67 | Prog=0.077 | CollEvt=25.20 | Stage=0.33
-------------------------------------------
| curriculum/               |             |
|    stage                  | 0.33        |
| research/                 |             |
|    collision_count        | 62.4        |
|    collision_event_count  | 25.2        |
|    curriculum_stage       | 0.33        |
|    episode_length         | 547         |
|    episode_return         | 720         |
|    fraction_at_goal       | 0.484       |
|    reward_collision       | -0.011      |
|    reward_progress        | 0.0774      |
|    reward_zero_visibility | -0.0219     |
|    stray_count            | 0.09        |
|    success_rate           | 0.37        |
|    visibility_ratio       | 0.668       |
| rollout/                  |             |
|    ep_len_mean            | 547         |
|    ep_rew_mean            | 720         |
| time/                     |             |
|    fps                    | 178         |
|    iterations             | 54          |
|    time_elapsed           | 929         |
|    total_timesteps        | 165888      |
| train/                    |             |
|    approx_kl              | 0.038972467 |
|    clip_fraction          | 0.272       |
|    clip_range             | 0.2         |
|    entropy_loss           | -2.55       |
|    explained_variance     | 0.669       |
|    learning_rate          | 0.000219    |
|    loss                   | -0.0524     |
|    n_updates              | 530         |
|    policy_gradient_loss   | -0.0287     |
|    std                    | 0.864       |
|    value_loss             | 0.0463      |
-------------------------------------------
-----------------------------------------
| curriculum/             |             |
|    stage                | 0.33        |
| rollout/                |             |
|    ep_len_mean          | 558         |
|    ep_rew_mean          | 735         |
| time/                   |             |
|    fps                  | 179         |
|    iterations           | 55          |
|    time_elapsed         | 942         |
|    total_timesteps      | 168960      |
| train/                  |             |
|    approx_kl            | 0.044284135 |
|    clip_fraction        | 0.274       |
|    clip_range           | 0.2         |
|    entropy_loss         | -2.54       |
|    explained_variance   | 0.915       |
|    learning_rate        | 0.000217    |
|    loss                 | -0.0669     |
|    n_updates            | 540         |
|    policy_gradient_loss | -0.0266     |
|    std                  | 0.864       |
|    value_loss           | 0.0122      |
-----------------------------------------
[Step   172032] SR=0.330 | FracGoal=0.468 | Ret=742.60 | Vis=0.67 | Prog=0.072 | CollEvt=25.05 | Stage=0.33
------------------------------------------
| curriculum/               |            |
|    stage                  | 0.33       |
| research/                 |            |
|    collision_count        | 61.1       |
|    collision_event_count  | 25         |
|    curriculum_stage       | 0.33       |
|    episode_length         | 563        |
|    episode_return         | 743        |
|    fraction_at_goal       | 0.468      |
|    reward_collision       | -0.0108    |
|    reward_progress        | 0.0721     |
|    reward_zero_visibility | -0.021     |
|    stray_count            | 0.1        |
|    success_rate           | 0.33       |
|    visibility_ratio       | 0.671      |
| rollout/                  |            |
|    ep_len_mean            | 563        |
|    ep_rew_mean            | 743        |
| time/                     |            |
|    fps                    | 179        |
|    iterations             | 56         |
|    time_elapsed           | 958        |
|    total_timesteps        | 172032     |
| train/                    |            |
|    approx_kl              | 0.04040306 |
|    clip_fraction          | 0.266      |
|    clip_range             | 0.2        |
|    entropy_loss           | -2.54      |
|    explained_variance     | 0.834      |
|    learning_rate          | 0.000216   |
|    loss                   | -0.0588    |
|    n_updates              | 550        |
|    policy_gradient_loss   | -0.0307    |
|    std                    | 0.863      |
|    value_loss             | 0.0241     |
------------------------------------------
[validation @ 175,056] SR=0.267 | FracGoal=0.378 | MeanDist=4.64 | best=0.378
----------------------------------------
| curriculum/             |            |
|    stage                | 0.33       |
| rollout/                |            |
|    ep_len_mean          | 562        |
|    ep_rew_mean          | 742        |
| time/                   |            |
|    fps                  | 174        |
|    iterations           | 57         |
|    time_elapsed         | 1005       |
|    total_timesteps      | 175104     |
| train/                  |            |
|    approx_kl            | 0.04810398 |
|    clip_fraction        | 0.277      |
|    clip_range           | 0.2        |
|    entropy_loss         | -2.54      |
|    explained_variance   | 0.74       |
|    learning_rate        | 0.000214   |
|    loss                 | -0.0801    |
|    n_updates            | 560        |
|    policy_gradient_loss | -0.0343    |
|    std                  | 0.86       |
|    value_loss           | 0.0254     |
| validation/             |            |
|    episode_length       | 602        |
|    fraction_at_goal     | 0.378      |
|    mean_dist_to_goal    | 4.64       |
|    success_rate         | 0.267      |
----------------------------------------
[Step   178176] SR=0.340 | FracGoal=0.457 | Ret=752.46 | Vis=0.67 | Prog=0.063 | CollEvt=25.88 | Stage=0.33
-------------------------------------------
| curriculum/               |             |
|    stage                  | 0.33        |
| research/                 |             |
|    collision_count        | 63.5        |
|    collision_event_count  | 25.9        |
|    curriculum_stage       | 0.33        |
|    episode_length         | 572         |
|    episode_return         | 752         |
|    fraction_at_goal       | 0.457       |
|    reward_collision       | -0.011      |
|    reward_progress        | 0.0633      |
|    reward_zero_visibility | -0.0203     |
|    stray_count            | 0.1         |
|    success_rate           | 0.34        |
|    visibility_ratio       | 0.667       |
| rollout/                  |             |
|    ep_len_mean            | 572         |
|    ep_rew_mean            | 752         |
| time/                     |             |
|    fps                    | 174         |
|    iterations             | 58          |
|    time_elapsed           | 1021        |
|    total_timesteps        | 178176      |
| train/                    |             |
|    approx_kl              | 0.044781704 |
|    clip_fraction          | 0.28        |
|    clip_range             | 0.2         |
|    entropy_loss           | -2.53       |
|    explained_variance     | 0.666       |
|    learning_rate          | 0.000212    |
|    loss                   | -0.0693     |
|    n_updates              | 570         |
|    policy_gradient_loss   | -0.0306     |
|    std                    | 0.855       |
|    value_loss             | 0.062       |
-------------------------------------------
-----------------------------------------
| curriculum/             |             |
|    stage                | 0.33        |
| rollout/                |             |
|    ep_len_mean          | 577         |
|    ep_rew_mean          | 752         |
| time/                   |             |
|    fps                  | 174         |
|    iterations           | 59          |
|    time_elapsed         | 1036        |
|    total_timesteps      | 181248      |
| train/                  |             |
|    approx_kl            | 0.045149773 |
|    clip_fraction        | 0.283       |
|    clip_range           | 0.2         |
|    entropy_loss         | -2.52       |
|    explained_variance   | 0.821       |
|    learning_rate        | 0.000211    |
|    loss                 | -0.0468     |
|    n_updates            | 580         |
|    policy_gradient_loss | -0.0335     |
|    std                  | 0.85        |
|    value_loss           | 0.0446      |
-----------------------------------------
[Step   184320] SR=0.320 | FracGoal=0.443 | Ret=765.54 | Vis=0.66 | Prog=0.056 | CollEvt=26.97 | Stage=0.33
-------------------------------------------
| curriculum/               |             |
|    stage                  | 0.33        |
| research/                 |             |
|    collision_count        | 65.2        |
|    collision_event_count  | 27          |
|    curriculum_stage       | 0.33        |
|    episode_length         | 588         |
|    episode_return         | 766         |
|    fraction_at_goal       | 0.443       |
|    reward_collision       | -0.0112     |
|    reward_progress        | 0.0562      |
|    reward_zero_visibility | -0.0216     |
|    stray_count            | 0.1         |
|    success_rate           | 0.32        |
|    visibility_ratio       | 0.663       |
| rollout/                  |             |
|    ep_len_mean            | 588         |
|    ep_rew_mean            | 766         |
| time/                     |             |
|    fps                    | 176         |
|    iterations             | 60          |
|    time_elapsed           | 1047        |
|    total_timesteps        | 184320      |
| train/                    |             |
|    approx_kl              | 0.042706523 |
|    clip_fraction          | 0.299       |
|    clip_range             | 0.2         |
|    entropy_loss           | -2.51       |
|    explained_variance     | 0.758       |
|    learning_rate          | 0.000209    |
|    loss                   | -0.0482     |
|    n_updates              | 590         |
|    policy_gradient_loss   | -0.0271     |
|    std                    | 0.848       |
|    value_loss             | 0.0293      |
-------------------------------------------
-----------------------------------------
| curriculum/             |             |
|    stage                | 0.33        |
| rollout/                |             |
|    ep_len_mean          | 593         |
|    ep_rew_mean          | 770         |
| time/                   |             |
|    fps                  | 176         |
|    iterations           | 61          |
|    time_elapsed         | 1063        |
|    total_timesteps      | 187392      |
| train/                  |             |
|    approx_kl            | 0.051732983 |
|    clip_fraction        | 0.284       |
|    clip_range           | 0.2         |
|    entropy_loss         | -2.5        |
|    explained_variance   | 0.817       |
|    learning_rate        | 0.000208    |
|    loss                 | -0.0335     |
|    n_updates            | 600         |
|    policy_gradient_loss | -0.0281     |
|    std                  | 0.844       |
|    value_loss           | 0.0231      |
-----------------------------------------
[Step   190464] SR=0.320 | FracGoal=0.442 | Ret=769.77 | Vis=0.66 | Prog=0.054 | CollEvt=27.63 | Stage=0.33
-------------------------------------------
| curriculum/               |             |
|    stage                  | 0.33        |
| research/                 |             |
|    collision_count        | 67          |
|    collision_event_count  | 27.6        |
|    curriculum_stage       | 0.33        |
|    episode_length         | 593         |
|    episode_return         | 770         |
|    fraction_at_goal       | 0.442       |
|    reward_collision       | -0.0114     |
|    reward_progress        | 0.054       |
|    reward_zero_visibility | -0.0213     |
|    stray_count            | 0.12        |
|    success_rate           | 0.32        |
|    visibility_ratio       | 0.659       |
| rollout/                  |             |
|    ep_len_mean            | 593         |
|    ep_rew_mean            | 770         |
| time/                     |             |
|    fps                    | 176         |
|    iterations             | 62          |
|    time_elapsed           | 1076        |
|    total_timesteps        | 190464      |
| train/                    |             |
|    approx_kl              | 0.046830744 |
|    clip_fraction          | 0.289       |
|    clip_range             | 0.2         |
|    entropy_loss           | -2.49       |
|    explained_variance     | 0.88        |
|    learning_rate          | 0.000206    |
|    loss                   | -0.0905     |
|    n_updates              | 610         |
|    policy_gradient_loss   | -0.027      |
|    std                    | 0.84        |
|    value_loss             | 0.0219      |
-------------------------------------------
-----------------------------------------
| curriculum/             |             |
|    stage                | 0.33        |
| rollout/                |             |
|    ep_len_mean          | 601         |
|    ep_rew_mean          | 783         |
| time/                   |             |
|    fps                  | 178         |
|    iterations           | 63          |
|    time_elapsed         | 1083        |
|    total_timesteps      | 193536      |
| train/                  |             |
|    approx_kl            | 0.040560894 |
|    clip_fraction        | 0.289       |
|    clip_range           | 0.2         |
|    entropy_loss         | -2.49       |
|    explained_variance   | 0.912       |
|    learning_rate        | 0.000205    |
|    loss                 | -0.0513     |
|    n_updates            | 620         |
|    policy_gradient_loss | -0.0274     |
|    std                  | 0.837       |
|    value_loss           | 0.0102      |
-----------------------------------------
[Step   196608] SR=0.340 | FracGoal=0.451 | Ret=753.38 | Vis=0.67 | Prog=0.068 | CollEvt=24.74 | Stage=0.33
-------------------------------------------
| curriculum/               |             |
|    stage                  | 0.33        |
| research/                 |             |
|    collision_count        | 61.2        |
|    collision_event_count  | 24.7        |
|    curriculum_stage       | 0.33        |
|    episode_length         | 572         |
|    episode_return         | 753         |
|    fraction_at_goal       | 0.451       |
|    reward_collision       | -0.0105     |
|    reward_progress        | 0.0682      |
|    reward_zero_visibility | -0.0184     |
|    stray_count            | 0.13        |
|    success_rate           | 0.34        |
|    visibility_ratio       | 0.671       |
| rollout/                  |             |
|    ep_len_mean            | 572         |
|    ep_rew_mean            | 753         |
| time/                     |             |
|    fps                    | 178         |
|    iterations             | 64          |
|    time_elapsed           | 1100        |
|    total_timesteps        | 196608      |
| train/                    |             |
|    approx_kl              | 0.044550046 |
|    clip_fraction          | 0.258       |
|    clip_range             | 0.2         |
|    entropy_loss           | -2.48       |
|    explained_variance     | 0.826       |
|    learning_rate          | 0.000203    |
|    loss                   | -0.0187     |
|    n_updates              | 630         |
|    policy_gradient_loss   | -0.0265     |
|    std                    | 0.835       |
|    value_loss             | 0.0162      |
-------------------------------------------
Adaptive curriculum advanced to stage 0.66 at timestep 198,108
----------------------------------------
| curriculum/             |            |
|    stage                | 0.66       |
| rollout/                |            |
|    ep_len_mean          | 557        |
|    ep_rew_mean          | 738        |
| time/                   |            |
|    fps                  | 179        |
|    iterations           | 65         |
|    time_elapsed         | 1112       |
|    total_timesteps      | 199680     |
| train/                  |            |
|    approx_kl            | 0.03276389 |
|    clip_fraction        | 0.263      |
|    clip_range           | 0.2        |
|    entropy_loss         | -2.48      |
|    explained_variance   | 0.723      |
|    learning_rate        | 0.000202   |
|    loss                 | -0.0658    |
|    n_updates            | 640        |
|    policy_gradient_loss | -0.0227    |
|    std                  | 0.835      |
|    value_loss           | 0.0457     |
----------------------------------------
[validation @ 200,064] SR=0.167 | FracGoal=0.258 | MeanDist=5.23 | best=0.378
[Step   202752] SR=0.350 | FracGoal=0.459 | Ret=748.08 | Vis=0.67 | Prog=0.074 | CollEvt=22.14 | Stage=0.56
-----------------------------------------
| curriculum/               |           |
|    stage                  | 0.66      |
| research/                 |           |
|    collision_count        | 56.2      |
|    collision_event_count  | 22.1      |
|    curriculum_stage       | 0.561     |
|    episode_length         | 561       |
|    episode_return         | 748       |
|    fraction_at_goal       | 0.459     |
|    reward_collision       | -0.00978  |
|    reward_progress        | 0.0736    |
|    reward_zero_visibility | -0.0184   |
|    stray_count            | 0.13      |
|    success_rate           | 0.35      |
|    visibility_ratio       | 0.666     |
| rollout/                  |           |
|    ep_len_mean            | 561       |
|    ep_rew_mean            | 748       |
| time/                     |           |
|    fps                    | 176       |
|    iterations             | 66        |
|    time_elapsed           | 1151      |
|    total_timesteps        | 202752    |
| train/                    |           |
|    approx_kl              | 0.0446842 |
|    clip_fraction          | 0.251     |
|    clip_range             | 0.2       |
|    entropy_loss           | -2.48     |
|    explained_variance     | 0.746     |
|    learning_rate          | 0.0002    |
|    loss                   | -0.0536   |
|    n_updates              | 650       |
|    policy_gradient_loss   | -0.027    |
|    std                    | 0.836     |
|    value_loss             | 0.0367    |
| validation/               |           |
|    episode_length         | 611       |
|    fraction_at_goal       | 0.258     |
|    mean_dist_to_goal      | 5.23      |
|    success_rate           | 0.167     |
-----------------------------------------
----------------------------------------
| curriculum/             |            |
|    stage                | 0.66       |
| rollout/                |            |
|    ep_len_mean          | 570        |
|    ep_rew_mean          | 757        |
| time/                   |            |
|    fps                  | 176        |
|    iterations           | 67         |
|    time_elapsed         | 1164       |
|    total_timesteps      | 205824     |
| train/                  |            |
|    approx_kl            | 0.04772628 |
|    clip_fraction        | 0.291      |
|    clip_range           | 0.2        |
|    entropy_loss         | -2.48      |
|    explained_variance   | 0.897      |
|    learning_rate        | 0.000199   |
|    loss                 | -0.0776    |
|    n_updates            | 660        |
|    policy_gradient_loss | -0.024     |
|    std                  | 0.833      |
|    value_loss           | 0.009      |
----------------------------------------
[Step   208896] SR=0.310 | FracGoal=0.417 | Ret=770.77 | Vis=0.68 | Prog=0.069 | CollEvt=20.98 | Stage=0.66
-------------------------------------------
| curriculum/               |             |
|    stage                  | 0.66        |
| research/                 |             |
|    collision_count        | 52.9        |
|    collision_event_count  | 21          |
|    curriculum_stage       | 0.66        |
|    episode_length         | 578         |
|    episode_return         | 771         |
|    fraction_at_goal       | 0.417       |
|    reward_collision       | -0.00887    |
|    reward_progress        | 0.0686      |
|    reward_zero_visibility | -0.016      |
|    stray_count            | 0.14        |
|    success_rate           | 0.31        |
|    visibility_ratio       | 0.676       |
| rollout/                  |             |
|    ep_len_mean            | 578         |
|    ep_rew_mean            | 771         |
| time/                     |             |
|    fps                    | 178         |
|    iterations             | 68          |
|    time_elapsed           | 1173        |
|    total_timesteps        | 208896      |
| train/                    |             |
|    approx_kl              | 0.057227135 |
|    clip_fraction          | 0.312       |
|    clip_range             | 0.2         |
|    entropy_loss           | -2.47       |
|    explained_variance     | 0.845       |
|    learning_rate          | 0.000197    |
|    loss                   | -0.0631     |
|    n_updates              | 670         |
|    policy_gradient_loss   | -0.0129     |
|    std                    | 0.834       |
|    value_loss             | 0.00784     |
-------------------------------------------
-----------------------------------------
| curriculum/             |             |
|    stage                | 0.66        |
| rollout/                |             |
|    ep_len_mean          | 576         |
|    ep_rew_mean          | 773         |
| time/                   |             |
|    fps                  | 178         |
|    iterations           | 69          |
|    time_elapsed         | 1185        |
|    total_timesteps      | 211968      |
| train/                  |             |
|    approx_kl            | 0.043311514 |
|    clip_fraction        | 0.296       |
|    clip_range           | 0.2         |
|    entropy_loss         | -2.47       |
|    explained_variance   | 0.785       |
|    learning_rate        | 0.000196    |
|    loss                 | -0.0882     |
|    n_updates            | 680         |
|    policy_gradient_loss | -0.0218     |
|    std                  | 0.832       |
|    value_loss           | 0.0128      |
-----------------------------------------
[Step   215040] SR=0.320 | FracGoal=0.440 | Ret=765.67 | Vis=0.67 | Prog=0.072 | CollEvt=18.56 | Stage=0.66
-------------------------------------------
| curriculum/               |             |
|    stage                  | 0.66        |
| research/                 |             |
|    collision_count        | 47.3        |
|    collision_event_count  | 18.6        |
|    curriculum_stage       | 0.66        |
|    episode_length         | 570         |
|    episode_return         | 766         |
|    fraction_at_goal       | 0.44        |
|    reward_collision       | -0.0081     |
|    reward_progress        | 0.0721      |
|    reward_zero_visibility | -0.0198     |
|    stray_count            | 0.11        |
|    success_rate           | 0.32        |
|    visibility_ratio       | 0.667       |
| rollout/                  |             |
|    ep_len_mean            | 570         |
|    ep_rew_mean            | 766         |
| time/                     |             |
|    fps                    | 178         |
|    iterations             | 70          |
|    time_elapsed           | 1201        |
|    total_timesteps        | 215040      |
| train/                    |             |
|    approx_kl              | 0.041530028 |
|    clip_fraction          | 0.296       |
|    clip_range             | 0.2         |
|    entropy_loss           | -2.47       |
|    explained_variance     | 0.697       |
|    learning_rate          | 0.000194    |
|    loss                   | -0.0372     |
|    n_updates              | 690         |
|    policy_gradient_loss   | -0.019      |
|    std                    | 0.828       |
|    value_loss             | 0.0242      |
-------------------------------------------
-----------------------------------------
| curriculum/             |             |
|    stage                | 0.66        |
| rollout/                |             |
|    ep_len_mean          | 575         |
|    ep_rew_mean          | 769         |
| time/                   |             |
|    fps                  | 179         |
|    iterations           | 71          |
|    time_elapsed         | 1215        |
|    total_timesteps      | 218112      |
| train/                  |             |
|    approx_kl            | 0.032780983 |
|    clip_fraction        | 0.253       |
|    clip_range           | 0.2         |
|    entropy_loss         | -2.46       |
|    explained_variance   | 0.861       |
|    learning_rate        | 0.000192    |
|    loss                 | -0.0767     |
|    n_updates            | 700         |
|    policy_gradient_loss | -0.033      |
|    std                  | 0.825       |
|    value_loss           | 0.0117      |
-----------------------------------------
[Step   221184] SR=0.340 | FracGoal=0.470 | Ret=753.70 | Vis=0.66 | Prog=0.073 | CollEvt=19.97 | Stage=0.66
------------------------------------------
| curriculum/               |            |
|    stage                  | 0.66       |
| research/                 |            |
|    collision_count        | 49.4       |
|    collision_event_count  | 20         |
|    curriculum_stage       | 0.66       |
|    episode_length         | 561        |
|    episode_return         | 754        |
|    fraction_at_goal       | 0.47       |
|    reward_collision       | -0.00875   |
|    reward_progress        | 0.0732     |
|    reward_zero_visibility | -0.0218    |
|    stray_count            | 0.1        |
|    success_rate           | 0.34       |
|    visibility_ratio       | 0.656      |
| rollout/                  |            |
|    ep_len_mean            | 561        |
|    ep_rew_mean            | 754        |
| time/                     |            |
|    fps                    | 179        |
|    iterations             | 72         |
|    time_elapsed           | 1228       |
|    total_timesteps        | 221184     |
| train/                    |            |
|    approx_kl              | 0.03779861 |
|    clip_fraction          | 0.282      |
|    clip_range             | 0.2        |
|    entropy_loss           | -2.45      |
|    explained_variance     | 0.71       |
|    learning_rate          | 0.000191   |
|    loss                   | -0.0639    |
|    n_updates              | 710        |
|    policy_gradient_loss   | -0.0256    |
|    std                    | 0.824      |
|    value_loss             | 0.0228     |
------------------------------------------
Adaptive curriculum fell back to stage 0.33 at timestep 223,116
-----------------------------------------
| curriculum/             |             |
|    stage                | 0.33        |
| rollout/                |             |
|    ep_len_mean          | 572         |
|    ep_rew_mean          | 764         |
| time/                   |             |
|    fps                  | 180         |
|    iterations           | 73          |
|    time_elapsed         | 1244        |
|    total_timesteps      | 224256      |
| train/                  |             |
|    approx_kl            | 0.041091654 |
|    clip_fraction        | 0.272       |
|    clip_range           | 0.2         |
|    entropy_loss         | -2.45       |
|    explained_variance   | 0.64        |
|    learning_rate        | 0.000189    |
|    loss                 | -0.053      |
|    n_updates            | 720         |
|    policy_gradient_loss | -0.0322     |
|    std                  | 0.825       |
|    value_loss           | 0.047       |
-----------------------------------------
[validation @ 225,072] SR=0.167 | FracGoal=0.258 | MeanDist=4.88 | best=0.378
[Step   227328] SR=0.330 | FracGoal=0.449 | Ret=748.94 | Vis=0.64 | Prog=0.073 | CollEvt=19.61 | Stage=0.43
-------------------------------------------
| curriculum/               |             |
|    stage                  | 0.33        |
| research/                 |             |
|    collision_count        | 48.4        |
|    collision_event_count  | 19.6        |
|    curriculum_stage       | 0.429       |
|    episode_length         | 566         |
|    episode_return         | 749         |
|    fraction_at_goal       | 0.449       |
|    reward_collision       | -0.00841    |
|    reward_progress        | 0.0735      |
|    reward_zero_visibility | -0.0266     |
|    stray_count            | 0.11        |
|    success_rate           | 0.33        |
|    visibility_ratio       | 0.635       |
| rollout/                  |             |
|    ep_len_mean            | 566         |
|    ep_rew_mean            | 749         |
| time/                     |             |
|    fps                    | 176         |
|    iterations             | 74          |
|    time_elapsed           | 1284        |
|    total_timesteps        | 227328      |
| train/                    |             |
|    approx_kl              | 0.031375743 |
|    clip_fraction          | 0.294       |
|    clip_range             | 0.2         |
|    entropy_loss           | -2.45       |
|    explained_variance     | 0.895       |
|    learning_rate          | 0.000188    |
|    loss                   | -0.0702     |
|    n_updates              | 730         |
|    policy_gradient_loss   | -0.0277     |
|    std                    | 0.82        |
|    value_loss             | 0.00884     |
| validation/               |             |
|    episode_length         | 631         |
|    fraction_at_goal       | 0.258       |
|    mean_dist_to_goal      | 4.88        |
|    success_rate           | 0.167       |
-------------------------------------------
-----------------------------------------
| curriculum/             |             |
|    stage                | 0.33        |
| rollout/                |             |
|    ep_len_mean          | 564         |
|    ep_rew_mean          | 743         |
| time/                   |             |
|    fps                  | 177         |
|    iterations           | 75          |
|    time_elapsed         | 1296        |
|    total_timesteps      | 230400      |
| train/                  |             |
|    approx_kl            | 0.038723037 |
|    clip_fraction        | 0.271       |
|    clip_range           | 0.2         |
|    entropy_loss         | -2.44       |
|    explained_variance   | 0.84        |
|    learning_rate        | 0.000186    |
|    loss                 | -0.0376     |
|    n_updates            | 740         |
|    policy_gradient_loss | -0.028      |
|    std                  | 0.82        |
|    value_loss           | 0.0166      |
-----------------------------------------
[Step   233472] SR=0.320 | FracGoal=0.436 | Ret=738.30 | Vis=0.63 | Prog=0.079 | CollEvt=18.37 | Stage=0.33
-------------------------------------------
| curriculum/               |             |
|    stage                  | 0.33        |
| research/                 |             |
|    collision_count        | 45.3        |
|    collision_event_count  | 18.4        |
|    curriculum_stage       | 0.33        |
|    episode_length         | 560         |
|    episode_return         | 738         |
|    fraction_at_goal       | 0.436       |
|    reward_collision       | -0.00794    |
|    reward_progress        | 0.079       |
|    reward_zero_visibility | -0.0266     |
|    stray_count            | 0.13        |
|    success_rate           | 0.32        |
|    visibility_ratio       | 0.629       |
| rollout/                  |             |
|    ep_len_mean            | 560         |
|    ep_rew_mean            | 738         |
| time/                     |             |
|    fps                    | 178         |
|    iterations             | 76          |
|    time_elapsed           | 1311        |
|    total_timesteps        | 233472      |
| train/                    |             |
|    approx_kl              | 0.034566853 |
|    clip_fraction          | 0.25        |
|    clip_range             | 0.2         |
|    entropy_loss           | -2.44       |
|    explained_variance     | 0.739       |
|    learning_rate          | 0.000185    |
|    loss                   | -0.058      |
|    n_updates              | 750         |
|    policy_gradient_loss   | -0.0268     |
|    std                    | 0.819       |
|    value_loss             | 0.03        |
-------------------------------------------
-----------------------------------------
| curriculum/             |             |
|    stage                | 0.33        |
| rollout/                |             |
|    ep_len_mean          | 562         |
|    ep_rew_mean          | 749         |
| time/                   |             |
|    fps                  | 179         |
|    iterations           | 77          |
|    time_elapsed         | 1320        |
|    total_timesteps      | 236544      |
| train/                  |             |
|    approx_kl            | 0.045574643 |
|    clip_fraction        | 0.262       |
|    clip_range           | 0.2         |
|    entropy_loss         | -2.44       |
|    explained_variance   | 0.813       |
|    learning_rate        | 0.000183    |
|    loss                 | -0.0468     |
|    n_updates            | 760         |
|    policy_gradient_loss | -0.0277     |
|    std                  | 0.817       |
|    value_loss           | 0.0389      |
-----------------------------------------
[Step   239616] SR=0.330 | FracGoal=0.457 | Ret=740.97 | Vis=0.62 | Prog=0.082 | CollEvt=16.16 | Stage=0.33
------------------------------------------
| curriculum/               |            |
|    stage                  | 0.33       |
| research/                 |            |
|    collision_count        | 41.8       |
|    collision_event_count  | 16.2       |
|    curriculum_stage       | 0.33       |
|    episode_length         | 554        |
|    episode_return         | 741        |
|    fraction_at_goal       | 0.457      |
|    reward_collision       | -0.00689   |
|    reward_progress        | 0.0816     |
|    reward_zero_visibility | -0.0258    |
|    stray_count            | 0.13       |
|    success_rate           | 0.33       |
|    visibility_ratio       | 0.623      |
| rollout/                  |            |
|    ep_len_mean            | 554        |
|    ep_rew_mean            | 741        |
| time/                     |            |
|    fps                    | 179        |
|    iterations             | 78         |
|    time_elapsed           | 1337       |
|    total_timesteps        | 239616     |
| train/                    |            |
|    approx_kl              | 0.04911405 |
|    clip_fraction          | 0.27       |
|    clip_range             | 0.2        |
|    entropy_loss           | -2.43      |
|    explained_variance     | 0.804      |
|    learning_rate          | 0.000182   |
|    loss                   | -0.0253    |
|    n_updates              | 770        |
|    policy_gradient_loss   | -0.0269    |
|    std                    | 0.815      |
|    value_loss             | 0.0535     |
------------------------------------------
----------------------------------------
| curriculum/             |            |
|    stage                | 0.33       |
| rollout/                |            |
|    ep_len_mean          | 548        |
|    ep_rew_mean          | 737        |
| time/                   |            |
|    fps                  | 179        |
|    iterations           | 79         |
|    time_elapsed         | 1349       |
|    total_timesteps      | 242688     |
| train/                  |            |
|    approx_kl            | 0.04180412 |
|    clip_fraction        | 0.264      |
|    clip_range           | 0.2        |
|    entropy_loss         | -2.43      |
|    explained_variance   | 0.784      |
|    learning_rate        | 0.00018    |
|    loss                 | -0.0519    |
|    n_updates            | 780        |
|    policy_gradient_loss | -0.0314    |
|    std                  | 0.815      |
|    value_loss           | 0.037      |
----------------------------------------
[Step   245760] SR=0.360 | FracGoal=0.480 | Ret=731.19 | Vis=0.62 | Prog=0.087 | CollEvt=14.62 | Stage=0.33
-------------------------------------------
| curriculum/               |             |
|    stage                  | 0.33        |
| research/                 |             |
|    collision_count        | 37.3        |
|    collision_event_count  | 14.6        |
|    curriculum_stage       | 0.33        |
|    episode_length         | 543         |
|    episode_return         | 731         |
|    fraction_at_goal       | 0.48        |
|    reward_collision       | -0.00641    |
|    reward_progress        | 0.087       |
|    reward_zero_visibility | -0.0258     |
|    stray_count            | 0.09        |
|    success_rate           | 0.36        |
|    visibility_ratio       | 0.623       |
| rollout/                  |             |
|    ep_len_mean            | 543         |
|    ep_rew_mean            | 731         |
| time/                     |             |
|    fps                    | 180         |
|    iterations             | 80          |
|    time_elapsed           | 1365        |
|    total_timesteps        | 245760      |
| train/                    |             |
|    approx_kl              | 0.046710424 |
|    clip_fraction          | 0.297       |
|    clip_range             | 0.2         |
|    entropy_loss           | -2.43       |
|    explained_variance     | 0.778       |
|    learning_rate          | 0.000179    |
|    loss                   | -0.00601    |
|    n_updates              | 790         |
|    policy_gradient_loss   | -0.0301     |
|    std                    | 0.812       |
|    value_loss             | 0.0393      |
-------------------------------------------
-----------------------------------------
| curriculum/             |             |
|    stage                | 0.33        |
| rollout/                |             |
|    ep_len_mean          | 552         |
|    ep_rew_mean          | 739         |
| time/                   |             |
|    fps                  | 180         |
|    iterations           | 81          |
|    time_elapsed         | 1375        |
|    total_timesteps      | 248832      |
| train/                  |             |
|    approx_kl            | 0.038873173 |
|    clip_fraction        | 0.281       |
|    clip_range           | 0.2         |
|    entropy_loss         | -2.42       |
|    explained_variance   | 0.838       |
|    learning_rate        | 0.000177    |
|    loss                 | -0.0326     |
|    n_updates            | 800         |
|    policy_gradient_loss | -0.0276     |
|    std                  | 0.81        |
|    value_loss           | 0.0296      |
-----------------------------------------
[validation @ 250,080] SR=0.167 | FracGoal=0.221 | MeanDist=4.91 | best=0.378
[Step   251904] SR=0.340 | FracGoal=0.455 | Ret=736.97 | Vis=0.62 | Prog=0.085 | CollEvt=15.79 | Stage=0.33
-------------------------------------------
| curriculum/               |             |
|    stage                  | 0.33        |
| research/                 |             |
|    collision_count        | 42          |
|    collision_event_count  | 15.8        |
|    curriculum_stage       | 0.33        |
|    episode_length         | 552         |
|    episode_return         | 737         |
|    fraction_at_goal       | 0.455       |
|    reward_collision       | -0.00671    |
|    reward_progress        | 0.085       |
|    reward_zero_visibility | -0.0275     |
|    stray_count            | 0.11        |
|    success_rate           | 0.34        |
|    visibility_ratio       | 0.618       |
| rollout/                  |             |
|    ep_len_mean            | 552         |
|    ep_rew_mean            | 737         |
| time/                     |             |
|    fps                    | 176         |
|    iterations             | 82          |
|    time_elapsed           | 1424        |
|    total_timesteps        | 251904      |
| train/                    |             |
|    approx_kl              | 0.048337884 |
|    clip_fraction          | 0.271       |
|    clip_range             | 0.2         |
|    entropy_loss           | -2.41       |
|    explained_variance     | 0.895       |
|    learning_rate          | 0.000176    |
|    loss                   | -0.0651     |
|    n_updates              | 810         |
|    policy_gradient_loss   | -0.0388     |
|    std                    | 0.802       |
|    value_loss             | 0.0201      |
| validation/               |             |
|    episode_length         | 658         |
|    fraction_at_goal       | 0.221       |
|    mean_dist_to_goal      | 4.91        |
|    success_rate           | 0.167       |
-------------------------------------------
Adaptive curriculum advanced to stage 0.66 at timestep 252,768
----------------------------------------
| curriculum/             |            |
|    stage                | 0.66       |
| rollout/                |            |
|    ep_len_mean          | 568        |
|    ep_rew_mean          | 756        |
| time/                   |            |
|    fps                  | 177        |
|    iterations           | 83         |
|    time_elapsed         | 1436       |
|    total_timesteps      | 254976     |
| train/                  |            |
|    approx_kl            | 0.03640541 |
|    clip_fraction        | 0.253      |
|    clip_range           | 0.2        |
|    entropy_loss         | -2.39      |
|    explained_variance   | 0.773      |
|    learning_rate        | 0.000174   |
|    loss                 | -0.0546    |
|    n_updates            | 820        |
|    policy_gradient_loss | -0.0349    |
|    std                  | 0.8        |
|    value_loss           | 0.0212     |
----------------------------------------
[Step   258048] SR=0.330 | FracGoal=0.460 | Ret=746.89 | Vis=0.60 | Prog=0.076 | CollEvt=16.16 | Stage=0.66
-------------------------------------------
| curriculum/               |             |
|    stage                  | 0.66        |
| research/                 |             |
|    collision_count        | 42          |
|    collision_event_count  | 16.2        |
|    curriculum_stage       | 0.66        |
|    episode_length         | 561         |
|    episode_return         | 747         |
|    fraction_at_goal       | 0.46        |
|    reward_collision       | -0.00663    |
|    reward_progress        | 0.0758      |
|    reward_zero_visibility | -0.0293     |
|    stray_count            | 0.14        |
|    success_rate           | 0.33        |
|    visibility_ratio       | 0.598       |
| rollout/                  |             |
|    ep_len_mean            | 561         |
|    ep_rew_mean            | 747         |
| time/                     |             |
|    fps                    | 177         |
|    iterations             | 84          |
|    time_elapsed           | 1451        |
|    total_timesteps        | 258048      |
| train/                    |             |
|    approx_kl              | 0.044723492 |
|    clip_fraction          | 0.263       |
|    clip_range             | 0.2         |
|    entropy_loss           | -2.39       |
|    explained_variance     | 0.807       |
|    learning_rate          | 0.000173    |
|    loss                   | -0.0388     |
|    n_updates              | 830         |
|    policy_gradient_loss   | -0.0324     |
|    std                    | 0.796       |
|    value_loss             | 0.0264      |
-------------------------------------------
----------------------------------------
| curriculum/             |            |
|    stage                | 0.66       |
| rollout/                |            |
|    ep_len_mean          | 558        |
|    ep_rew_mean          | 745        |
| time/                   |            |
|    fps                  | 177        |
|    iterations           | 85         |
|    time_elapsed         | 1468       |
|    total_timesteps      | 261120     |
| train/                  |            |
|    approx_kl            | 0.03983669 |
|    clip_fraction        | 0.242      |
|    clip_range           | 0.2        |
|    entropy_loss         | -2.38      |
|    explained_variance   | 0.841      |
|    learning_rate        | 0.000171   |
|    loss                 | -0.0559    |
|    n_updates            | 840        |
|    policy_gradient_loss | -0.0283    |
|    std                  | 0.796      |
|    value_loss           | 0.0325     |
----------------------------------------
[Step   264192] SR=0.360 | FracGoal=0.488 | Ret=742.15 | Vis=0.60 | Prog=0.077 | CollEvt=16.24 | Stage=0.66
-------------------------------------------
| curriculum/               |             |
|    stage                  | 0.66        |
| research/                 |             |
|    collision_count        | 41.7        |
|    collision_event_count  | 16.2        |
|    curriculum_stage       | 0.66        |
|    episode_length         | 556         |
|    episode_return         | 742         |
|    fraction_at_goal       | 0.488       |
|    reward_collision       | -0.00673    |
|    reward_progress        | 0.0768      |
|    reward_zero_visibility | -0.0295     |
|    stray_count            | 0.13        |
|    success_rate           | 0.36        |
|    visibility_ratio       | 0.599       |
| rollout/                  |             |
|    ep_len_mean            | 556         |
|    ep_rew_mean            | 742         |
| time/                     |             |
|    fps                    | 178         |
|    iterations             | 86          |
|    time_elapsed           | 1475        |
|    total_timesteps        | 264192      |
| train/                    |             |
|    approx_kl              | 0.043714676 |
|    clip_fraction          | 0.32        |
|    clip_range             | 0.2         |
|    entropy_loss           | -2.38       |
|    explained_variance     | 0.711       |
|    learning_rate          | 0.000169    |
|    loss                   | 0.0177      |
|    n_updates              | 850         |
|    policy_gradient_loss   | -0.00686    |
|    std                    | 0.795       |
|    value_loss             | 0.0247      |
-------------------------------------------
-----------------------------------------
| curriculum/             |             |
|    stage                | 0.66        |
| rollout/                |             |
|    ep_len_mean          | 554         |
|    ep_rew_mean          | 744         |
| time/                   |             |
|    fps                  | 180         |
|    iterations           | 87          |
|    time_elapsed         | 1484        |
|    total_timesteps      | 267264      |
| train/                  |             |
|    approx_kl            | 0.037076034 |
|    clip_fraction        | 0.307       |
|    clip_range           | 0.2         |
|    entropy_loss         | -2.38       |
|    explained_variance   | 0.624       |
|    learning_rate        | 0.000168    |
|    loss                 | -0.045      |
|    n_updates            | 860         |
|    policy_gradient_loss | -0.0165     |
|    std                  | 0.796       |
|    value_loss           | 0.0231      |
-----------------------------------------
[Step   270336] SR=0.370 | FracGoal=0.492 | Ret=741.39 | Vis=0.60 | Prog=0.083 | CollEvt=16.01 | Stage=0.66
------------------------------------------
| curriculum/               |            |
|    stage                  | 0.66       |
| research/                 |            |
|    collision_count        | 40.4       |
|    collision_event_count  | 16         |
|    curriculum_stage       | 0.66       |
|    episode_length         | 549        |
|    episode_return         | 741        |
|    fraction_at_goal       | 0.492      |
|    reward_collision       | -0.00656   |
|    reward_progress        | 0.0827     |
|    reward_zero_visibility | -0.027     |
|    stray_count            | 0.14       |
|    success_rate           | 0.37       |
|    visibility_ratio       | 0.6        |
| rollout/                  |            |
|    ep_len_mean            | 549        |
|    ep_rew_mean            | 741        |
| time/                     |            |
|    fps                    | 180        |
|    iterations             | 88         |
|    time_elapsed           | 1501       |
|    total_timesteps        | 270336     |
| train/                    |            |
|    approx_kl              | 0.05224081 |
|    clip_fraction          | 0.301      |
|    clip_range             | 0.2        |
|    entropy_loss           | -2.38      |
|    explained_variance     | 0.802      |
|    learning_rate          | 0.000166   |
|    loss                   | -0.0185    |
|    n_updates              | 870        |
|    policy_gradient_loss   | -0.0196    |
|    std                    | 0.795      |
|    value_loss             | 0.0151     |
------------------------------------------
-----------------------------------------
| curriculum/             |             |
|    stage                | 0.66        |
| rollout/                |             |
|    ep_len_mean          | 537         |
|    ep_rew_mean          | 731         |
| time/                   |             |
|    fps                  | 180         |
|    iterations           | 89          |
|    time_elapsed         | 1515        |
|    total_timesteps      | 273408      |
| train/                  |             |
|    approx_kl            | 0.038207356 |
|    clip_fraction        | 0.256       |
|    clip_range           | 0.2         |
|    entropy_loss         | -2.38       |
|    explained_variance   | 0.704       |
|    learning_rate        | 0.000165    |
|    loss                 | -0.0662     |
|    n_updates            | 880         |
|    policy_gradient_loss | -0.0284     |
|    std                  | 0.793       |
|    value_loss           | 0.0318      |
-----------------------------------------
[validation @ 275,088] SR=0.233 | FracGoal=0.316 | MeanDist=4.29 | best=0.378
[Step   276480] SR=0.360 | FracGoal=0.472 | Ret=743.05 | Vis=0.63 | Prog=0.087 | CollEvt=16.64 | Stage=0.66
-------------------------------------------
| curriculum/               |             |
|    stage                  | 0.66        |
| research/                 |             |
|    collision_count        | 48.5        |
|    collision_event_count  | 16.6        |
|    curriculum_stage       | 0.66        |
|    episode_length         | 549         |
|    episode_return         | 743         |
|    fraction_at_goal       | 0.472       |
|    reward_collision       | -0.00687    |
|    reward_progress        | 0.0869      |
|    reward_zero_visibility | -0.0231     |
|    stray_count            | 0.13        |
|    success_rate           | 0.36        |
|    visibility_ratio       | 0.625       |
| rollout/                  |             |
|    ep_len_mean            | 549         |
|    ep_rew_mean            | 743         |
| time/                     |             |
|    fps                    | 176         |
|    iterations             | 90          |
|    time_elapsed           | 1562        |
|    total_timesteps        | 276480      |
| train/                    |             |
|    approx_kl              | 0.048826657 |
|    clip_fraction          | 0.281       |
|    clip_range             | 0.2         |
|    entropy_loss           | -2.37       |
|    explained_variance     | 0.69        |
|    learning_rate          | 0.000163    |
|    loss                   | -0.0665     |
|    n_updates              | 890         |
|    policy_gradient_loss   | -0.0296     |
|    std                    | 0.791       |
|    value_loss             | 0.0407      |
| validation/               |             |
|    episode_length         | 593         |
|    fraction_at_goal       | 0.316       |
|    mean_dist_to_goal      | 4.29        |
|    success_rate           | 0.233       |
-------------------------------------------
----------------------------------------
| curriculum/             |            |
|    stage                | 0.66       |
| rollout/                |            |
|    ep_len_mean          | 549        |
|    ep_rew_mean          | 743        |
| time/                   |            |
|    fps                  | 177        |
|    iterations           | 91         |
|    time_elapsed         | 1575       |
|    total_timesteps      | 279552     |
| train/                  |            |
|    approx_kl            | 0.03955032 |
|    clip_fraction        | 0.282      |
|    clip_range           | 0.2        |
|    entropy_loss         | -2.36      |
|    explained_variance   | 0.83       |
|    learning_rate        | 0.000162   |
|    loss                 | -0.0522    |
|    n_updates            | 900        |
|    policy_gradient_loss | -0.0241    |
|    std                  | 0.789      |
|    value_loss           | 0.0131     |
----------------------------------------
[Step   282624] SR=0.370 | FracGoal=0.483 | Ret=754.27 | Vis=0.62 | Prog=0.081 | CollEvt=17.49 | Stage=0.66
------------------------------------------
| curriculum/               |            |
|    stage                  | 0.66       |
| research/                 |            |
|    collision_count        | 50.8       |
|    collision_event_count  | 17.5       |
|    curriculum_stage       | 0.66       |
|    episode_length         | 558        |
|    episode_return         | 754        |
|    fraction_at_goal       | 0.483      |
|    reward_collision       | -0.00714   |
|    reward_progress        | 0.0814     |
|    reward_zero_visibility | -0.023     |
|    stray_count            | 0.13       |
|    success_rate           | 0.37       |
|    visibility_ratio       | 0.619      |
| rollout/                  |            |
|    ep_len_mean            | 558        |
|    ep_rew_mean            | 754        |
| time/                     |            |
|    fps                    | 178        |
|    iterations             | 92         |
|    time_elapsed           | 1584       |
|    total_timesteps        | 282624     |
| train/                    |            |
|    approx_kl              | 0.05291829 |
|    clip_fraction          | 0.312      |
|    clip_range             | 0.2        |
|    entropy_loss           | -2.36      |
|    explained_variance     | 0.853      |
|    learning_rate          | 0.00016    |
|    loss                   | -0.0469    |
|    n_updates              | 910        |
|    policy_gradient_loss   | -0.0272    |
|    std                    | 0.788      |
|    value_loss             | 0.0127     |
------------------------------------------
----------------------------------------
| curriculum/             |            |
|    stage                | 0.66       |
| rollout/                |            |
|    ep_len_mean          | 547        |
|    ep_rew_mean          | 745        |
| time/                   |            |
|    fps                  | 178        |
|    iterations           | 93         |
|    time_elapsed         | 1602       |
|    total_timesteps      | 285696     |
| train/                  |            |
|    approx_kl            | 0.05196949 |
|    clip_fraction        | 0.277      |
|    clip_range           | 0.2        |
|    entropy_loss         | -2.36      |
|    explained_variance   | 0.728      |
|    learning_rate        | 0.000159   |
|    loss                 | -0.0389    |
|    n_updates            | 920        |
|    policy_gradient_loss | -0.0268    |
|    std                  | 0.786      |
|    value_loss           | 0.0406     |
----------------------------------------
[Step   288768] SR=0.390 | FracGoal=0.513 | Ret=744.95 | Vis=0.61 | Prog=0.085 | CollEvt=16.99 | Stage=0.66
-------------------------------------------
| curriculum/               |             |
|    stage                  | 0.66        |
| research/                 |             |
|    collision_count        | 49.6        |
|    collision_event_count  | 17          |
|    curriculum_stage       | 0.66        |
|    episode_length         | 546         |
|    episode_return         | 745         |
|    fraction_at_goal       | 0.513       |
|    reward_collision       | -0.00705    |
|    reward_progress        | 0.085       |
|    reward_zero_visibility | -0.0229     |
|    stray_count            | 0.12        |
|    success_rate           | 0.39        |
|    visibility_ratio       | 0.613       |
| rollout/                  |             |
|    ep_len_mean            | 546         |
|    ep_rew_mean            | 745         |
| time/                     |             |
|    fps                    | 178         |
|    iterations             | 94          |
|    time_elapsed           | 1614        |
|    total_timesteps        | 288768      |
| train/                    |             |
|    approx_kl              | 0.045806438 |
|    clip_fraction          | 0.284       |
|    clip_range             | 0.2         |
|    entropy_loss           | -2.35       |
|    explained_variance     | 0.653       |
|    learning_rate          | 0.000157    |
|    loss                   | -0.0387     |
|    n_updates              | 930         |
|    policy_gradient_loss   | -0.0279     |
|    std                    | 0.783       |
|    value_loss             | 0.0498      |
-------------------------------------------
----------------------------------------
| curriculum/             |            |
|    stage                | 0.66       |
| rollout/                |            |
|    ep_len_mean          | 554        |
|    ep_rew_mean          | 752        |
| time/                   |            |
|    fps                  | 179        |
|    iterations           | 95         |
|    time_elapsed         | 1628       |
|    total_timesteps      | 291840     |
| train/                  |            |
|    approx_kl            | 0.05232747 |
|    clip_fraction        | 0.309      |
|    clip_range           | 0.2        |
|    entropy_loss         | -2.34      |
|    explained_variance   | 0.827      |
|    learning_rate        | 0.000156   |
|    loss                 | -0.0524    |
|    n_updates            | 940        |
|    policy_gradient_loss | -0.0336    |
|    std                  | 0.779      |
|    value_loss           | 0.0264     |
----------------------------------------
[Step   294912] SR=0.350 | FracGoal=0.478 | Ret=752.53 | Vis=0.62 | Prog=0.082 | CollEvt=20.26 | Stage=0.66
------------------------------------------
| curriculum/               |            |
|    stage                  | 0.66       |
| research/                 |            |
|    collision_count        | 57.7       |
|    collision_event_count  | 20.3       |
|    curriculum_stage       | 0.66       |
|    episode_length         | 558        |
|    episode_return         | 753        |
|    fraction_at_goal       | 0.478      |
|    reward_collision       | -0.00816   |
|    reward_progress        | 0.0816     |
|    reward_zero_visibility | -0.0234    |
|    stray_count            | 0.11       |
|    success_rate           | 0.35       |
|    visibility_ratio       | 0.624      |
| rollout/                  |            |
|    ep_len_mean            | 558        |
|    ep_rew_mean            | 753        |
| time/                     |            |
|    fps                    | 179        |
|    iterations             | 96         |
|    time_elapsed           | 1643       |
|    total_timesteps        | 294912     |
| train/                    |            |
|    approx_kl              | 0.04707156 |
|    clip_fraction          | 0.29       |
|    clip_range             | 0.2        |
|    entropy_loss           | -2.33      |
|    explained_variance     | 0.931      |
|    learning_rate          | 0.000154   |
|    loss                   | -0.0538    |
|    n_updates              | 950        |
|    policy_gradient_loss   | -0.0312    |
|    std                    | 0.775      |
|    value_loss             | 0.0159     |
------------------------------------------
-----------------------------------------
| curriculum/             |             |
|    stage                | 0.66        |
| rollout/                |             |
|    ep_len_mean          | 571         |
|    ep_rew_mean          | 767         |
| time/                   |             |
|    fps                  | 179         |
|    iterations           | 97          |
|    time_elapsed         | 1660        |
|    total_timesteps      | 297984      |
| train/                  |             |
|    approx_kl            | 0.046470135 |
|    clip_fraction        | 0.288       |
|    clip_range           | 0.2         |
|    entropy_loss         | -2.32       |
|    explained_variance   | 0.861       |
|    learning_rate        | 0.000153    |
|    loss                 | -0.0562     |
|    n_updates            | 960         |
|    policy_gradient_loss | -0.0348     |
|    std                  | 0.77        |
|    value_loss           | 0.0182      |
-----------------------------------------
[validation @ 300,096] SR=0.167 | FracGoal=0.261 | MeanDist=3.92 | best=0.378
[Step   301056] SR=0.340 | FracGoal=0.474 | Ret=760.06 | Vis=0.62 | Prog=0.078 | CollEvt=21.31 | Stage=0.66
-------------------------------------------
| curriculum/               |             |
|    stage                  | 0.66        |
| research/                 |             |
|    collision_count        | 60.7        |
|    collision_event_count  | 21.3        |
|    curriculum_stage       | 0.66        |
|    episode_length         | 565         |
|    episode_return         | 760         |
|    fraction_at_goal       | 0.474       |
|    reward_collision       | -0.00841    |
|    reward_progress        | 0.0781      |
|    reward_zero_visibility | -0.0228     |
|    stray_count            | 0.14        |
|    success_rate           | 0.34        |
|    visibility_ratio       | 0.624       |
| rollout/                  |             |
|    ep_len_mean            | 565         |
|    ep_rew_mean            | 760         |
| time/                     |             |
|    fps                    | 176         |
|    iterations             | 98          |
|    time_elapsed           | 1704        |
|    total_timesteps        | 301056      |
| train/                    |             |
|    approx_kl              | 0.053097133 |
|    clip_fraction          | 0.291       |
|    clip_range             | 0.2         |
|    entropy_loss           | -2.31       |
|    explained_variance     | 0.853       |
|    learning_rate          | 0.000151    |
|    loss                   | -0.075      |
|    n_updates              | 970         |
|    policy_gradient_loss   | -0.0262     |
|    std                    | 0.769       |
|    value_loss             | 0.0221      |
| validation/               |             |
|    episode_length         | 646         |
|    fraction_at_goal       | 0.261       |
|    mean_dist_to_goal      | 3.92        |
|    success_rate           | 0.167       |
-------------------------------------------
----------------------------------------
| curriculum/             |            |
|    stage                | 0.66       |
| rollout/                |            |
|    ep_len_mean          | 565        |
|    ep_rew_mean          | 761        |
| time/                   |            |
|    fps                  | 176        |
|    iterations           | 99         |
|    time_elapsed         | 1721       |
|    total_timesteps      | 304128     |
| train/                  |            |
|    approx_kl            | 0.04840248 |
|    clip_fraction        | 0.284      |
|    clip_range           | 0.2        |
|    entropy_loss         | -2.31      |
|    explained_variance   | 0.785      |
|    learning_rate        | 0.000149   |
|    loss                 | -0.0839    |
|    n_updates            | 980        |
|    policy_gradient_loss | -0.0225    |
|    std                  | 0.767      |
|    value_loss           | 0.0519     |
----------------------------------------
[Step   307200] SR=0.340 | FracGoal=0.479 | Ret=759.72 | Vis=0.63 | Prog=0.081 | CollEvt=20.90 | Stage=0.66
------------------------------------------
| curriculum/               |            |
|    stage                  | 0.66       |
| research/                 |            |
|    collision_count        | 60         |
|    collision_event_count  | 20.9       |
|    curriculum_stage       | 0.66       |
|    episode_length         | 564        |
|    episode_return         | 760        |
|    fraction_at_goal       | 0.479      |
|    reward_collision       | -0.0082    |
|    reward_progress        | 0.0814     |
|    reward_zero_visibility | -0.0229    |
|    stray_count            | 0.13       |
|    success_rate           | 0.34       |
|    visibility_ratio       | 0.626      |
| rollout/                  |            |
|    ep_len_mean            | 564        |
|    ep_rew_mean            | 760        |
| time/                     |            |
|    fps                    | 177        |
|    iterations             | 100        |
|    time_elapsed           | 1727       |
|    total_timesteps        | 307200     |
| train/                    |            |
|    approx_kl              | 0.06691215 |
|    clip_fraction          | 0.311      |
|    clip_range             | 0.2        |
|    entropy_loss           | -2.3       |
|    explained_variance     | 0.849      |
|    learning_rate          | 0.000148   |
|    loss                   | -0.0223    |
|    n_updates              | 990        |
|    policy_gradient_loss   | -0.0361    |
|    std                    | 0.766      |
|    value_loss             | 0.0129     |
------------------------------------------
Adaptive curriculum fell back to stage 0.33 at timestep 308,544
----------------------------------------
| curriculum/             |            |
|    stage                | 0.33       |
| rollout/                |            |
|    ep_len_mean          | 576        |
|    ep_rew_mean          | 774        |
| time/                   |            |
|    fps                  | 178        |
|    iterations           | 101        |
|    time_elapsed         | 1739       |
|    total_timesteps      | 310272     |
| train/                  |            |
|    approx_kl            | 0.05366578 |
|    clip_fraction        | 0.312      |
|    clip_range           | 0.2        |
|    entropy_loss         | -2.3       |
|    explained_variance   | 0.839      |
|    learning_rate        | 0.000146   |
|    loss                 | -0.0398    |
|    n_updates            | 1000       |
|    policy_gradient_loss | -0.0302    |
|    std                  | 0.767      |
|    value_loss           | 0.0135     |
----------------------------------------
[Step   313344] SR=0.330 | FracGoal=0.462 | Ret=759.90 | Vis=0.64 | Prog=0.080 | CollEvt=20.42 | Stage=0.43
-------------------------------------------
| curriculum/               |             |
|    stage                  | 0.33        |
| research/                 |             |
|    collision_count        | 60.5        |
|    collision_event_count  | 20.4        |
|    curriculum_stage       | 0.429       |
|    episode_length         | 565         |
|    episode_return         | 760         |
|    fraction_at_goal       | 0.462       |
|    reward_collision       | -0.00822    |
|    reward_progress        | 0.0797      |
|    reward_zero_visibility | -0.0215     |
|    stray_count            | 0.12        |
|    success_rate           | 0.33        |
|    visibility_ratio       | 0.637       |
| rollout/                  |             |
|    ep_len_mean            | 565         |
|    ep_rew_mean            | 760         |
| time/                     |             |
|    fps                    | 178         |
|    iterations             | 102         |
|    time_elapsed           | 1754        |
|    total_timesteps        | 313344      |
| train/                    |             |
|    approx_kl              | 0.059093248 |
|    clip_fraction          | 0.273       |
|    clip_range             | 0.2         |
|    entropy_loss           | -2.3        |
|    explained_variance     | 0.811       |
|    learning_rate          | 0.000145    |
|    loss                   | -0.0243     |
|    n_updates              | 1010        |
|    policy_gradient_loss   | -0.0337     |
|    std                    | 0.764       |
|    value_loss             | 0.0178      |
-------------------------------------------
-----------------------------------------
| curriculum/             |             |
|    stage                | 0.33        |
| rollout/                |             |
|    ep_len_mean          | 567         |
|    ep_rew_mean          | 765         |
| time/                   |             |
|    fps                  | 179         |
|    iterations           | 103         |
|    time_elapsed         | 1766        |
|    total_timesteps      | 316416      |
| train/                  |             |
|    approx_kl            | 0.048096552 |
|    clip_fraction        | 0.267       |
|    clip_range           | 0.2         |
|    entropy_loss         | -2.3        |
|    explained_variance   | 0.828       |
|    learning_rate        | 0.000143    |
|    loss                 | -0.0353     |
|    n_updates            | 1020        |
|    policy_gradient_loss | -0.0228     |
|    std                  | 0.762       |
|    value_loss           | 0.0345      |
-----------------------------------------
[Step   319488] SR=0.330 | FracGoal=0.456 | Ret=759.91 | Vis=0.66 | Prog=0.079 | CollEvt=20.93 | Stage=0.33
------------------------------------------
| curriculum/               |            |
|    stage                  | 0.33       |
| research/                 |            |
|    collision_count        | 63         |
|    collision_event_count  | 20.9       |
|    curriculum_stage       | 0.33       |
|    episode_length         | 565        |
|    episode_return         | 760        |
|    fraction_at_goal       | 0.456      |
|    reward_collision       | -0.00852   |
|    reward_progress        | 0.0793     |
|    reward_zero_visibility | -0.0207    |
|    stray_count            | 0.17       |
|    success_rate           | 0.33       |
|    visibility_ratio       | 0.657      |
| rollout/                  |            |
|    ep_len_mean            | 565        |
|    ep_rew_mean            | 760        |
| time/                     |            |
|    fps                    | 179        |
|    iterations             | 104        |
|    time_elapsed           | 1781       |
|    total_timesteps        | 319488     |
| train/                    |            |
|    approx_kl              | 0.04929469 |
|    clip_fraction          | 0.274      |
|    clip_range             | 0.2        |
|    entropy_loss           | -2.29      |
|    explained_variance     | 0.882      |
|    learning_rate          | 0.000142   |
|    loss                   | -0.0555    |
|    n_updates              | 1030       |
|    policy_gradient_loss   | -0.0316    |
|    std                    | 0.76       |
|    value_loss             | 0.0209     |
------------------------------------------
---------------------------------------
| curriculum/             |           |
|    stage                | 0.33      |
| rollout/                |           |
|    ep_len_mean          | 565       |
|    ep_rew_mean          | 759       |
| time/                   |           |
|    fps                  | 179       |
|    iterations           | 105       |
|    time_elapsed         | 1796      |
|    total_timesteps      | 322560    |
| train/                  |           |
|    approx_kl            | 0.0369927 |
|    clip_fraction        | 0.263     |
|    clip_range           | 0.2       |
|    entropy_loss         | -2.29     |
|    explained_variance   | 0.636     |
|    learning_rate        | 0.00014   |
|    loss                 | -0.0776   |
|    n_updates            | 1040      |
|    policy_gradient_loss | -0.0351   |
|    std                  | 0.76      |
|    value_loss           | 0.054     |
---------------------------------------
[validation @ 325,104] SR=0.167 | FracGoal=0.325 | MeanDist=4.13 | best=0.378
[Step   325632] SR=0.320 | FracGoal=0.448 | Ret=774.51 | Vis=0.65 | Prog=0.070 | CollEvt=22.13 | Stage=0.33
------------------------------------------
| curriculum/               |            |
|    stage                  | 0.33       |
| research/                 |            |
|    collision_count        | 69.5       |
|    collision_event_count  | 22.1       |
|    curriculum_stage       | 0.33       |
|    episode_length         | 578        |
|    episode_return         | 775        |
|    fraction_at_goal       | 0.448      |
|    reward_collision       | -0.00908   |
|    reward_progress        | 0.0704     |
|    reward_zero_visibility | -0.0197    |
|    stray_count            | 0.17       |
|    success_rate           | 0.32       |
|    visibility_ratio       | 0.653      |
| rollout/                  |            |
|    ep_len_mean            | 578        |
|    ep_rew_mean            | 775        |
| time/                     |            |
|    fps                    | 177        |
|    iterations             | 106        |
|    time_elapsed           | 1833       |
|    total_timesteps        | 325632     |
| train/                    |            |
|    approx_kl              | 0.04839067 |
|    clip_fraction          | 0.288      |
|    clip_range             | 0.2        |
|    entropy_loss           | -2.28      |
|    explained_variance     | 0.846      |
|    learning_rate          | 0.000139   |
|    loss                   | -0.0794    |
|    n_updates              | 1050       |
|    policy_gradient_loss   | -0.0375    |
|    std                    | 0.758      |
|    value_loss             | 0.0131     |
| validation/               |            |
|    episode_length         | 620        |
|    fraction_at_goal       | 0.325      |
|    mean_dist_to_goal      | 4.13       |
|    success_rate           | 0.167      |
------------------------------------------
----------------------------------------
| curriculum/             |            |
|    stage                | 0.33       |
| rollout/                |            |
|    ep_len_mean          | 580        |
|    ep_rew_mean          | 780        |
| time/                   |            |
|    fps                  | 177        |
|    iterations           | 107        |
|    time_elapsed         | 1849       |
|    total_timesteps      | 328704     |
| train/                  |            |
|    approx_kl            | 0.05942852 |
|    clip_fraction        | 0.286      |
|    clip_range           | 0.2        |
|    entropy_loss         | -2.28      |
|    explained_variance   | 0.843      |
|    learning_rate        | 0.000137   |
|    loss                 | -0.0482    |
|    n_updates            | 1060       |
|    policy_gradient_loss | -0.0278    |
|    std                  | 0.756      |
|    value_loss           | 0.0179     |
----------------------------------------
[Step   331776] SR=0.320 | FracGoal=0.447 | Ret=777.27 | Vis=0.66 | Prog=0.071 | CollEvt=22.60 | Stage=0.33
------------------------------------------
| curriculum/               |            |
|    stage                  | 0.33       |
| research/                 |            |
|    collision_count        | 68.8       |
|    collision_event_count  | 22.6       |
|    curriculum_stage       | 0.33       |
|    episode_length         | 577        |
|    episode_return         | 777        |
|    fraction_at_goal       | 0.447      |
|    reward_collision       | -0.00917   |
|    reward_progress        | 0.0715     |
|    reward_zero_visibility | -0.018     |
|    stray_count            | 0.19       |
|    success_rate           | 0.32       |
|    visibility_ratio       | 0.663      |
| rollout/                  |            |
|    ep_len_mean            | 577        |
|    ep_rew_mean            | 777        |
| time/                     |            |
|    fps                    | 177        |
|    iterations             | 108        |
|    time_elapsed           | 1867       |
|    total_timesteps        | 331776     |
| train/                    |            |
|    approx_kl              | 0.05038381 |
|    clip_fraction          | 0.271      |
|    clip_range             | 0.2        |
|    entropy_loss           | -2.27      |
|    explained_variance     | 0.776      |
|    learning_rate          | 0.000136   |
|    loss                   | -0.0518    |
|    n_updates              | 1070       |
|    policy_gradient_loss   | -0.0298    |
|    std                    | 0.753      |
|    value_loss             | 0.0317     |
------------------------------------------
----------------------------------------
| curriculum/             |            |
|    stage                | 0.33       |
| rollout/                |            |
|    ep_len_mean          | 563        |
|    ep_rew_mean          | 766        |
| time/                   |            |
|    fps                  | 178        |
|    iterations           | 109        |
|    time_elapsed         | 1876       |
|    total_timesteps      | 334848     |
| train/                  |            |
|    approx_kl            | 0.04561483 |
|    clip_fraction        | 0.26       |
|    clip_range           | 0.2        |
|    entropy_loss         | -2.27      |
|    explained_variance   | 0.747      |
|    learning_rate        | 0.000134   |
|    loss                 | -0.0312    |
|    n_updates            | 1080       |
|    policy_gradient_loss | -0.0321    |
|    std                  | 0.75       |
|    value_loss           | 0.0275     |
----------------------------------------
[Step   337920] SR=0.350 | FracGoal=0.470 | Ret=757.82 | Vis=0.69 | Prog=0.081 | CollEvt=22.24 | Stage=0.33
------------------------------------------
| curriculum/               |            |
|    stage                  | 0.33       |
| research/                 |            |
|    collision_count        | 65.4       |
|    collision_event_count  | 22.2       |
|    curriculum_stage       | 0.33       |
|    episode_length         | 551        |
|    episode_return         | 758        |
|    fraction_at_goal       | 0.47       |
|    reward_collision       | -0.00916   |
|    reward_progress        | 0.0813     |
|    reward_zero_visibility | -0.0131    |
|    stray_count            | 0.19       |
|    success_rate           | 0.35       |
|    visibility_ratio       | 0.686      |
| rollout/                  |            |
|    ep_len_mean            | 551        |
|    ep_rew_mean            | 758        |
| time/                     |            |
|    fps                    | 178        |
|    iterations             | 110        |
|    time_elapsed           | 1896       |
|    total_timesteps        | 337920     |
| train/                    |            |
|    approx_kl              | 0.05023715 |
|    clip_fraction          | 0.275      |
|    clip_range             | 0.2        |
|    entropy_loss           | -2.26      |
|    explained_variance     | 0.782      |
|    learning_rate          | 0.000133   |
|    loss                   | -0.0433    |
|    n_updates              | 1090       |
|    policy_gradient_loss   | -0.0336    |
|    std                    | 0.75       |
|    value_loss             | 0.0328     |
------------------------------------------
-----------------------------------------
| curriculum/             |             |
|    stage                | 0.33        |
| rollout/                |             |
|    ep_len_mean          | 564         |
|    ep_rew_mean          | 776         |
| time/                   |             |
|    fps                  | 178         |
|    iterations           | 111         |
|    time_elapsed         | 1910        |
|    total_timesteps      | 340992      |
| train/                  |             |
|    approx_kl            | 0.046272926 |
|    clip_fraction        | 0.252       |
|    clip_range           | 0.2         |
|    entropy_loss         | -2.26       |
|    explained_variance   | 0.797       |
|    learning_rate        | 0.000131    |
|    loss                 | -0.053      |
|    n_updates            | 1100        |
|    policy_gradient_loss | -0.0265     |
|    std                  | 0.748       |
|    value_loss           | 0.0409      |
-----------------------------------------
[Step   344064] SR=0.330 | FracGoal=0.456 | Ret=786.86 | Vis=0.70 | Prog=0.074 | CollEvt=22.06 | Stage=0.33
-------------------------------------------
| curriculum/               |             |
|    stage                  | 0.33        |
| research/                 |             |
|    collision_count        | 65.5        |
|    collision_event_count  | 22.1        |
|    curriculum_stage       | 0.33        |
|    episode_length         | 572         |
|    episode_return         | 787         |
|    fraction_at_goal       | 0.456       |
|    reward_collision       | -0.0089     |
|    reward_progress        | 0.0736      |
|    reward_zero_visibility | -0.0107     |
|    stray_count            | 0.2         |
|    success_rate           | 0.33        |
|    visibility_ratio       | 0.698       |
| rollout/                  |             |
|    ep_len_mean            | 572         |
|    ep_rew_mean            | 787         |
| time/                     |             |
|    fps                    | 178         |
|    iterations             | 112         |
|    time_elapsed           | 1922        |
|    total_timesteps        | 344064      |
| train/                    |             |
|    approx_kl              | 0.037206884 |
|    clip_fraction          | 0.261       |
|    clip_range             | 0.2         |
|    entropy_loss           | -2.25       |
|    explained_variance     | 0.861       |
|    learning_rate          | 0.00013     |
|    loss                   | -0.055      |
|    n_updates              | 1110        |
|    policy_gradient_loss   | -0.0212     |
|    std                    | 0.745       |
|    value_loss             | 0.0259      |
-------------------------------------------
----------------------------------------
| curriculum/             |            |
|    stage                | 0.33       |
| rollout/                |            |
|    ep_len_mean          | 555        |
|    ep_rew_mean          | 770        |
| time/                   |            |
|    fps                  | 178        |
|    iterations           | 113        |
|    time_elapsed         | 1940       |
|    total_timesteps      | 347136     |
| train/                  |            |
|    approx_kl            | 0.04048699 |
|    clip_fraction        | 0.277      |
|    clip_range           | 0.2        |
|    entropy_loss         | -2.24      |
|    explained_variance   | 0.807      |
|    learning_rate        | 0.000128   |
|    loss                 | -0.0524    |
|    n_updates            | 1120       |
|    policy_gradient_loss | -0.0315    |
|    std                  | 0.742      |
|    value_loss           | 0.0352     |
----------------------------------------
Adaptive curriculum advanced to stage 0.66 at timestep 348,096
[validation @ 350,112] SR=0.133 | FracGoal=0.225 | MeanDist=4.40 | best=0.378
[Step   350208] SR=0.380 | FracGoal=0.495 | Ret=765.89 | Vis=0.70 | Prog=0.081 | CollEvt=18.64 | Stage=0.49
-------------------------------------------
| curriculum/               |             |
|    stage                  | 0.66        |
| research/                 |             |
|    collision_count        | 55.6        |
|    collision_event_count  | 18.6        |
|    curriculum_stage       | 0.495       |
|    episode_length         | 549         |
|    episode_return         | 766         |
|    fraction_at_goal       | 0.495       |
|    reward_collision       | -0.00794    |
|    reward_progress        | 0.0813      |
|    reward_zero_visibility | -0.00855    |
|    stray_count            | 0.21        |
|    success_rate           | 0.38        |
|    visibility_ratio       | 0.702       |
| rollout/                  |             |
|    ep_len_mean            | 549         |
|    ep_rew_mean            | 766         |
| time/                     |             |
|    fps                    | 176         |
|    iterations             | 114         |
|    time_elapsed           | 1985        |
|    total_timesteps        | 350208      |
| train/                    |             |
|    approx_kl              | 0.070131704 |
|    clip_fraction          | 0.27        |
|    clip_range             | 0.2         |
|    entropy_loss           | -2.24       |
|    explained_variance     | 0.714       |
|    learning_rate          | 0.000126    |
|    loss                   | -0.035      |
|    n_updates              | 1130        |
|    policy_gradient_loss   | -0.0201     |
|    std                    | 0.741       |
|    value_loss             | 0.0382      |
| validation/               |             |
|    episode_length         | 667         |
|    fraction_at_goal       | 0.225       |
|    mean_dist_to_goal      | 4.4         |
|    success_rate           | 0.133       |
-------------------------------------------
-----------------------------------------
| curriculum/             |             |
|    stage                | 0.66        |
| rollout/                |             |
|    ep_len_mean          | 545         |
|    ep_rew_mean          | 758         |
| time/                   |             |
|    fps                  | 176         |
|    iterations           | 115         |
|    time_elapsed         | 2004        |
|    total_timesteps      | 353280      |
| train/                  |             |
|    approx_kl            | 0.042642556 |
|    clip_fraction        | 0.252       |
|    clip_range           | 0.2         |
|    entropy_loss         | -2.24       |
|    explained_variance   | 0.855       |
|    learning_rate        | 0.000125    |
|    loss                 | -0.0307     |
|    n_updates            | 1140        |
|    policy_gradient_loss | -0.0263     |
|    std                  | 0.74        |
|    value_loss           | 0.0499      |
-----------------------------------------
[Step   356352] SR=0.390 | FracGoal=0.496 | Ret=750.43 | Vis=0.70 | Prog=0.084 | CollEvt=20.21 | Stage=0.66
-------------------------------------------
| curriculum/               |             |
|    stage                  | 0.66        |
| research/                 |             |
|    collision_count        | 57.5        |
|    collision_event_count  | 20.2        |
|    curriculum_stage       | 0.66        |
|    episode_length         | 540         |
|    episode_return         | 750         |
|    fraction_at_goal       | 0.496       |
|    reward_collision       | -0.0086     |
|    reward_progress        | 0.084       |
|    reward_zero_visibility | -0.00934    |
|    stray_count            | 0.19        |
|    success_rate           | 0.39        |
|    visibility_ratio       | 0.698       |
| rollout/                  |             |
|    ep_len_mean            | 540         |
|    ep_rew_mean            | 750         |
| time/                     |             |
|    fps                    | 176         |
|    iterations             | 116         |
|    time_elapsed           | 2018        |
|    total_timesteps        | 356352      |
| train/                    |             |
|    approx_kl              | 0.051079467 |
|    clip_fraction          | 0.292       |
|    clip_range             | 0.2         |
|    entropy_loss           | -2.23       |
|    explained_variance     | 0.839       |
|    learning_rate          | 0.000123    |
|    loss                   | -0.0596     |
|    n_updates              | 1150        |
|    policy_gradient_loss   | -0.041      |
|    std                    | 0.739       |
|    value_loss             | 0.0241      |
-------------------------------------------
-----------------------------------------
| curriculum/             |             |
|    stage                | 0.66        |
| rollout/                |             |
|    ep_len_mean          | 534         |
|    ep_rew_mean          | 745         |
| time/                   |             |
|    fps                  | 176         |
|    iterations           | 117         |
|    time_elapsed         | 2031        |
|    total_timesteps      | 359424      |
| train/                  |             |
|    approx_kl            | 0.046254784 |
|    clip_fraction        | 0.269       |
|    clip_range           | 0.2         |
|    entropy_loss         | -2.23       |
|    explained_variance   | 0.76        |
|    learning_rate        | 0.000122    |
|    loss                 | -0.0686     |
|    n_updates            | 1160        |
|    policy_gradient_loss | -0.0359     |
|    std                  | 0.737       |
|    value_loss           | 0.0388      |
-----------------------------------------
[Step   362496] SR=0.420 | FracGoal=0.541 | Ret=733.23 | Vis=0.69 | Prog=0.090 | CollEvt=20.25 | Stage=0.66
------------------------------------------
| curriculum/               |            |
|    stage                  | 0.66       |
| research/                 |            |
|    collision_count        | 56.6       |
|    collision_event_count  | 20.2       |
|    curriculum_stage       | 0.66       |
|    episode_length         | 525        |
|    episode_return         | 733        |
|    fraction_at_goal       | 0.541      |
|    reward_collision       | -0.00867   |
|    reward_progress        | 0.0896     |
|    reward_zero_visibility | -0.0124    |
|    stray_count            | 0.17       |
|    success_rate           | 0.42       |
|    visibility_ratio       | 0.689      |
| rollout/                  |            |
|    ep_len_mean            | 525        |
|    ep_rew_mean            | 733        |
| time/                     |            |
|    fps                    | 177        |
|    iterations             | 118        |
|    time_elapsed           | 2047       |
|    total_timesteps        | 362496     |
| train/                    |            |
|    approx_kl              | 0.03366673 |
|    clip_fraction          | 0.245      |
|    clip_range             | 0.2        |
|    entropy_loss           | -2.22      |
|    explained_variance     | 0.824      |
|    learning_rate          | 0.00012    |
|    loss                   | -0.0623    |
|    n_updates              | 1170       |
|    policy_gradient_loss   | -0.035     |
|    std                    | 0.734      |
|    value_loss             | 0.0269     |
------------------------------------------
----------------------------------------
| curriculum/             |            |
|    stage                | 0.66       |
| rollout/                |            |
|    ep_len_mean          | 536        |
|    ep_rew_mean          | 746        |
| time/                   |            |
|    fps                  | 177        |
|    iterations           | 119        |
|    time_elapsed         | 2061       |
|    total_timesteps      | 365568     |
| train/                  |            |
|    approx_kl            | 0.04397476 |
|    clip_fraction        | 0.255      |
|    clip_range           | 0.2        |
|    entropy_loss         | -2.22      |
|    explained_variance   | 0.824      |
|    learning_rate        | 0.000119   |
|    loss                 | -0.0478    |
|    n_updates            | 1180       |
|    policy_gradient_loss | -0.0257    |
|    std                  | 0.733      |
|    value_loss           | 0.0208     |
----------------------------------------
[Step   368640] SR=0.410 | FracGoal=0.534 | Ret=750.60 | Vis=0.68 | Prog=0.084 | CollEvt=22.30 | Stage=0.66
-------------------------------------------
| curriculum/               |             |
|    stage                  | 0.66        |
| research/                 |             |
|    collision_count        | 65.3        |
|    collision_event_count  | 22.3        |
|    curriculum_stage       | 0.66        |
|    episode_length         | 541         |
|    episode_return         | 751         |
|    fraction_at_goal       | 0.534       |
|    reward_collision       | -0.00943    |
|    reward_progress        | 0.0838      |
|    reward_zero_visibility | -0.0134     |
|    stray_count            | 0.17        |
|    success_rate           | 0.41        |
|    visibility_ratio       | 0.676       |
| rollout/                  |             |
|    ep_len_mean            | 541         |
|    ep_rew_mean            | 751         |
| time/                     |             |
|    fps                    | 177         |
|    iterations             | 120         |
|    time_elapsed           | 2074        |
|    total_timesteps        | 368640      |
| train/                    |             |
|    approx_kl              | 0.058847286 |
|    clip_fraction          | 0.289       |
|    clip_range             | 0.2         |
|    entropy_loss           | -2.21       |
|    explained_variance     | 0.841       |
|    learning_rate          | 0.000117    |
|    loss                   | -0.0413     |
|    n_updates              | 1190        |
|    policy_gradient_loss   | -0.0186     |
|    std                    | 0.732       |
|    value_loss             | 0.0224      |
-------------------------------------------
----------------------------------------
| curriculum/             |            |
|    stage                | 0.66       |
| rollout/                |            |
|    ep_len_mean          | 538        |
|    ep_rew_mean          | 753        |
| time/                   |            |
|    fps                  | 177        |
|    iterations           | 121        |
|    time_elapsed         | 2088       |
|    total_timesteps      | 371712     |
| train/                  |            |
|    approx_kl            | 0.03931784 |
|    clip_fraction        | 0.282      |
|    clip_range           | 0.2        |
|    entropy_loss         | -2.21      |
|    explained_variance   | 0.893      |
|    learning_rate        | 0.000116   |
|    loss                 | -0.0562    |
|    n_updates            | 1200       |
|    policy_gradient_loss | -0.0216    |
|    std                  | 0.732      |
|    value_loss           | 0.0193     |
----------------------------------------
[Step   374784] SR=0.390 | FracGoal=0.524 | Ret=757.74 | Vis=0.67 | Prog=0.086 | CollEvt=21.78 | Stage=0.66
------------------------------------------
| curriculum/               |            |
|    stage                  | 0.66       |
| research/                 |            |
|    collision_count        | 61.1       |
|    collision_event_count  | 21.8       |
|    curriculum_stage       | 0.66       |
|    episode_length         | 543        |
|    episode_return         | 758        |
|    fraction_at_goal       | 0.524      |
|    reward_collision       | -0.00899   |
|    reward_progress        | 0.086      |
|    reward_zero_visibility | -0.012     |
|    stray_count            | 0.11       |
|    success_rate           | 0.39       |
|    visibility_ratio       | 0.67       |
| rollout/                  |            |
|    ep_len_mean            | 543        |
|    ep_rew_mean            | 758        |
| time/                     |            |
|    fps                    | 177        |
|    iterations             | 122        |
|    time_elapsed           | 2108       |
|    total_timesteps        | 374784     |
| train/                    |            |
|    approx_kl              | 0.06935774 |
|    clip_fraction          | 0.291      |
|    clip_range             | 0.2        |
|    entropy_loss           | -2.21      |
|    explained_variance     | 0.877      |
|    learning_rate          | 0.000114   |
|    loss                   | 0.0395     |
|    n_updates              | 1210       |
|    policy_gradient_loss   | -0.0206    |
|    std                    | 0.733      |
|    value_loss             | 0.0239     |
------------------------------------------
[validation @ 375,120] SR=0.200 | FracGoal=0.309 | MeanDist=3.81 | best=0.378
-----------------------------------------
| curriculum/             |             |
|    stage                | 0.66        |
| rollout/                |             |
|    ep_len_mean          | 543         |
|    ep_rew_mean          | 758         |
| time/                   |             |
|    fps                  | 175         |
|    iterations           | 123         |
|    time_elapsed         | 2151        |
|    total_timesteps      | 377856      |
| train/                  |             |
|    approx_kl            | 0.036930412 |
|    clip_fraction        | 0.29        |
|    clip_range           | 0.2         |
|    entropy_loss         | -2.21       |
|    explained_variance   | 0.882       |
|    learning_rate        | 0.000113    |
|    loss                 | -0.0644     |
|    n_updates            | 1220        |
|    policy_gradient_loss | -0.0204     |
|    std                  | 0.732       |
|    value_loss           | 0.00931     |
| validation/             |             |
|    episode_length       | 614         |
|    fraction_at_goal     | 0.309       |
|    mean_dist_to_goal    | 3.81        |
|    success_rate         | 0.2         |
-----------------------------------------
[Step   380928] SR=0.390 | FracGoal=0.514 | Ret=753.21 | Vis=0.67 | Prog=0.087 | CollEvt=18.90 | Stage=0.66
------------------------------------------
| curriculum/               |            |
|    stage                  | 0.66       |
| research/                 |            |
|    collision_count        | 52.9       |
|    collision_event_count  | 18.9       |
|    curriculum_stage       | 0.66       |
|    episode_length         | 539        |
|    episode_return         | 753        |
|    fraction_at_goal       | 0.514      |
|    reward_collision       | -0.00793   |
|    reward_progress        | 0.0868     |
|    reward_zero_visibility | -0.013     |
|    stray_count            | 0.11       |
|    success_rate           | 0.39       |
|    visibility_ratio       | 0.674      |
| rollout/                  |            |
|    ep_len_mean            | 539        |
|    ep_rew_mean            | 753        |
| time/                     |            |
|    fps                    | 176        |
|    iterations             | 124        |
|    time_elapsed           | 2162       |
|    total_timesteps        | 380928     |
| train/                    |            |
|    approx_kl              | 0.05698437 |
|    clip_fraction          | 0.298      |
|    clip_range             | 0.2        |
|    entropy_loss           | -2.21      |
|    explained_variance     | 0.92       |
|    learning_rate          | 0.000111   |
|    loss                   | -0.0339    |
|    n_updates              | 1230       |
|    policy_gradient_loss   | -0.0162    |
|    std                    | 0.733      |
|    value_loss             | 0.0122     |
------------------------------------------
Adaptive curriculum fell back to stage 0.33 at timestep 381,276
----------------------------------------
| curriculum/             |            |
|    stage                | 0.33       |
| rollout/                |            |
|    ep_len_mean          | 545        |
|    ep_rew_mean          | 759        |
| time/                   |            |
|    fps                  | 176        |
|    iterations           | 125        |
|    time_elapsed         | 2179       |
|    total_timesteps      | 384000     |
| train/                  |            |
|    approx_kl            | 0.04851615 |
|    clip_fraction        | 0.272      |
|    clip_range           | 0.2        |
|    entropy_loss         | -2.21      |
|    explained_variance   | 0.901      |
|    learning_rate        | 0.00011    |
|    loss                 | 0.0218     |
|    n_updates            | 1240       |
|    policy_gradient_loss | -0.0278    |
|    std                  | 0.731      |
|    value_loss           | 0.019      |
----------------------------------------
[Step   387072] SR=0.370 | FracGoal=0.514 | Ret=768.65 | Vis=0.67 | Prog=0.079 | CollEvt=17.44 | Stage=0.33
------------------------------------------
| curriculum/               |            |
|    stage                  | 0.33       |
| research/                 |            |
|    collision_count        | 49.8       |
|    collision_event_count  | 17.4       |
|    curriculum_stage       | 0.33       |
|    episode_length         | 553        |
|    episode_return         | 769        |
|    fraction_at_goal       | 0.514      |
|    reward_collision       | -0.00775   |
|    reward_progress        | 0.0792     |
|    reward_zero_visibility | -0.0145    |
|    stray_count            | 0.07       |
|    success_rate           | 0.37       |
|    visibility_ratio       | 0.67       |
| rollout/                  |            |
|    ep_len_mean            | 553        |
|    ep_rew_mean            | 769        |
| time/                     |            |
|    fps                    | 176        |
|    iterations             | 126        |
|    time_elapsed           | 2193       |
|    total_timesteps        | 387072     |
| train/                    |            |
|    approx_kl              | 0.06788186 |
|    clip_fraction          | 0.255      |
|    clip_range             | 0.2        |
|    entropy_loss           | -2.21      |
|    explained_variance     | 0.871      |
|    learning_rate          | 0.000108   |
|    loss                   | -0.00526   |
|    n_updates              | 1250       |
|    policy_gradient_loss   | -0.0225    |
|    std                    | 0.732      |
|    value_loss             | 0.0186     |
------------------------------------------
-----------------------------------------
| curriculum/             |             |
|    stage                | 0.33        |
| rollout/                |             |
|    ep_len_mean          | 549         |
|    ep_rew_mean          | 764         |
| time/                   |             |
|    fps                  | 176         |
|    iterations           | 127         |
|    time_elapsed         | 2207        |
|    total_timesteps      | 390144      |
| train/                  |             |
|    approx_kl            | 0.049065918 |
|    clip_fraction        | 0.299       |
|    clip_range           | 0.2         |
|    entropy_loss         | -2.21       |
|    explained_variance   | 0.882       |
|    learning_rate        | 0.000106    |
|    loss                 | -0.0241     |
|    n_updates            | 1260        |
|    policy_gradient_loss | -0.0179     |
|    std                  | 0.731       |
|    value_loss           | 0.0142      |
-----------------------------------------
[Step   393216] SR=0.360 | FracGoal=0.508 | Ret=766.84 | Vis=0.68 | Prog=0.085 | CollEvt=15.63 | Stage=0.33
------------------------------------------
| curriculum/               |            |
|    stage                  | 0.33       |
| research/                 |            |
|    collision_count        | 45         |
|    collision_event_count  | 15.6       |
|    curriculum_stage       | 0.33       |
|    episode_length         | 552        |
|    episode_return         | 767        |
|    fraction_at_goal       | 0.508      |
|    reward_collision       | -0.0069    |
|    reward_progress        | 0.0848     |
|    reward_zero_visibility | -0.0144    |
|    stray_count            | 0.06       |
|    success_rate           | 0.36       |
|    visibility_ratio       | 0.676      |
| rollout/                  |            |
|    ep_len_mean            | 552        |
|    ep_rew_mean            | 767        |
| time/                     |            |
|    fps                    | 177        |
|    iterations             | 128        |
|    time_elapsed           | 2217       |
|    total_timesteps        | 393216     |
| train/                    |            |
|    approx_kl              | 0.02625344 |
|    clip_fraction          | 0.22       |
|    clip_range             | 0.2        |
|    entropy_loss           | -2.21      |
|    explained_variance     | 0.897      |
|    learning_rate          | 0.000105   |
|    loss                   | -0.0482    |
|    n_updates              | 1270       |
|    policy_gradient_loss   | -0.0248    |
|    std                    | 0.729      |
|    value_loss             | 0.0305     |
------------------------------------------
-----------------------------------------
| curriculum/             |             |
|    stage                | 0.33        |
| rollout/                |             |
|    ep_len_mean          | 542         |
|    ep_rew_mean          | 755         |
| time/                   |             |
|    fps                  | 177         |
|    iterations           | 129         |
|    time_elapsed         | 2234        |
|    total_timesteps      | 396288      |
| train/                  |             |
|    approx_kl            | 0.036763683 |
|    clip_fraction        | 0.248       |
|    clip_range           | 0.2         |
|    entropy_loss         | -2.2        |
|    explained_variance   | 0.87        |
|    learning_rate        | 0.000103    |
|    loss                 | -0.0337     |
|    n_updates            | 1280        |
|    policy_gradient_loss | -0.0274     |
|    std                  | 0.728       |
|    value_loss           | 0.0213      |
-----------------------------------------
[Step   399360] SR=0.380 | FracGoal=0.514 | Ret=747.26 | Vis=0.68 | Prog=0.089 | CollEvt=15.29 | Stage=0.33
-----------------------------------------
| curriculum/               |           |
|    stage                  | 0.33      |
| research/                 |           |
|    collision_count        | 42.7      |
|    collision_event_count  | 15.3      |
|    curriculum_stage       | 0.33      |
|    episode_length         | 537       |
|    episode_return         | 747       |
|    fraction_at_goal       | 0.514     |
|    reward_collision       | -0.00662  |
|    reward_progress        | 0.0888    |
|    reward_zero_visibility | -0.0141   |
|    stray_count            | 0.05      |
|    success_rate           | 0.38      |
|    visibility_ratio       | 0.681     |
| rollout/                  |           |
|    ep_len_mean            | 537       |
|    ep_rew_mean            | 747       |
| time/                     |           |
|    fps                    | 177       |
|    iterations             | 130       |
|    time_elapsed           | 2248      |
|    total_timesteps        | 399360    |
| train/                    |           |
|    approx_kl              | 0.0320677 |
|    clip_fraction          | 0.218     |
|    clip_range             | 0.2       |
|    entropy_loss           | -2.2      |
|    explained_variance     | 0.874     |
|    learning_rate          | 0.000102  |
|    loss                   | -0.0409   |
|    n_updates              | 1290      |
|    policy_gradient_loss   | -0.0278   |
|    std                    | 0.727     |
|    value_loss             | 0.0293    |
-----------------------------------------
[validation @ 400,128] SR=0.200 | FracGoal=0.289 | MeanDist=4.25 | best=0.378
-----------------------------------------
| curriculum/             |             |
|    stage                | 0.33        |
| rollout/                |             |
|    ep_len_mean          | 538         |
|    ep_rew_mean          | 748         |
| time/                   |             |
|    fps                  | 175         |
|    iterations           | 131         |
|    time_elapsed         | 2295        |
|    total_timesteps      | 402432      |
| train/                  |             |
|    approx_kl            | 0.041956823 |
|    clip_fraction        | 0.234       |
|    clip_range           | 0.2         |
|    entropy_loss         | -2.2        |
|    explained_variance   | 0.857       |
|    learning_rate        | 0.0001      |
|    loss                 | -0.0373     |
|    n_updates            | 1300        |
|    policy_gradient_loss | -0.0255     |
|    std                  | 0.726       |
|    value_loss           | 0.036       |
| validation/             |             |
|    episode_length       | 616         |
|    fraction_at_goal     | 0.289       |
|    mean_dist_to_goal    | 4.25        |
|    success_rate         | 0.2         |
-----------------------------------------
[Step   405504] SR=0.380 | FracGoal=0.522 | Ret=747.49 | Vis=0.68 | Prog=0.091 | CollEvt=13.92 | Stage=0.33
-------------------------------------------
| curriculum/               |             |
|    stage                  | 0.33        |
| research/                 |             |
|    collision_count        | 40.2        |
|    collision_event_count  | 13.9        |
|    curriculum_stage       | 0.33        |
|    episode_length         | 535         |
|    episode_return         | 747         |
|    fraction_at_goal       | 0.522       |
|    reward_collision       | -0.00619    |
|    reward_progress        | 0.0906      |
|    reward_zero_visibility | -0.0142     |
|    stray_count            | 0.05        |
|    success_rate           | 0.38        |
|    visibility_ratio       | 0.675       |
| rollout/                  |             |
|    ep_len_mean            | 535         |
|    ep_rew_mean            | 747         |
| time/                     |             |
|    fps                    | 175         |
|    iterations             | 132         |
|    time_elapsed           | 2309        |
|    total_timesteps        | 405504      |
| train/                    |             |
|    approx_kl              | 0.036406077 |
|    clip_fraction          | 0.253       |
|    clip_range             | 0.2         |
|    entropy_loss           | -2.19       |
|    explained_variance     | 0.865       |
|    learning_rate          | 9.88e-05    |
|    loss                   | -0.0542     |
|    n_updates              | 1310        |
|    policy_gradient_loss   | -0.0299     |
|    std                    | 0.724       |
|    value_loss             | 0.0277      |
-------------------------------------------
Adaptive curriculum advanced to stage 0.66 at timestep 406,284
-----------------------------------------
| curriculum/             |             |
|    stage                | 0.66        |
| rollout/                |             |
|    ep_len_mean          | 537         |
|    ep_rew_mean          | 752         |
| time/                   |             |
|    fps                  | 175         |
|    iterations           | 133         |
|    time_elapsed         | 2323        |
|    total_timesteps      | 408576      |
| train/                  |             |
|    approx_kl            | 0.038580097 |
|    clip_fraction        | 0.243       |
|    clip_range           | 0.2         |
|    entropy_loss         | -2.19       |
|    explained_variance   | 0.78        |
|    learning_rate        | 9.72e-05    |
|    loss                 | -0.0479     |
|    n_updates            | 1320        |
|    policy_gradient_loss | -0.0265     |
|    std                  | 0.723       |
|    value_loss           | 0.0457      |
-----------------------------------------
[Step   411648] SR=0.390 | FracGoal=0.525 | Ret=754.29 | Vis=0.68 | Prog=0.085 | CollEvt=12.97 | Stage=0.59
------------------------------------------
| curriculum/               |            |
|    stage                  | 0.66       |
| research/                 |            |
|    collision_count        | 37.2       |
|    collision_event_count  | 13         |
|    curriculum_stage       | 0.594      |
|    episode_length         | 537        |
|    episode_return         | 754        |
|    fraction_at_goal       | 0.525      |
|    reward_collision       | -0.00567   |
|    reward_progress        | 0.0848     |
|    reward_zero_visibility | -0.0124    |
|    stray_count            | 0.05       |
|    success_rate           | 0.39       |
|    visibility_ratio       | 0.683      |
| rollout/                  |            |
|    ep_len_mean            | 537        |
|    ep_rew_mean            | 754        |
| time/                     |            |
|    fps                    | 175        |
|    iterations             | 134        |
|    time_elapsed           | 2343       |
|    total_timesteps        | 411648     |
| train/                    |            |
|    approx_kl              | 0.03389947 |
|    clip_fraction          | 0.249      |
|    clip_range             | 0.2        |
|    entropy_loss           | -2.19      |
|    explained_variance     | 0.858      |
|    learning_rate          | 9.57e-05   |
|    loss                   | -0.0484    |
|    n_updates              | 1330       |
|    policy_gradient_loss   | -0.0354    |
|    std                    | 0.721      |
|    value_loss             | 0.0279     |
------------------------------------------
-----------------------------------------
| curriculum/             |             |
|    stage                | 0.66        |
| rollout/                |             |
|    ep_len_mean          | 542         |
|    ep_rew_mean          | 764         |
| time/                   |             |
|    fps                  | 176         |
|    iterations           | 135         |
|    time_elapsed         | 2355        |
|    total_timesteps      | 414720      |
| train/                  |             |
|    approx_kl            | 0.028670076 |
|    clip_fraction        | 0.233       |
|    clip_range           | 0.2         |
|    entropy_loss         | -2.18       |
|    explained_variance   | 0.807       |
|    learning_rate        | 9.42e-05    |
|    loss                 | -0.0176     |
|    n_updates            | 1340        |
|    policy_gradient_loss | -0.0185     |
|    std                  | 0.721       |
|    value_loss           | 0.0456      |
-----------------------------------------
[Step   417792] SR=0.370 | FracGoal=0.504 | Ret=774.04 | Vis=0.70 | Prog=0.082 | CollEvt=13.10 | Stage=0.66
-------------------------------------------
| curriculum/               |             |
|    stage                  | 0.66        |
| research/                 |             |
|    collision_count        | 41.5        |
|    collision_event_count  | 13.1        |
|    curriculum_stage       | 0.66        |
|    episode_length         | 549         |
|    episode_return         | 774         |
|    fraction_at_goal       | 0.504       |
|    reward_collision       | -0.00579    |
|    reward_progress        | 0.0819      |
|    reward_zero_visibility | -0.00927    |
|    stray_count            | 0.05        |
|    success_rate           | 0.37        |
|    visibility_ratio       | 0.696       |
| rollout/                  |             |
|    ep_len_mean            | 549         |
|    ep_rew_mean            | 774         |
| time/                     |             |
|    fps                    | 176         |
|    iterations             | 136         |
|    time_elapsed           | 2370        |
|    total_timesteps        | 417792      |
| train/                    |             |
|    approx_kl              | 0.027026577 |
|    clip_fraction          | 0.238       |
|    clip_range             | 0.2         |
|    entropy_loss           | -2.18       |
|    explained_variance     | 0.769       |
|    learning_rate          | 9.26e-05    |
|    loss                   | -0.0414     |
|    n_updates              | 1350        |
|    policy_gradient_loss   | -0.023      |
|    std                    | 0.721       |
|    value_loss             | 0.0239      |
-------------------------------------------
----------------------------------------
| curriculum/             |            |
|    stage                | 0.66       |
| rollout/                |            |
|    ep_len_mean          | 549        |
|    ep_rew_mean          | 767        |
| time/                   |            |
|    fps                  | 176        |
|    iterations           | 137        |
|    time_elapsed         | 2382       |
|    total_timesteps      | 420864     |
| train/                  |            |
|    approx_kl            | 0.04129409 |
|    clip_fraction        | 0.255      |
|    clip_range           | 0.2        |
|    entropy_loss         | -2.18      |
|    explained_variance   | 0.871      |
|    learning_rate        | 9.11e-05   |
|    loss                 | -0.0546    |
|    n_updates            | 1360       |
|    policy_gradient_loss | -0.0249    |
|    std                  | 0.721      |
|    value_loss           | 0.012      |
----------------------------------------
[Step   423936] SR=0.380 | FracGoal=0.515 | Ret=757.43 | Vis=0.70 | Prog=0.084 | CollEvt=12.52 | Stage=0.66
------------------------------------------
| curriculum/               |            |
|    stage                  | 0.66       |
| research/                 |            |
|    collision_count        | 36.7       |
|    collision_event_count  | 12.5       |
|    curriculum_stage       | 0.66       |
|    episode_length         | 543        |
|    episode_return         | 757        |
|    fraction_at_goal       | 0.515      |
|    reward_collision       | -0.00548   |
|    reward_progress        | 0.0842     |
|    reward_zero_visibility | -0.0117    |
|    stray_count            | 0.09       |
|    success_rate           | 0.38       |
|    visibility_ratio       | 0.696      |
| rollout/                  |            |
|    ep_len_mean            | 543        |
|    ep_rew_mean            | 757        |
| time/                     |            |
|    fps                    | 177        |
|    iterations             | 138        |
|    time_elapsed           | 2392       |
|    total_timesteps        | 423936     |
| train/                    |            |
|    approx_kl              | 0.03740099 |
|    clip_fraction          | 0.251      |
|    clip_range             | 0.2        |
|    entropy_loss           | -2.18      |
|    explained_variance     | 0.868      |
|    learning_rate          | 8.96e-05   |
|    loss                   | -0.0634    |
|    n_updates              | 1370       |
|    policy_gradient_loss   | -0.0188    |
|    std                    | 0.721      |
|    value_loss             | 0.026      |
------------------------------------------
[validation @ 425,136] SR=0.133 | FracGoal=0.212 | MeanDist=4.88 | best=0.378
-----------------------------------------
| curriculum/             |             |
|    stage                | 0.66        |
| rollout/                |             |
|    ep_len_mean          | 548         |
|    ep_rew_mean          | 762         |
| time/                   |             |
|    fps                  | 175         |
|    iterations           | 139         |
|    time_elapsed         | 2439        |
|    total_timesteps      | 427008      |
| train/                  |             |
|    approx_kl            | 0.033906866 |
|    clip_fraction        | 0.227       |
|    clip_range           | 0.2         |
|    entropy_loss         | -2.18       |
|    explained_variance   | 0.753       |
|    learning_rate        | 8.8e-05     |
|    loss                 | -0.0693     |
|    n_updates            | 1380        |
|    policy_gradient_loss | -0.0258     |
|    std                  | 0.72        |
|    value_loss           | 0.0324      |
| validation/             |             |
|    episode_length       | 633         |
|    fraction_at_goal     | 0.212       |
|    mean_dist_to_goal    | 4.88        |
|    success_rate         | 0.133       |
-----------------------------------------
[Step   430080] SR=0.390 | FracGoal=0.519 | Ret=756.84 | Vis=0.69 | Prog=0.083 | CollEvt=11.70 | Stage=0.66
------------------------------------------
| curriculum/               |            |
|    stage                  | 0.66       |
| research/                 |            |
|    collision_count        | 35.5       |
|    collision_event_count  | 11.7       |
|    curriculum_stage       | 0.66       |
|    episode_length         | 543        |
|    episode_return         | 757        |
|    fraction_at_goal       | 0.519      |
|    reward_collision       | -0.00531   |
|    reward_progress        | 0.0828     |
|    reward_zero_visibility | -0.0115    |
|    stray_count            | 0.12       |
|    success_rate           | 0.39       |
|    visibility_ratio       | 0.69       |
| rollout/                  |            |
|    ep_len_mean            | 543        |
|    ep_rew_mean            | 757        |
| time/                     |            |
|    fps                    | 175        |
|    iterations             | 140        |
|    time_elapsed           | 2453       |
|    total_timesteps        | 430080     |
| train/                    |            |
|    approx_kl              | 0.03395209 |
|    clip_fraction          | 0.215      |
|    clip_range             | 0.2        |
|    entropy_loss           | -2.18      |
|    explained_variance     | 0.703      |
|    learning_rate          | 8.65e-05   |
|    loss                   | -0.064     |
|    n_updates              | 1390       |
|    policy_gradient_loss   | -0.0265    |
|    std                    | 0.72       |
|    value_loss             | 0.0233     |
------------------------------------------
----------------------------------------
| curriculum/             |            |
|    stage                | 0.66       |
| rollout/                |            |
|    ep_len_mean          | 542        |
|    ep_rew_mean          | 761        |
| time/                   |            |
|    fps                  | 175        |
|    iterations           | 141        |
|    time_elapsed         | 2468       |
|    total_timesteps      | 433152     |
| train/                  |            |
|    approx_kl            | 0.03405323 |
|    clip_fraction        | 0.241      |
|    clip_range           | 0.2        |
|    entropy_loss         | -2.18      |
|    explained_variance   | 0.787      |
|    learning_rate        | 8.5e-05    |
|    loss                 | -0.0675    |
|    n_updates            | 1400       |
|    policy_gradient_loss | -0.027     |
|    std                  | 0.72       |
|    value_loss           | 0.0121     |
----------------------------------------
[Step   436224] SR=0.400 | FracGoal=0.537 | Ret=752.19 | Vis=0.69 | Prog=0.085 | CollEvt=12.41 | Stage=0.66
-------------------------------------------
| curriculum/               |             |
|    stage                  | 0.66        |
| research/                 |             |
|    collision_count        | 32.3        |
|    collision_event_count  | 12.4        |
|    curriculum_stage       | 0.66        |
|    episode_length         | 537         |
|    episode_return         | 752         |
|    fraction_at_goal       | 0.537       |
|    reward_collision       | -0.00531    |
|    reward_progress        | 0.0851      |
|    reward_zero_visibility | -0.00998    |
|    stray_count            | 0.12        |
|    success_rate           | 0.4         |
|    visibility_ratio       | 0.686       |
| rollout/                  |             |
|    ep_len_mean            | 537         |
|    ep_rew_mean            | 752         |
| time/                     |             |
|    fps                    | 175         |
|    iterations             | 142         |
|    time_elapsed           | 2482        |
|    total_timesteps        | 436224      |
| train/                    |             |
|    approx_kl              | 0.035788357 |
|    clip_fraction          | 0.251       |
|    clip_range             | 0.2         |
|    entropy_loss           | -2.18       |
|    explained_variance     | 0.799       |
|    learning_rate          | 8.34e-05    |
|    loss                   | -0.0519     |
|    n_updates              | 1410        |
|    policy_gradient_loss   | -0.032      |
|    std                    | 0.72        |
|    value_loss             | 0.0163      |
-------------------------------------------
-----------------------------------------
| curriculum/             |             |
|    stage                | 0.66        |
| rollout/                |             |
|    ep_len_mean          | 535         |
|    ep_rew_mean          | 750         |
| time/                   |             |
|    fps                  | 175         |
|    iterations           | 143         |
|    time_elapsed         | 2498        |
|    total_timesteps      | 439296      |
| train/                  |             |
|    approx_kl            | 0.038436513 |
|    clip_fraction        | 0.236       |
|    clip_range           | 0.2         |
|    entropy_loss         | -2.18       |
|    explained_variance   | 0.882       |
|    learning_rate        | 8.19e-05    |
|    loss                 | -0.0772     |
|    n_updates            | 1420        |
|    policy_gradient_loss | -0.0305     |
|    std                  | 0.719       |
|    value_loss           | 0.0173      |
-----------------------------------------
[Step   442368] SR=0.390 | FracGoal=0.520 | Ret=756.47 | Vis=0.69 | Prog=0.085 | CollEvt=12.67 | Stage=0.66
-----------------------------------------
| curriculum/               |           |
|    stage                  | 0.66      |
| research/                 |           |
|    collision_count        | 34.5      |
|    collision_event_count  | 12.7      |
|    curriculum_stage       | 0.66      |
|    episode_length         | 539       |
|    episode_return         | 756       |
|    fraction_at_goal       | 0.52      |
|    reward_collision       | -0.00522  |
|    reward_progress        | 0.0852    |
|    reward_zero_visibility | -0.00854  |
|    stray_count            | 0.12      |
|    success_rate           | 0.39      |
|    visibility_ratio       | 0.687     |
| rollout/                  |           |
|    ep_len_mean            | 539       |
|    ep_rew_mean            | 756       |
| time/                     |           |
|    fps                    | 176       |
|    iterations             | 144       |
|    time_elapsed           | 2508      |
|    total_timesteps        | 442368    |
| train/                    |           |
|    approx_kl              | 0.0330769 |
|    clip_fraction          | 0.218     |
|    clip_range             | 0.2       |
|    entropy_loss           | -2.17     |
|    explained_variance     | 0.902     |
|    learning_rate          | 8.04e-05  |
|    loss                   | -0.0324   |
|    n_updates              | 1430      |
|    policy_gradient_loss   | -0.0238   |
|    std                    | 0.718     |
|    value_loss             | 0.0177    |
-----------------------------------------
Adaptive curriculum fell back to stage 0.33 at timestep 444,720
-----------------------------------------
| curriculum/             |             |
|    stage                | 0.33        |
| rollout/                |             |
|    ep_len_mean          | 547         |
|    ep_rew_mean          | 759         |
| time/                   |             |
|    fps                  | 176         |
|    iterations           | 145         |
|    time_elapsed         | 2525        |
|    total_timesteps      | 445440      |
| train/                  |             |
|    approx_kl            | 0.035089944 |
|    clip_fraction        | 0.215       |
|    clip_range           | 0.2         |
|    entropy_loss         | -2.17       |
|    explained_variance   | 0.856       |
|    learning_rate        | 7.88e-05    |
|    loss                 | -0.063      |
|    n_updates            | 1440        |
|    policy_gradient_loss | -0.0371     |
|    std                  | 0.717       |
|    value_loss           | 0.0261      |
-----------------------------------------
[Step   448512] SR=0.400 | FracGoal=0.523 | Ret=746.98 | Vis=0.67 | Prog=0.078 | CollEvt=14.24 | Stage=0.46
-------------------------------------------
| curriculum/               |             |
|    stage                  | 0.33        |
| research/                 |             |
|    collision_count        | 41.5        |
|    collision_event_count  | 14.2        |
|    curriculum_stage       | 0.462       |
|    episode_length         | 541         |
|    episode_return         | 747         |
|    fraction_at_goal       | 0.523       |
|    reward_collision       | -0.00627    |
|    reward_progress        | 0.0775      |
|    reward_zero_visibility | -0.0122     |
|    stray_count            | 0.19        |
|    success_rate           | 0.4         |
|    visibility_ratio       | 0.668       |
| rollout/                  |             |
|    ep_len_mean            | 541         |
|    ep_rew_mean            | 747         |
| time/                     |             |
|    fps                    | 176         |
|    iterations             | 146         |
|    time_elapsed           | 2540        |
|    total_timesteps        | 448512      |
| train/                    |             |
|    approx_kl              | 0.030970199 |
|    clip_fraction          | 0.22        |
|    clip_range             | 0.2         |
|    entropy_loss           | -2.17       |
|    explained_variance     | 0.852       |
|    learning_rate          | 7.73e-05    |
|    loss                   | -0.0787     |
|    n_updates              | 1450        |
|    policy_gradient_loss   | -0.0371     |
|    std                    | 0.716       |
|    value_loss             | 0.0172      |
-------------------------------------------
[validation @ 450,144] SR=0.233 | FracGoal=0.309 | MeanDist=4.02 | best=0.378
----------------------------------------
| curriculum/             |            |
|    stage                | 0.33       |
| rollout/                |            |
|    ep_len_mean          | 545        |
|    ep_rew_mean          | 750        |
| time/                   |            |
|    fps                  | 174        |
|    iterations           | 147        |
|    time_elapsed         | 2584       |
|    total_timesteps      | 451584     |
| train/                  |            |
|    approx_kl            | 0.04002902 |
|    clip_fraction        | 0.218      |
|    clip_range           | 0.2        |
|    entropy_loss         | -2.17      |
|    explained_variance   | 0.83       |
|    learning_rate        | 7.57e-05   |
|    loss                 | -0.068     |
|    n_updates            | 1460       |
|    policy_gradient_loss | -0.0347    |
|    std                  | 0.717      |
|    value_loss           | 0.0245     |
| validation/             |            |
|    episode_length       | 589        |
|    fraction_at_goal     | 0.309      |
|    mean_dist_to_goal    | 4.02       |
|    success_rate         | 0.233      |
----------------------------------------
[Step   454656] SR=0.370 | FracGoal=0.497 | Ret=770.79 | Vis=0.66 | Prog=0.068 | CollEvt=15.33 | Stage=0.33
-------------------------------------------
| curriculum/               |             |
|    stage                  | 0.33        |
| research/                 |             |
|    collision_count        | 45.2        |
|    collision_event_count  | 15.3        |
|    curriculum_stage       | 0.33        |
|    episode_length         | 561         |
|    episode_return         | 771         |
|    fraction_at_goal       | 0.497       |
|    reward_collision       | -0.00658    |
|    reward_progress        | 0.0681      |
|    reward_zero_visibility | -0.011      |
|    stray_count            | 0.2         |
|    success_rate           | 0.37        |
|    visibility_ratio       | 0.664       |
| rollout/                  |             |
|    ep_len_mean            | 561         |
|    ep_rew_mean            | 771         |
| time/                     |             |
|    fps                    | 174         |
|    iterations             | 148         |
|    time_elapsed           | 2601        |
|    total_timesteps        | 454656      |
| train/                    |             |
|    approx_kl              | 0.037216086 |
|    clip_fraction          | 0.222       |
|    clip_range             | 0.2         |
|    entropy_loss           | -2.17       |
|    explained_variance     | 0.881       |
|    learning_rate          | 7.42e-05    |
|    loss                   | -0.0882     |
|    n_updates              | 1470        |
|    policy_gradient_loss   | -0.0283     |
|    std                    | 0.716       |
|    value_loss             | 0.0199      |
-------------------------------------------
-----------------------------------------
| curriculum/             |             |
|    stage                | 0.33        |
| rollout/                |             |
|    ep_len_mean          | 566         |
|    ep_rew_mean          | 775         |
| time/                   |             |
|    fps                  | 174         |
|    iterations           | 149         |
|    time_elapsed         | 2616        |
|    total_timesteps      | 457728      |
| train/                  |             |
|    approx_kl            | 0.027677039 |
|    clip_fraction        | 0.196       |
|    clip_range           | 0.2         |
|    entropy_loss         | -2.17       |
|    explained_variance   | 0.901       |
|    learning_rate        | 7.27e-05    |
|    loss                 | -0.0507     |
|    n_updates            | 1480        |
|    policy_gradient_loss | -0.0252     |
|    std                  | 0.715       |
|    value_loss           | 0.0121      |
-----------------------------------------
[Step   460800] SR=0.340 | FracGoal=0.471 | Ret=778.97 | Vis=0.66 | Prog=0.067 | CollEvt=16.40 | Stage=0.33
-------------------------------------------
| curriculum/               |             |
|    stage                  | 0.33        |
| research/                 |             |
|    collision_count        | 49.2        |
|    collision_event_count  | 16.4        |
|    curriculum_stage       | 0.33        |
|    episode_length         | 569         |
|    episode_return         | 779         |
|    fraction_at_goal       | 0.471       |
|    reward_collision       | -0.00711    |
|    reward_progress        | 0.0666      |
|    reward_zero_visibility | -0.0113     |
|    stray_count            | 0.2         |
|    success_rate           | 0.34        |
|    visibility_ratio       | 0.658       |
| rollout/                  |             |
|    ep_len_mean            | 569         |
|    ep_rew_mean            | 779         |
| time/                     |             |
|    fps                    | 175         |
|    iterations             | 150         |
|    time_elapsed           | 2628        |
|    total_timesteps        | 460800      |
| train/                    |             |
|    approx_kl              | 0.030650955 |
|    clip_fraction          | 0.218       |
|    clip_range             | 0.2         |
|    entropy_loss           | -2.16       |
|    explained_variance     | 0.92        |
|    learning_rate          | 7.11e-05    |
|    loss                   | -0.0662     |
|    n_updates              | 1490        |
|    policy_gradient_loss   | -0.0339     |
|    std                    | 0.714       |
|    value_loss             | 0.00932     |
-------------------------------------------
-----------------------------------------
| curriculum/             |             |
|    stage                | 0.33        |
| rollout/                |             |
|    ep_len_mean          | 568         |
|    ep_rew_mean          | 776         |
| time/                   |             |
|    fps                  | 175         |
|    iterations           | 151         |
|    time_elapsed         | 2642        |
|    total_timesteps      | 463872      |
| train/                  |             |
|    approx_kl            | 0.021036506 |
|    clip_fraction        | 0.181       |
|    clip_range           | 0.2         |
|    entropy_loss         | -2.16       |
|    explained_variance   | 0.871       |
|    learning_rate        | 6.96e-05    |
|    loss                 | -0.03       |
|    n_updates            | 1500        |
|    policy_gradient_loss | -0.0256     |
|    std                  | 0.713       |
|    value_loss           | 0.0153      |
-----------------------------------------
[Step   466944] SR=0.350 | FracGoal=0.473 | Ret=767.47 | Vis=0.67 | Prog=0.070 | CollEvt=15.19 | Stage=0.33
-------------------------------------------
| curriculum/               |             |
|    stage                  | 0.33        |
| research/                 |             |
|    collision_count        | 47          |
|    collision_event_count  | 15.2        |
|    curriculum_stage       | 0.33        |
|    episode_length         | 561         |
|    episode_return         | 767         |
|    fraction_at_goal       | 0.473       |
|    reward_collision       | -0.0069     |
|    reward_progress        | 0.0699      |
|    reward_zero_visibility | -0.0124     |
|    stray_count            | 0.19        |
|    success_rate           | 0.35        |
|    visibility_ratio       | 0.666       |
| rollout/                  |             |
|    ep_len_mean            | 561         |
|    ep_rew_mean            | 767         |
| time/                     |             |
|    fps                    | 175         |
|    iterations             | 152         |
|    time_elapsed           | 2656        |
|    total_timesteps        | 466944      |
| train/                    |             |
|    approx_kl              | 0.027705587 |
|    clip_fraction          | 0.21        |
|    clip_range             | 0.2         |
|    entropy_loss           | -2.16       |
|    explained_variance     | 0.862       |
|    learning_rate          | 6.81e-05    |
|    loss                   | -0.0466     |
|    n_updates              | 1510        |
|    policy_gradient_loss   | -0.0238     |
|    std                    | 0.712       |
|    value_loss             | 0.0118      |
-------------------------------------------
-----------------------------------------
| curriculum/             |             |
|    stage                | 0.33        |
| rollout/                |             |
|    ep_len_mean          | 568         |
|    ep_rew_mean          | 773         |
| time/                   |             |
|    fps                  | 175         |
|    iterations           | 153         |
|    time_elapsed         | 2672        |
|    total_timesteps      | 470016      |
| train/                  |             |
|    approx_kl            | 0.027037606 |
|    clip_fraction        | 0.178       |
|    clip_range           | 0.2         |
|    entropy_loss         | -2.16       |
|    explained_variance   | 0.833       |
|    learning_rate        | 6.65e-05    |
|    loss                 | -0.0503     |
|    n_updates            | 1520        |
|    policy_gradient_loss | -0.0223     |
|    std                  | 0.712       |
|    value_loss           | 0.0416      |
-----------------------------------------
[Step   473088] SR=0.320 | FracGoal=0.439 | Ret=769.61 | Vis=0.68 | Prog=0.066 | CollEvt=15.04 | Stage=0.33
-------------------------------------------
| curriculum/               |             |
|    stage                  | 0.33        |
| research/                 |             |
|    collision_count        | 40.3        |
|    collision_event_count  | 15          |
|    curriculum_stage       | 0.33        |
|    episode_length         | 567         |
|    episode_return         | 770         |
|    fraction_at_goal       | 0.439       |
|    reward_collision       | -0.00658    |
|    reward_progress        | 0.0664      |
|    reward_zero_visibility | -0.0114     |
|    stray_count            | 0.24        |
|    success_rate           | 0.32        |
|    visibility_ratio       | 0.675       |
| rollout/                  |             |
|    ep_len_mean            | 567         |
|    ep_rew_mean            | 770         |
| time/                     |             |
|    fps                    | 176         |
|    iterations             | 154         |
|    time_elapsed           | 2686        |
|    total_timesteps        | 473088      |
| train/                    |             |
|    approx_kl              | 0.028362537 |
|    clip_fraction          | 0.209       |
|    clip_range             | 0.2         |
|    entropy_loss           | -2.15       |
|    explained_variance     | 0.893       |
|    learning_rate          | 6.5e-05     |
|    loss                   | -0.0555     |
|    n_updates              | 1530        |
|    policy_gradient_loss   | -0.0304     |
|    std                    | 0.71        |
|    value_loss             | 0.0142      |
-------------------------------------------
[validation @ 475,152] SR=0.200 | FracGoal=0.318 | MeanDist=3.89 | best=0.378
---------------------------------------
| curriculum/             |           |
|    stage                | 0.33      |
| rollout/                |           |
|    ep_len_mean          | 555       |
|    ep_rew_mean          | 762       |
| time/                   |           |
|    fps                  | 174       |
|    iterations           | 155       |
|    time_elapsed         | 2726      |
|    total_timesteps      | 476160    |
| train/                  |           |
|    approx_kl            | 0.0409284 |
|    clip_fraction        | 0.21      |
|    clip_range           | 0.2       |
|    entropy_loss         | -2.15     |
|    explained_variance   | 0.905     |
|    learning_rate        | 6.35e-05  |
|    loss                 | -0.00401  |
|    n_updates            | 1540      |
|    policy_gradient_loss | -0.02     |
|    std                  | 0.711     |
|    value_loss           | 0.0146    |
| validation/             |           |
|    episode_length       | 631       |
|    fraction_at_goal     | 0.318     |
|    mean_dist_to_goal    | 3.89      |
|    success_rate         | 0.2       |
---------------------------------------
[Step   479232] SR=0.330 | FracGoal=0.439 | Ret=769.16 | Vis=0.68 | Prog=0.068 | CollEvt=16.23 | Stage=0.33
-------------------------------------------
| curriculum/               |             |
|    stage                  | 0.33        |
| research/                 |             |
|    collision_count        | 44.6        |
|    collision_event_count  | 16.2        |
|    curriculum_stage       | 0.33        |
|    episode_length         | 559         |
|    episode_return         | 769         |
|    fraction_at_goal       | 0.439       |
|    reward_collision       | -0.00722    |
|    reward_progress        | 0.0683      |
|    reward_zero_visibility | -0.00785    |
|    stray_count            | 0.2         |
|    success_rate           | 0.33        |
|    visibility_ratio       | 0.684       |
| rollout/                  |             |
|    ep_len_mean            | 559         |
|    ep_rew_mean            | 769         |
| time/                     |             |
|    fps                    | 174         |
|    iterations             | 156         |
|    time_elapsed           | 2740        |
|    total_timesteps        | 479232      |
| train/                    |             |
|    approx_kl              | 0.035369575 |
|    clip_fraction          | 0.218       |
|    clip_range             | 0.2         |
|    entropy_loss           | -2.15       |
|    explained_variance     | 0.878       |
|    learning_rate          | 6.19e-05    |
|    loss                   | -0.0474     |
|    n_updates              | 1550        |
|    policy_gradient_loss   | -0.0293     |
|    std                    | 0.711       |
|    value_loss             | 0.0252      |
-------------------------------------------
-----------------------------------------
| curriculum/             |             |
|    stage                | 0.33        |
| rollout/                |             |
|    ep_len_mean          | 536         |
|    ep_rew_mean          | 741         |
| time/                   |             |
|    fps                  | 174         |
|    iterations           | 157         |
|    time_elapsed         | 2756        |
|    total_timesteps      | 482304      |
| train/                  |             |
|    approx_kl            | 0.031617273 |
|    clip_fraction        | 0.213       |
|    clip_range           | 0.2         |
|    entropy_loss         | -2.15       |
|    explained_variance   | 0.858       |
|    learning_rate        | 6.04e-05    |
|    loss                 | -0.0555     |
|    n_updates            | 1560        |
|    policy_gradient_loss | -0.032      |
|    std                  | 0.711       |
|    value_loss           | 0.0149      |
-----------------------------------------
[Step   485376] SR=0.380 | FracGoal=0.470 | Ret=733.70 | Vis=0.70 | Prog=0.077 | CollEvt=15.89 | Stage=0.33
-------------------------------------------
| curriculum/               |             |
|    stage                  | 0.33        |
| research/                 |             |
|    collision_count        | 45.5        |
|    collision_event_count  | 15.9        |
|    curriculum_stage       | 0.33        |
|    episode_length         | 532         |
|    episode_return         | 734         |
|    fraction_at_goal       | 0.47        |
|    reward_collision       | -0.00724    |
|    reward_progress        | 0.0773      |
|    reward_zero_visibility | -0.00793    |
|    stray_count            | 0.17        |
|    success_rate           | 0.38        |
|    visibility_ratio       | 0.702       |
| rollout/                  |             |
|    ep_len_mean            | 532         |
|    ep_rew_mean            | 734         |
| time/                     |             |
|    fps                    | 174         |
|    iterations             | 158         |
|    time_elapsed           | 2775        |
|    total_timesteps        | 485376      |
| train/                    |             |
|    approx_kl              | 0.023141216 |
|    clip_fraction          | 0.189       |
|    clip_range             | 0.2         |
|    entropy_loss           | -2.15       |
|    explained_variance     | 0.769       |
|    learning_rate          | 5.88e-05    |
|    loss                   | 0.00407     |
|    n_updates              | 1570        |
|    policy_gradient_loss   | -0.0243     |
|    std                    | 0.711       |
|    value_loss             | 0.0534      |
-------------------------------------------
-----------------------------------------
| curriculum/             |             |
|    stage                | 0.33        |
| rollout/                |             |
|    ep_len_mean          | 530         |
|    ep_rew_mean          | 735         |
| time/                   |             |
|    fps                  | 174         |
|    iterations           | 159         |
|    time_elapsed         | 2791        |
|    total_timesteps      | 488448      |
| train/                  |             |
|    approx_kl            | 0.028499063 |
|    clip_fraction        | 0.206       |
|    clip_range           | 0.2         |
|    entropy_loss         | -2.15       |
|    explained_variance   | 0.884       |
|    learning_rate        | 5.73e-05    |
|    loss                 | -0.0808     |
|    n_updates            | 1580        |
|    policy_gradient_loss | -0.0308     |
|    std                  | 0.71        |
|    value_loss           | 0.0243      |
-----------------------------------------
Adaptive curriculum advanced to stage 0.66 at timestep 488,904
[Step   491520] SR=0.420 | FracGoal=0.498 | Ret=742.35 | Vis=0.70 | Prog=0.074 | CollEvt=15.13 | Stage=0.53
-------------------------------------------
| curriculum/               |             |
|    stage                  | 0.66        |
| research/                 |             |
|    collision_count        | 43.2        |
|    collision_event_count  | 15.1        |
|    curriculum_stage       | 0.528       |
|    episode_length         | 534         |
|    episode_return         | 742         |
|    fraction_at_goal       | 0.498       |
|    reward_collision       | -0.0069     |
|    reward_progress        | 0.0743      |
|    reward_zero_visibility | -0.00775    |
|    stray_count            | 0.16        |
|    success_rate           | 0.42        |
|    visibility_ratio       | 0.702       |
| rollout/                  |             |
|    ep_len_mean            | 534         |
|    ep_rew_mean            | 742         |
| time/                     |             |
|    fps                    | 175         |
|    iterations             | 160         |
|    time_elapsed           | 2802        |
|    total_timesteps        | 491520      |
| train/                    |             |
|    approx_kl              | 0.017845292 |
|    clip_fraction          | 0.141       |
|    clip_range             | 0.2         |
|    entropy_loss           | -2.15       |
|    explained_variance     | 0.861       |
|    learning_rate          | 5.58e-05    |
|    loss                   | -0.0202     |
|    n_updates              | 1590        |
|    policy_gradient_loss   | -0.0199     |
|    std                    | 0.709       |
|    value_loss             | 0.0264      |
-------------------------------------------
-----------------------------------------
| curriculum/             |             |
|    stage                | 0.66        |
| rollout/                |             |
|    ep_len_mean          | 534         |
|    ep_rew_mean          | 741         |
| time/                   |             |
|    fps                  | 175         |
|    iterations           | 161         |
|    time_elapsed         | 2818        |
|    total_timesteps      | 494592      |
| train/                  |             |
|    approx_kl            | 0.023922589 |
|    clip_fraction        | 0.167       |
|    clip_range           | 0.2         |
|    entropy_loss         | -2.15       |
|    explained_variance   | 0.87        |
|    learning_rate        | 5.42e-05    |
|    loss                 | -0.0677     |
|    n_updates            | 1600        |
|    policy_gradient_loss | -0.0319     |
|    std                  | 0.708       |
|    value_loss           | 0.032       |
-----------------------------------------
[Step   497664] SR=0.440 | FracGoal=0.520 | Ret=743.27 | Vis=0.71 | Prog=0.075 | CollEvt=14.62 | Stage=0.66
-------------------------------------------
| curriculum/               |             |
|    stage                  | 0.66        |
| research/                 |             |
|    collision_count        | 40.9        |
|    collision_event_count  | 14.6        |
|    curriculum_stage       | 0.66        |
|    episode_length         | 529         |
|    episode_return         | 743         |
|    fraction_at_goal       | 0.52        |
|    reward_collision       | -0.00671    |
|    reward_progress        | 0.0753      |
|    reward_zero_visibility | -0.00609    |
|    stray_count            | 0.17        |
|    success_rate           | 0.44        |
|    visibility_ratio       | 0.709       |
| rollout/                  |             |
|    ep_len_mean            | 529         |
|    ep_rew_mean            | 743         |
| time/                     |             |
|    fps                    | 175         |
|    iterations             | 162         |
|    time_elapsed           | 2828        |
|    total_timesteps        | 497664      |
| train/                    |             |
|    approx_kl              | 0.025276346 |
|    clip_fraction          | 0.194       |
|    clip_range             | 0.2         |
|    entropy_loss           | -2.15       |
|    explained_variance     | 0.866       |
|    learning_rate          | 5.27e-05    |
|    loss                   | -0.0749     |
|    n_updates              | 1610        |
|    policy_gradient_loss   | -0.0273     |
|    std                    | 0.707       |
|    value_loss             | 0.0177      |
-------------------------------------------
[validation @ 500,160] SR=0.200 | FracGoal=0.268 | MeanDist=4.21 | best=0.378
----------------------------------------
| curriculum/             |            |
|    stage                | 0.66       |
| rollout/                |            |
|    ep_len_mean          | 538        |
|    ep_rew_mean          | 755        |
| time/                   |            |
|    fps                  | 174        |
|    iterations           | 163        |
|    time_elapsed         | 2869       |
|    total_timesteps      | 500736     |
| train/                  |            |
|    approx_kl            | 0.02399971 |
|    clip_fraction        | 0.174      |
|    clip_range           | 0.2        |
|    entropy_loss         | -2.14      |
|    explained_variance   | 0.868      |
|    learning_rate        | 5.12e-05   |
|    loss                 | -0.0426    |
|    n_updates            | 1620       |
|    policy_gradient_loss | -0.0242    |
|    std                  | 0.707      |
|    value_loss           | 0.018      |
| validation/             |            |
|    episode_length       | 619        |
|    fraction_at_goal     | 0.268      |
|    mean_dist_to_goal    | 4.21       |
|    success_rate         | 0.2        |
----------------------------------------
[Step   503808] SR=0.400 | FracGoal=0.478 | Ret=762.17 | Vis=0.71 | Prog=0.072 | CollEvt=14.51 | Stage=0.66
------------------------------------------
| curriculum/               |            |
|    stage                  | 0.66       |
| research/                 |            |
|    collision_count        | 49.2       |
|    collision_event_count  | 14.5       |
|    curriculum_stage       | 0.66       |
|    episode_length         | 544        |
|    episode_return         | 762        |
|    fraction_at_goal       | 0.478      |
|    reward_collision       | -0.0067    |
|    reward_progress        | 0.0716     |
|    reward_zero_visibility | -0.00831   |
|    stray_count            | 0.09       |
|    success_rate           | 0.4        |
|    visibility_ratio       | 0.711      |
| rollout/                  |            |
|    ep_len_mean            | 544        |
|    ep_rew_mean            | 762        |
| time/                     |            |
|    fps                    | 174        |
|    iterations             | 164        |
|    time_elapsed           | 2883       |
|    total_timesteps        | 503808     |
| train/                    |            |
|    approx_kl              | 0.02146709 |
|    clip_fraction          | 0.186      |
|    clip_range             | 0.2        |
|    entropy_loss           | -2.14      |
|    explained_variance     | 0.945      |
|    learning_rate          | 4.96e-05   |
|    loss                   | -0.0347    |
|    n_updates              | 1630       |
|    policy_gradient_loss   | -0.029     |
|    std                    | 0.707      |
|    value_loss             | 0.0127     |
------------------------------------------
-----------------------------------------
| curriculum/             |             |
|    stage                | 0.66        |
| rollout/                |             |
|    ep_len_mean          | 549         |
|    ep_rew_mean          | 765         |
| time/                   |             |
|    fps                  | 175         |
|    iterations           | 165         |
|    time_elapsed         | 2893        |
|    total_timesteps      | 506880      |
| train/                  |             |
|    approx_kl            | 0.018750725 |
|    clip_fraction        | 0.171       |
|    clip_range           | 0.2         |
|    entropy_loss         | -2.14       |
|    explained_variance   | 0.91        |
|    learning_rate        | 4.81e-05    |
|    loss                 | -0.0308     |
|    n_updates            | 1640        |
|    policy_gradient_loss | -0.0221     |
|    std                  | 0.706       |
|    value_loss           | 0.0156      |
-----------------------------------------
[Step   509952] SR=0.380 | FracGoal=0.469 | Ret=766.67 | Vis=0.71 | Prog=0.071 | CollEvt=13.93 | Stage=0.66
-------------------------------------------
| curriculum/               |             |
|    stage                  | 0.66        |
| research/                 |             |
|    collision_count        | 47.9        |
|    collision_event_count  | 13.9        |
|    curriculum_stage       | 0.66        |
|    episode_length         | 551         |
|    episode_return         | 767         |
|    fraction_at_goal       | 0.469       |
|    reward_collision       | -0.00652    |
|    reward_progress        | 0.0707      |
|    reward_zero_visibility | -0.0103     |
|    stray_count            | 0.12        |
|    success_rate           | 0.38        |
|    visibility_ratio       | 0.708       |
| rollout/                  |             |
|    ep_len_mean            | 551         |
|    ep_rew_mean            | 767         |
| time/                     |             |
|    fps                    | 175         |
|    iterations             | 166         |
|    time_elapsed           | 2908        |
|    total_timesteps        | 509952      |
| train/                    |             |
|    approx_kl              | 0.023333158 |
|    clip_fraction          | 0.166       |
|    clip_range             | 0.2         |
|    entropy_loss           | -2.14       |
|    explained_variance     | 0.898       |
|    learning_rate          | 4.66e-05    |
|    loss                   | -0.0513     |
|    n_updates              | 1650        |
|    policy_gradient_loss   | -0.0303     |
|    std                    | 0.705       |
|    value_loss             | 0.0141      |
-------------------------------------------
----------------------------------------
| curriculum/             |            |
|    stage                | 0.66       |
| rollout/                |            |
|    ep_len_mean          | 544        |
|    ep_rew_mean          | 753        |
| time/                   |            |
|    fps                  | 175        |
|    iterations           | 167        |
|    time_elapsed         | 2920       |
|    total_timesteps      | 513024     |
| train/                  |            |
|    approx_kl            | 0.02222624 |
|    clip_fraction        | 0.176      |
|    clip_range           | 0.2        |
|    entropy_loss         | -2.14      |
|    explained_variance   | 0.915      |
|    learning_rate        | 4.5e-05    |
|    loss                 | -0.0894    |
|    n_updates            | 1660       |
|    policy_gradient_loss | -0.031     |
|    std                  | 0.705      |
|    value_loss           | 0.0109     |
----------------------------------------
Adaptive curriculum fell back to stage 0.33 at timestep 513,912
[Step   516096] SR=0.380 | FracGoal=0.459 | Ret=755.38 | Vis=0.70 | Prog=0.073 | CollEvt=13.09 | Stage=0.53
-------------------------------------------
| curriculum/               |             |
|    stage                  | 0.33        |
| research/                 |             |
|    collision_count        | 51.7        |
|    collision_event_count  | 13.1        |
|    curriculum_stage       | 0.528       |
|    episode_length         | 547         |
|    episode_return         | 755         |
|    fraction_at_goal       | 0.459       |
|    reward_collision       | -0.00633    |
|    reward_progress        | 0.0732      |
|    reward_zero_visibility | -0.0128     |
|    stray_count            | 0.14        |
|    success_rate           | 0.38        |
|    visibility_ratio       | 0.704       |
| rollout/                  |             |
|    ep_len_mean            | 547         |
|    ep_rew_mean            | 755         |
| time/                     |             |
|    fps                    | 175         |
|    iterations             | 168         |
|    time_elapsed           | 2935        |
|    total_timesteps        | 516096      |
| train/                    |             |
|    approx_kl              | 0.020325169 |
|    clip_fraction          | 0.154       |
|    clip_range             | 0.2         |
|    entropy_loss           | -2.14       |
|    explained_variance     | 0.795       |
|    learning_rate          | 4.35e-05    |
|    loss                   | -0.0211     |
|    n_updates              | 1670        |
|    policy_gradient_loss   | -0.0291     |
|    std                    | 0.704       |
|    value_loss             | 0.0336      |
-------------------------------------------
-----------------------------------------
| curriculum/             |             |
|    stage                | 0.33        |
| rollout/                |             |
|    ep_len_mean          | 552         |
|    ep_rew_mean          | 761         |
| time/                   |             |
|    fps                  | 176         |
|    iterations           | 169         |
|    time_elapsed         | 2948        |
|    total_timesteps      | 519168      |
| train/                  |             |
|    approx_kl            | 0.016695831 |
|    clip_fraction        | 0.141       |
|    clip_range           | 0.2         |
|    entropy_loss         | -2.14       |
|    explained_variance   | 0.874       |
|    learning_rate        | 4.2e-05     |
|    loss                 | -0.0507     |
|    n_updates            | 1680        |
|    policy_gradient_loss | -0.0248     |
|    std                  | 0.704       |
|    value_loss           | 0.016       |
-----------------------------------------
[Step   522240] SR=0.370 | FracGoal=0.458 | Ret=763.08 | Vis=0.71 | Prog=0.073 | CollEvt=14.34 | Stage=0.33
------------------------------------------
| curriculum/               |            |
|    stage                  | 0.33       |
| research/                 |            |
|    collision_count        | 54.7       |
|    collision_event_count  | 14.3       |
|    curriculum_stage       | 0.33       |
|    episode_length         | 555        |
|    episode_return         | 763        |
|    fraction_at_goal       | 0.458      |
|    reward_collision       | -0.0066    |
|    reward_progress        | 0.0728     |
|    reward_zero_visibility | -0.0119    |
|    stray_count            | 0.17       |
|    success_rate           | 0.37       |
|    visibility_ratio       | 0.706      |
| rollout/                  |            |
|    ep_len_mean            | 555        |
|    ep_rew_mean            | 763        |
| time/                     |            |
|    fps                    | 176        |
|    iterations             | 170        |
|    time_elapsed           | 2962       |
|    total_timesteps        | 522240     |
| train/                    |            |
|    approx_kl              | 0.01747474 |
|    clip_fraction          | 0.164      |
|    clip_range             | 0.2        |
|    entropy_loss           | -2.14      |
|    explained_variance     | 0.863      |
|    learning_rate          | 4.04e-05   |
|    loss                   | -0.0448    |
|    n_updates              | 1690       |
|    policy_gradient_loss   | -0.0271    |
|    std                    | 0.704      |
|    value_loss             | 0.0179     |
------------------------------------------
[validation @ 525,168] SR=0.200 | FracGoal=0.304 | MeanDist=4.18 | best=0.378
-----------------------------------------
| curriculum/             |             |
|    stage                | 0.33        |
| rollout/                |             |
|    ep_len_mean          | 555         |
|    ep_rew_mean          | 764         |
| time/                   |             |
|    fps                  | 174         |
|    iterations           | 171         |
|    time_elapsed         | 3009        |
|    total_timesteps      | 525312      |
| train/                  |             |
|    approx_kl            | 0.021005966 |
|    clip_fraction        | 0.135       |
|    clip_range           | 0.2         |
|    entropy_loss         | -2.14       |
|    explained_variance   | 0.671       |
|    learning_rate        | 3.89e-05    |
|    loss                 | -0.0628     |
|    n_updates            | 1700        |
|    policy_gradient_loss | -0.0264     |
|    std                  | 0.704       |
|    value_loss           | 0.0578      |
| validation/             |             |
|    episode_length       | 601         |
|    fraction_at_goal     | 0.304       |
|    mean_dist_to_goal    | 4.18        |
|    success_rate         | 0.2         |
-----------------------------------------
[Step   528384] SR=0.360 | FracGoal=0.452 | Ret=767.80 | Vis=0.70 | Prog=0.073 | CollEvt=14.45 | Stage=0.33
-------------------------------------------
| curriculum/               |             |
|    stage                  | 0.33        |
| research/                 |             |
|    collision_count        | 55.9        |
|    collision_event_count  | 14.4        |
|    curriculum_stage       | 0.33        |
|    episode_length         | 560         |
|    episode_return         | 768         |
|    fraction_at_goal       | 0.452       |
|    reward_collision       | -0.00667    |
|    reward_progress        | 0.0727      |
|    reward_zero_visibility | -0.012      |
|    stray_count            | 0.15        |
|    success_rate           | 0.36        |
|    visibility_ratio       | 0.702       |
| rollout/                  |             |
|    ep_len_mean            | 560         |
|    ep_rew_mean            | 768         |
| time/                     |             |
|    fps                    | 174         |
|    iterations             | 172         |
|    time_elapsed           | 3021        |
|    total_timesteps        | 528384      |
| train/                    |             |
|    approx_kl              | 0.019530278 |
|    clip_fraction          | 0.152       |
|    clip_range             | 0.2         |
|    entropy_loss           | -2.14       |
|    explained_variance     | 0.926       |
|    learning_rate          | 3.73e-05    |
|    loss                   | -0.0756     |
|    n_updates              | 1710        |
|    policy_gradient_loss   | -0.029      |
|    std                    | 0.704       |
|    value_loss             | 0.00426     |
-------------------------------------------
-----------------------------------------
| curriculum/             |             |
|    stage                | 0.33        |
| rollout/                |             |
|    ep_len_mean          | 564         |
|    ep_rew_mean          | 777         |
| time/                   |             |
|    fps                  | 175         |
|    iterations           | 173         |
|    time_elapsed         | 3029        |
|    total_timesteps      | 531456      |
| train/                  |             |
|    approx_kl            | 0.015298586 |
|    clip_fraction        | 0.128       |
|    clip_range           | 0.2         |
|    entropy_loss         | -2.13       |
|    explained_variance   | 0.912       |
|    learning_rate        | 3.58e-05    |
|    loss                 | -0.0506     |
|    n_updates            | 1720        |
|    policy_gradient_loss | -0.021      |
|    std                  | 0.703       |
|    value_loss           | 0.00986     |
-----------------------------------------
[Step   534528] SR=0.340 | FracGoal=0.443 | Ret=784.88 | Vis=0.71 | Prog=0.070 | CollEvt=12.28 | Stage=0.33
-------------------------------------------
| curriculum/               |             |
|    stage                  | 0.33        |
| research/                 |             |
|    collision_count        | 48.3        |
|    collision_event_count  | 12.3        |
|    curriculum_stage       | 0.33        |
|    episode_length         | 569         |
|    episode_return         | 785         |
|    fraction_at_goal       | 0.443       |
|    reward_collision       | -0.00557    |
|    reward_progress        | 0.0696      |
|    reward_zero_visibility | -0.0114     |
|    stray_count            | 0.13        |
|    success_rate           | 0.34        |
|    visibility_ratio       | 0.705       |
| rollout/                  |             |
|    ep_len_mean            | 569         |
|    ep_rew_mean            | 785         |
| time/                     |             |
|    fps                    | 175         |
|    iterations             | 174         |
|    time_elapsed           | 3045        |
|    total_timesteps        | 534528      |
| train/                    |             |
|    approx_kl              | 0.015155435 |
|    clip_fraction          | 0.127       |
|    clip_range             | 0.2         |
|    entropy_loss           | -2.13       |
|    explained_variance     | 0.91        |
|    learning_rate          | 3.43e-05    |
|    loss                   | -0.0597     |
|    n_updates              | 1730        |
|    policy_gradient_loss   | -0.0236     |
|    std                    | 0.703       |
|    value_loss             | 0.00746     |
-------------------------------------------
----------------------------------------
| curriculum/             |            |
|    stage                | 0.33       |
| rollout/                |            |
|    ep_len_mean          | 579        |
|    ep_rew_mean          | 797        |
| time/                   |            |
|    fps                  | 175        |
|    iterations           | 175        |
|    time_elapsed         | 3058       |
|    total_timesteps      | 537600     |
| train/                  |            |
|    approx_kl            | 0.01563945 |
|    clip_fraction        | 0.122      |
|    clip_range           | 0.2        |
|    entropy_loss         | -2.13      |
|    explained_variance   | 0.806      |
|    learning_rate        | 3.27e-05   |
|    loss                 | -0.0368    |
|    n_updates            | 1740       |
|    policy_gradient_loss | -0.0265    |
|    std                  | 0.702      |
|    value_loss           | 0.0329     |
----------------------------------------
[Step   540672] SR=0.330 | FracGoal=0.437 | Ret=801.09 | Vis=0.68 | Prog=0.066 | CollEvt=12.59 | Stage=0.33
-------------------------------------------
| curriculum/               |             |
|    stage                  | 0.33        |
| research/                 |             |
|    collision_count        | 48.4        |
|    collision_event_count  | 12.6        |
|    curriculum_stage       | 0.33        |
|    episode_length         | 581         |
|    episode_return         | 801         |
|    fraction_at_goal       | 0.437       |
|    reward_collision       | -0.00564    |
|    reward_progress        | 0.0661      |
|    reward_zero_visibility | -0.012      |
|    stray_count            | 0.12        |
|    success_rate           | 0.33        |
|    visibility_ratio       | 0.682       |
| rollout/                  |             |
|    ep_len_mean            | 581         |
|    ep_rew_mean            | 801         |
| time/                     |             |
|    fps                    | 175         |
|    iterations             | 176         |
|    time_elapsed           | 3075        |
|    total_timesteps        | 540672      |
| train/                    |             |
|    approx_kl              | 0.020160692 |
|    clip_fraction          | 0.127       |
|    clip_range             | 0.2         |
|    entropy_loss           | -2.13       |
|    explained_variance     | 0.821       |
|    learning_rate          | 3.12e-05    |
|    loss                   | -0.0422     |
|    n_updates              | 1750        |
|    policy_gradient_loss   | -0.0255     |
|    std                    | 0.702       |
|    value_loss             | 0.0387      |
-------------------------------------------
-----------------------------------------
| curriculum/             |             |
|    stage                | 0.33        |
| rollout/                |             |
|    ep_len_mean          | 589         |
|    ep_rew_mean          | 811         |
| time/                   |             |
|    fps                  | 176         |
|    iterations           | 177         |
|    time_elapsed         | 3089        |
|    total_timesteps      | 543744      |
| train/                  |             |
|    approx_kl            | 0.014897568 |
|    clip_fraction        | 0.134       |
|    clip_range           | 0.2         |
|    entropy_loss         | -2.13       |
|    explained_variance   | 0.815       |
|    learning_rate        | 2.97e-05    |
|    loss                 | -0.0419     |
|    n_updates            | 1760        |
|    policy_gradient_loss | -0.0228     |
|    std                  | 0.702       |
|    value_loss           | 0.0236      |
-----------------------------------------
[Step   546816] SR=0.290 | FracGoal=0.403 | Ret=812.89 | Vis=0.67 | Prog=0.062 | CollEvt=12.99 | Stage=0.33
-------------------------------------------
| curriculum/               |             |
|    stage                  | 0.33        |
| research/                 |             |
|    collision_count        | 47.9        |
|    collision_event_count  | 13          |
|    curriculum_stage       | 0.33        |
|    episode_length         | 592         |
|    episode_return         | 813         |
|    fraction_at_goal       | 0.403       |
|    reward_collision       | -0.00561    |
|    reward_progress        | 0.0625      |
|    reward_zero_visibility | -0.012      |
|    stray_count            | 0.12        |
|    success_rate           | 0.29        |
|    visibility_ratio       | 0.673       |
| rollout/                  |             |
|    ep_len_mean            | 592         |
|    ep_rew_mean            | 813         |
| time/                     |             |
|    fps                    | 176         |
|    iterations             | 178         |
|    time_elapsed           | 3102        |
|    total_timesteps        | 546816      |
| train/                    |             |
|    approx_kl              | 0.013772156 |
|    clip_fraction          | 0.131       |
|    clip_range             | 0.2         |
|    entropy_loss           | -2.13       |
|    explained_variance     | 0.875       |
|    learning_rate          | 2.81e-05    |
|    loss                   | -0.0601     |
|    n_updates              | 1770        |
|    policy_gradient_loss   | -0.0248     |
|    std                    | 0.701       |
|    value_loss             | 0.0217      |
-------------------------------------------
-----------------------------------------
| curriculum/             |             |
|    stage                | 0.33        |
| rollout/                |             |
|    ep_len_mean          | 594         |
|    ep_rew_mean          | 815         |
| time/                   |             |
|    fps                  | 176         |
|    iterations           | 179         |
|    time_elapsed         | 3115        |
|    total_timesteps      | 549888      |
| train/                  |             |
|    approx_kl            | 0.016087515 |
|    clip_fraction        | 0.156       |
|    clip_range           | 0.2         |
|    entropy_loss         | -2.13       |
|    explained_variance   | 0.915       |
|    learning_rate        | 2.66e-05    |
|    loss                 | -0.0469     |
|    n_updates            | 1780        |
|    policy_gradient_loss | -0.0267     |
|    std                  | 0.701       |
|    value_loss           | 0.0158      |
-----------------------------------------
[validation @ 550,176] SR=0.167 | FracGoal=0.227 | MeanDist=4.47 | best=0.378
[Step   552960] SR=0.260 | FracGoal=0.388 | Ret=817.24 | Vis=0.68 | Prog=0.065 | CollEvt=15.30 | Stage=0.33
-------------------------------------------
| curriculum/               |             |
|    stage                  | 0.33        |
| research/                 |             |
|    collision_count        | 52.2        |
|    collision_event_count  | 15.3        |
|    curriculum_stage       | 0.33        |
|    episode_length         | 596         |
|    episode_return         | 817         |
|    fraction_at_goal       | 0.388       |
|    reward_collision       | -0.00638    |
|    reward_progress        | 0.0647      |
|    reward_zero_visibility | -0.0123     |
|    stray_count            | 0.13        |
|    success_rate           | 0.26        |
|    visibility_ratio       | 0.676       |
| rollout/                  |             |
|    ep_len_mean            | 596         |
|    ep_rew_mean            | 817         |
| time/                     |             |
|    fps                    | 175         |
|    iterations             | 180         |
|    time_elapsed           | 3156        |
|    total_timesteps        | 552960      |
| train/                    |             |
|    approx_kl              | 0.011597829 |
|    clip_fraction          | 0.107       |
|    clip_range             | 0.2         |
|    entropy_loss           | -2.13       |
|    explained_variance     | 0.895       |
|    learning_rate          | 2.51e-05    |
|    loss                   | -0.0427     |
|    n_updates              | 1790        |
|    policy_gradient_loss   | -0.0226     |
|    std                    | 0.701       |
|    value_loss             | 0.0106      |
| validation/               |             |
|    episode_length         | 604         |
|    fraction_at_goal       | 0.227       |
|    mean_dist_to_goal      | 4.47        |
|    success_rate           | 0.167       |
-------------------------------------------
-----------------------------------------
| curriculum/             |             |
|    stage                | 0.33        |
| rollout/                |             |
|    ep_len_mean          | 584         |
|    ep_rew_mean          | 805         |
| time/                   |             |
|    fps                  | 175         |
|    iterations           | 181         |
|    time_elapsed         | 3170        |
|    total_timesteps      | 556032      |
| train/                  |             |
|    approx_kl            | 0.014127603 |
|    clip_fraction        | 0.114       |
|    clip_range           | 0.2         |
|    entropy_loss         | -2.13       |
|    explained_variance   | 0.768       |
|    learning_rate        | 2.35e-05    |
|    loss                 | -0.0329     |
|    n_updates            | 1800        |
|    policy_gradient_loss | -0.0236     |
|    std                  | 0.701       |
|    value_loss           | 0.031       |
-----------------------------------------
[Step   559104] SR=0.290 | FracGoal=0.416 | Ret=804.46 | Vis=0.68 | Prog=0.072 | CollEvt=14.46 | Stage=0.33
-------------------------------------------
| curriculum/               |             |
|    stage                  | 0.33        |
| research/                 |             |
|    collision_count        | 44.8        |
|    collision_event_count  | 14.5        |
|    curriculum_stage       | 0.33        |
|    episode_length         | 581         |
|    episode_return         | 804         |
|    fraction_at_goal       | 0.416       |
|    reward_collision       | -0.00607    |
|    reward_progress        | 0.0716      |
|    reward_zero_visibility | -0.00996    |
|    stray_count            | 0.15        |
|    success_rate           | 0.29        |
|    visibility_ratio       | 0.684       |
| rollout/                  |             |
|    ep_len_mean            | 581         |
|    ep_rew_mean            | 804         |
| time/                     |             |
|    fps                    | 175         |
|    iterations             | 182         |
|    time_elapsed           | 3182        |
|    total_timesteps        | 559104      |
| train/                    |             |
|    approx_kl              | 0.011622923 |
|    clip_fraction          | 0.0761      |
|    clip_range             | 0.2         |
|    entropy_loss           | -2.13       |
|    explained_variance     | 0.835       |
|    learning_rate          | 2.2e-05     |
|    loss                   | -0.0416     |
|    n_updates              | 1810        |
|    policy_gradient_loss   | -0.0204     |
|    std                    | 0.701       |
|    value_loss             | 0.0254      |
-------------------------------------------
-----------------------------------------
| curriculum/             |             |
|    stage                | 0.33        |
| rollout/                |             |
|    ep_len_mean          | 569         |
|    ep_rew_mean          | 796         |
| time/                   |             |
|    fps                  | 175         |
|    iterations           | 183         |
|    time_elapsed         | 3199        |
|    total_timesteps      | 562176      |
| train/                  |             |
|    approx_kl            | 0.012313399 |
|    clip_fraction        | 0.0928      |
|    clip_range           | 0.2         |
|    entropy_loss         | -2.13       |
|    explained_variance   | 0.713       |
|    learning_rate        | 2.04e-05    |
|    loss                 | -0.0525     |
|    n_updates            | 1820        |
|    policy_gradient_loss | -0.0228     |
|    std                  | 0.701       |
|    value_loss           | 0.0583      |
-----------------------------------------
[Step   565248] SR=0.340 | FracGoal=0.462 | Ret=788.48 | Vis=0.68 | Prog=0.078 | CollEvt=13.18 | Stage=0.33
-------------------------------------------
| curriculum/               |             |
|    stage                  | 0.33        |
| research/                 |             |
|    collision_count        | 34.4        |
|    collision_event_count  | 13.2        |
|    curriculum_stage       | 0.33        |
|    episode_length         | 561         |
|    episode_return         | 788         |
|    fraction_at_goal       | 0.462       |
|    reward_collision       | -0.00538    |
|    reward_progress        | 0.0776      |
|    reward_zero_visibility | -0.00606    |
|    stray_count            | 0.14        |
|    success_rate           | 0.34        |
|    visibility_ratio       | 0.683       |
| rollout/                  |             |
|    ep_len_mean            | 561         |
|    ep_rew_mean            | 788         |
| time/                     |             |
|    fps                    | 176         |
|    iterations             | 184         |
|    time_elapsed           | 3210        |
|    total_timesteps        | 565248      |
| train/                    |             |
|    approx_kl              | 0.013153365 |
|    clip_fraction          | 0.0998      |
|    clip_range             | 0.2         |
|    entropy_loss           | -2.13       |
|    explained_variance     | 0.753       |
|    learning_rate          | 1.89e-05    |
|    loss                   | -0.059      |
|    n_updates              | 1830        |
|    policy_gradient_loss   | -0.0248     |
|    std                    | 0.701       |
|    value_loss             | 0.0355      |
-------------------------------------------
-----------------------------------------
| curriculum/             |             |
|    stage                | 0.33        |
| rollout/                |             |
|    ep_len_mean          | 566         |
|    ep_rew_mean          | 801         |
| time/                   |             |
|    fps                  | 176         |
|    iterations           | 185         |
|    time_elapsed         | 3225        |
|    total_timesteps      | 568320      |
| train/                  |             |
|    approx_kl            | 0.012473029 |
|    clip_fraction        | 0.0904      |
|    clip_range           | 0.2         |
|    entropy_loss         | -2.13       |
|    explained_variance   | 0.595       |
|    learning_rate        | 1.74e-05    |
|    loss                 | -0.0511     |
|    n_updates            | 1840        |
|    policy_gradient_loss | -0.0263     |
|    std                  | 0.701       |
|    value_loss           | 0.0574      |
-----------------------------------------
[Step   571392] SR=0.330 | FracGoal=0.451 | Ret=802.22 | Vis=0.69 | Prog=0.073 | CollEvt=14.12 | Stage=0.33
-------------------------------------------
| curriculum/               |             |
|    stage                  | 0.33        |
| research/                 |             |
|    collision_count        | 33.7        |
|    collision_event_count  | 14.1        |
|    curriculum_stage       | 0.33        |
|    episode_length         | 568         |
|    episode_return         | 802         |
|    fraction_at_goal       | 0.451       |
|    reward_collision       | -0.00555    |
|    reward_progress        | 0.0726      |
|    reward_zero_visibility | -0.00323    |
|    stray_count            | 0.12        |
|    success_rate           | 0.33        |
|    visibility_ratio       | 0.687       |
| rollout/                  |             |
|    ep_len_mean            | 568         |
|    ep_rew_mean            | 802         |
| time/                     |             |
|    fps                    | 176         |
|    iterations             | 186         |
|    time_elapsed           | 3241        |
|    total_timesteps        | 571392      |
| train/                    |             |
|    approx_kl              | 0.012581432 |
|    clip_fraction          | 0.0847      |
|    clip_range             | 0.2         |
|    entropy_loss           | -2.13       |
|    explained_variance     | 0.857       |
|    learning_rate          | 1.58e-05    |
|    loss                   | -0.0342     |
|    n_updates              | 1850        |
|    policy_gradient_loss   | -0.0229     |
|    std                    | 0.701       |
|    value_loss             | 0.035       |
-------------------------------------------
-----------------------------------------
| curriculum/             |             |
|    stage                | 0.33        |
| rollout/                |             |
|    ep_len_mean          | 566         |
|    ep_rew_mean          | 800         |
| time/                   |             |
|    fps                  | 176         |
|    iterations           | 187         |
|    time_elapsed         | 3256        |
|    total_timesteps      | 574464      |
| train/                  |             |
|    approx_kl            | 0.011470718 |
|    clip_fraction        | 0.0843      |
|    clip_range           | 0.2         |
|    entropy_loss         | -2.13       |
|    explained_variance   | 0.912       |
|    learning_rate        | 1.43e-05    |
|    loss                 | -0.0289     |
|    n_updates            | 1860        |
|    policy_gradient_loss | -0.0213     |
|    std                  | 0.701       |
|    value_loss           | 0.028       |
-----------------------------------------
[validation @ 575,184] SR=0.233 | FracGoal=0.355 | MeanDist=3.68 | best=0.378
Adaptive curriculum advanced to stage 0.66 at timestep 575,436
[Step   577536] SR=0.350 | FracGoal=0.470 | Ret=794.35 | Vis=0.69 | Prog=0.075 | CollEvt=13.33 | Stage=0.46
-------------------------------------------
| curriculum/               |             |
|    stage                  | 0.66        |
| research/                 |             |
|    collision_count        | 41.2        |
|    collision_event_count  | 13.3        |
|    curriculum_stage       | 0.462       |
|    episode_length         | 559         |
|    episode_return         | 794         |
|    fraction_at_goal       | 0.47        |
|    reward_collision       | -0.00582    |
|    reward_progress        | 0.0754      |
|    reward_zero_visibility | -0.00328    |
|    stray_count            | 0.08        |
|    success_rate           | 0.35        |
|    visibility_ratio       | 0.686       |
| rollout/                  |             |
|    ep_len_mean            | 559         |
|    ep_rew_mean            | 794         |
| time/                     |             |
|    fps                    | 174         |
|    iterations             | 188         |
|    time_elapsed           | 3303        |
|    total_timesteps        | 577536      |
| train/                    |             |
|    approx_kl              | 0.008166807 |
|    clip_fraction          | 0.0635      |
|    clip_range             | 0.2         |
|    entropy_loss           | -2.13       |
|    explained_variance     | 0.911       |
|    learning_rate          | 1.28e-05    |
|    loss                   | -0.0282     |
|    n_updates              | 1870        |
|    policy_gradient_loss   | -0.0167     |
|    std                    | 0.701       |
|    value_loss             | 0.033       |
| validation/               |             |
|    episode_length         | 618         |
|    fraction_at_goal       | 0.355       |
|    mean_dist_to_goal      | 3.68        |
|    success_rate           | 0.233       |
-------------------------------------------
-----------------------------------------
| curriculum/             |             |
|    stage                | 0.66        |
| rollout/                |             |
|    ep_len_mean          | 558         |
|    ep_rew_mean          | 796         |
| time/                   |             |
|    fps                  | 174         |
|    iterations           | 189         |
|    time_elapsed         | 3318        |
|    total_timesteps      | 580608      |
| train/                  |             |
|    approx_kl            | 0.008881742 |
|    clip_fraction        | 0.0841      |
|    clip_range           | 0.2         |
|    entropy_loss         | -2.13       |
|    explained_variance   | 0.727       |
|    learning_rate        | 1.12e-05    |
|    loss                 | -0.0256     |
|    n_updates            | 1880        |
|    policy_gradient_loss | -0.0172     |
|    std                  | 0.701       |
|    value_loss           | 0.0562      |
-----------------------------------------
[Step   583680] SR=0.360 | FracGoal=0.485 | Ret=793.02 | Vis=0.68 | Prog=0.074 | CollEvt=12.71 | Stage=0.66
-------------------------------------------
| curriculum/               |             |
|    stage                  | 0.66        |
| research/                 |             |
|    collision_count        | 40.2        |
|    collision_event_count  | 12.7        |
|    curriculum_stage       | 0.66        |
|    episode_length         | 555         |
|    episode_return         | 793         |
|    fraction_at_goal       | 0.485       |
|    reward_collision       | -0.0058     |
|    reward_progress        | 0.0741      |
|    reward_zero_visibility | -0.0034     |
|    stray_count            | 0.09        |
|    success_rate           | 0.36        |
|    visibility_ratio       | 0.679       |
| rollout/                  |             |
|    ep_len_mean            | 555         |
|    ep_rew_mean            | 793         |
| time/                     |             |
|    fps                    | 175         |
|    iterations             | 190         |
|    time_elapsed           | 3331        |
|    total_timesteps        | 583680      |
| train/                    |             |
|    approx_kl              | 0.009189143 |
|    clip_fraction          | 0.0621      |
|    clip_range             | 0.2         |
|    entropy_loss           | -2.12       |
|    explained_variance     | 0.851       |
|    learning_rate          | 9.7e-06     |
|    loss                   | -0.0153     |
|    n_updates              | 1890        |
|    policy_gradient_loss   | -0.0161     |
|    std                    | 0.701       |
|    value_loss             | 0.0251      |
-------------------------------------------
------------------------------------------
| curriculum/             |              |
|    stage                | 0.66         |
| rollout/                |              |
|    ep_len_mean          | 557          |
|    ep_rew_mean          | 789          |
| time/                   |              |
|    fps                  | 175          |
|    iterations           | 191          |
|    time_elapsed         | 3342         |
|    total_timesteps      | 586752       |
| train/                  |              |
|    approx_kl            | 0.0078078723 |
|    clip_fraction        | 0.064        |
|    clip_range           | 0.2          |
|    entropy_loss         | -2.12        |
|    explained_variance   | 0.834        |
|    learning_rate        | 8.16e-06     |
|    loss                 | -0.0369      |
|    n_updates            | 1900         |
|    policy_gradient_loss | -0.0145      |
|    std                  | 0.701        |
|    value_loss           | 0.0394       |
------------------------------------------
[Step   589824] SR=0.340 | FracGoal=0.463 | Ret=793.01 | Vis=0.66 | Prog=0.073 | CollEvt=13.02 | Stage=0.66
--------------------------------------------
| curriculum/               |              |
|    stage                  | 0.66         |
| research/                 |              |
|    collision_count        | 48.2         |
|    collision_event_count  | 13           |
|    curriculum_stage       | 0.66         |
|    episode_length         | 562          |
|    episode_return         | 793          |
|    fraction_at_goal       | 0.463        |
|    reward_collision       | -0.00619     |
|    reward_progress        | 0.0726       |
|    reward_zero_visibility | -0.00663     |
|    stray_count            | 0.1          |
|    success_rate           | 0.34         |
|    visibility_ratio       | 0.663        |
| rollout/                  |              |
|    ep_len_mean            | 562          |
|    ep_rew_mean            | 793          |
| time/                     |              |
|    fps                    | 175          |
|    iterations             | 192          |
|    time_elapsed           | 3358         |
|    total_timesteps        | 589824       |
| train/                    |              |
|    approx_kl              | 0.0067988355 |
|    clip_fraction          | 0.0445       |
|    clip_range             | 0.2          |
|    entropy_loss           | -2.12        |
|    explained_variance     | 0.914        |
|    learning_rate          | 6.62e-06     |
|    loss                   | -0.0198      |
|    n_updates              | 1910         |
|    policy_gradient_loss   | -0.0138      |
|    std                    | 0.701        |
|    value_loss             | 0.0173       |
--------------------------------------------
------------------------------------------
| curriculum/             |              |
|    stage                | 0.66         |
| rollout/                |              |
|    ep_len_mean          | 566          |
|    ep_rew_mean          | 792          |
| time/                   |              |
|    fps                  | 175          |
|    iterations           | 193          |
|    time_elapsed         | 3369         |
|    total_timesteps      | 592896       |
| train/                  |              |
|    approx_kl            | 0.0059059914 |
|    clip_fraction        | 0.034        |
|    clip_range           | 0.2          |
|    entropy_loss         | -2.13        |
|    explained_variance   | 0.893        |
|    learning_rate        | 5.09e-06     |
|    loss                 | -0.0247      |
|    n_updates            | 1920         |
|    policy_gradient_loss | -0.0125      |
|    std                  | 0.701        |
|    value_loss           | 0.014        |
------------------------------------------
[Step   595968] SR=0.310 | FracGoal=0.442 | Ret=796.95 | Vis=0.67 | Prog=0.071 | CollEvt=14.56 | Stage=0.66
-------------------------------------------
| curriculum/               |             |
|    stage                  | 0.66        |
| research/                 |             |
|    collision_count        | 58.2        |
|    collision_event_count  | 14.6        |
|    curriculum_stage       | 0.66        |
|    episode_length         | 570         |
|    episode_return         | 797         |
|    fraction_at_goal       | 0.442       |
|    reward_collision       | -0.00698    |
|    reward_progress        | 0.0711      |
|    reward_zero_visibility | -0.00654    |
|    stray_count            | 0.13        |
|    success_rate           | 0.31        |
|    visibility_ratio       | 0.673       |
| rollout/                  |             |
|    ep_len_mean            | 570         |
|    ep_rew_mean            | 797         |
| time/                     |             |
|    fps                    | 176         |
|    iterations             | 194         |
|    time_elapsed           | 3385        |
|    total_timesteps        | 595968      |
| train/                    |             |
|    approx_kl              | 0.003955248 |
|    clip_fraction          | 0.0221      |
|    clip_range             | 0.2         |
|    entropy_loss           | -2.12       |
|    explained_variance     | 0.901       |
|    learning_rate          | 3.55e-06    |
|    loss                   | -0.0222     |
|    n_updates              | 1930        |
|    policy_gradient_loss   | -0.0107     |
|    std                    | 0.701       |
|    value_loss             | 0.0352      |
-------------------------------------------
------------------------------------------
| curriculum/             |              |
|    stage                | 0.66         |
| rollout/                |              |
|    ep_len_mean          | 569          |
|    ep_rew_mean          | 795          |
| time/                   |              |
|    fps                  | 176          |
|    iterations           | 195          |
|    time_elapsed         | 3396         |
|    total_timesteps      | 599040       |
| train/                  |              |
|    approx_kl            | 0.0029482427 |
|    clip_fraction        | 0.00947      |
|    clip_range           | 0.2          |
|    entropy_loss         | -2.12        |
|    explained_variance   | 0.88         |
|    learning_rate        | 2.02e-06     |
|    loss                 | -0.0203      |
|    n_updates            | 1940         |
|    policy_gradient_loss | -0.00734     |
|    std                  | 0.701        |
|    value_loss           | 0.024        |
------------------------------------------
[validation @ 600,192] SR=0.200 | FracGoal=0.288 | MeanDist=4.09 | best=0.378
Adaptive curriculum fell back to stage 0.33 at timestep 600,444
[Step   602112] SR=0.300 | FracGoal=0.421 | Ret=801.27 | Vis=0.67 | Prog=0.067 | CollEvt=14.22 | Stage=0.46
---------------------------------------------
| curriculum/               |               |
|    stage                  | 0.33          |
| research/                 |               |
|    collision_count        | 58.8          |
|    collision_event_count  | 14.2          |
|    curriculum_stage       | 0.462         |
|    episode_length         | 575           |
|    episode_return         | 801           |
|    fraction_at_goal       | 0.421         |
|    reward_collision       | -0.00687      |
|    reward_progress        | 0.0668        |
|    reward_zero_visibility | -0.00771      |
|    stray_count            | 0.15          |
|    success_rate           | 0.3           |
|    visibility_ratio       | 0.672         |
| rollout/                  |               |
|    ep_len_mean            | 575           |
|    ep_rew_mean            | 801           |
| time/                     |               |
|    fps                    | 174           |
|    iterations             | 196           |
|    time_elapsed           | 3442          |
|    total_timesteps        | 602112        |
| train/                    |               |
|    approx_kl              | 0.00020301032 |
|    clip_fraction          | 0             |
|    clip_range             | 0.2           |
|    entropy_loss           | -2.12         |
|    explained_variance     | 0.885         |
|    learning_rate          | 4.8e-07       |
|    loss                   | -0.0106       |
|    n_updates              | 1950          |
|    policy_gradient_loss   | -0.00153      |
|    std                    | 0.701         |
|    value_loss             | 0.037         |
| validation/               |               |
|    episode_length         | 639           |
|    fraction_at_goal       | 0.288         |
|    mean_dist_to_goal      | 4.09          |
|    success_rate           | 0.2           |
---------------------------------------------

[warning] The curriculum finished at stage 0.33 (< 1.0). Earlier stages narrow the obstacle topologies and shrink the dynamics ranges, so this run trained on less randomization than the config asks for. Check curriculum.fraction_per_stage in this metadata file, then loosen training.curriculum.stages or train for longer.

Saved model to models/research_v3/recurrent/recurrent_seed2.zip
