
libgomp: Invalid value for environment variable OMP_NUM_THREADS

libgomp: Invalid value for environment variable OMP_NUM_THREADS

libgomp: Invalid value for environment variable OMP_NUM_THREADS

libgomp: Invalid value for environment variable OMP_NUM_THREADS

libgomp: Invalid value for environment variable OMP_NUM_THREADS

libgomp: Invalid value for environment variable OMP_NUM_THREADS

libgomp: Invalid value for environment variable OMP_NUM_THREADS

libgomp: Invalid value for environment variable OMP_NUM_THREADS

libgomp: Invalid value for environment variable OMP_NUM_THREADS

libgomp: Invalid value for environment variable OMP_NUM_THREADS

libgomp: Invalid value for environment variable OMP_NUM_THREADS

libgomp: Invalid value for environment variable OMP_NUM_THREADS

libgomp: Invalid value for environment variable OMP_NUM_THREADS
TensorBoard is not installed; continuing without tensorboard logging.
Using cpu device
========================================================================
  Shepherding RL v3 – Recurrent PPO
  Run name         : recurrent_seed0
  Seed             : 0
  Scenario         : train
  Parallel envs    : 12
  Total timesteps  : 600,000
========================================================================
---------------------------------
| curriculum/        |          |
|    stage           | 0        |
| time/              |          |
|    fps             | 2440     |
|    iterations      | 1        |
|    time_elapsed    | 1        |
|    total_timesteps | 3072     |
---------------------------------
-----------------------------------------
| curriculum/             |             |
|    stage                | 0           |
| time/                   |             |
|    fps                  | 176         |
|    iterations           | 2           |
|    time_elapsed         | 34          |
|    total_timesteps      | 6144        |
| train/                  |             |
|    approx_kl            | 0.008179829 |
|    clip_fraction        | 0.0466      |
|    clip_range           | 0.2         |
|    entropy_loss         | -2.84       |
|    explained_variance   | 0.0434      |
|    learning_rate        | 0.000298    |
|    loss                 | 0.34        |
|    n_updates            | 10          |
|    policy_gradient_loss | -0.00533    |
|    std                  | 1           |
|    value_loss           | 0.931       |
-----------------------------------------
-----------------------------------------
| curriculum/             |             |
|    stage                | 0           |
| rollout/                |             |
|    ep_len_mean          | 700         |
|    ep_rew_mean          | 530         |
| time/                   |             |
|    fps                  | 236         |
|    iterations           | 3           |
|    time_elapsed         | 38          |
|    total_timesteps      | 9216        |
| train/                  |             |
|    approx_kl            | 0.014725516 |
|    clip_fraction        | 0.139       |
|    clip_range           | 0.2         |
|    entropy_loss         | -2.83       |
|    explained_variance   | 0.509       |
|    learning_rate        | 0.000297    |
|    loss                 | -0.0118     |
|    n_updates            | 20          |
|    policy_gradient_loss | -0.0176     |
|    std                  | 0.996       |
|    value_loss           | 0.0747      |
-----------------------------------------
[Step    12288] SR=0.077 | FracGoal=0.077 | Ret=525.83 | Vis=0.40 | Prog=0.007 | CollEvt=32.00 | Stage=0.00
-------------------------------------------
| curriculum/               |             |
|    stage                  | 0           |
| research/                 |             |
|    collision_count        | 69.9        |
|    collision_event_count  | 32          |
|    curriculum_stage       | 0           |
|    episode_length         | 670         |
|    episode_return         | 526         |
|    fraction_at_goal       | 0.0769      |
|    reward_collision       | -0.011      |
|    reward_progress        | 0.00686     |
|    reward_zero_visibility | -0.107      |
|    stray_count            | 0           |
|    success_rate           | 0.0769      |
|    visibility_ratio       | 0.396       |
| rollout/                  |             |
|    ep_len_mean            | 670         |
|    ep_rew_mean            | 526         |
| time/                     |             |
|    fps                    | 186         |
|    iterations             | 4           |
|    time_elapsed           | 65          |
|    total_timesteps        | 12288       |
| train/                    |             |
|    approx_kl              | 0.016082589 |
|    clip_fraction          | 0.174       |
|    clip_range             | 0.2         |
|    entropy_loss           | -2.83       |
|    explained_variance     | 0.811       |
|    learning_rate          | 0.000295    |
|    loss                   | -0.0287     |
|    n_updates              | 30          |
|    policy_gradient_loss   | -0.0219     |
|    std                    | 0.995       |
|    value_loss             | 0.0568      |
-------------------------------------------
-----------------------------------------
| curriculum/             |             |
|    stage                | 0           |
| rollout/                |             |
|    ep_len_mean          | 632         |
|    ep_rew_mean          | 523         |
| time/                   |             |
|    fps                  | 208         |
|    iterations           | 5           |
|    time_elapsed         | 73          |
|    total_timesteps      | 15360       |
| train/                  |             |
|    approx_kl            | 0.013860657 |
|    clip_fraction        | 0.153       |
|    clip_range           | 0.2         |
|    entropy_loss         | -2.82       |
|    explained_variance   | 0.693       |
|    learning_rate        | 0.000294    |
|    loss                 | -0.0377     |
|    n_updates            | 40          |
|    policy_gradient_loss | -0.0198     |
|    std                  | 0.99        |
|    value_loss           | 0.0543      |
-----------------------------------------
[Step    18432] SR=0.125 | FracGoal=0.171 | Ret=587.32 | Vis=0.39 | Prog=0.019 | CollEvt=35.75 | Stage=0.00
-------------------------------------------
| curriculum/               |             |
|    stage                  | 0           |
| research/                 |             |
|    collision_count        | 78.5        |
|    collision_event_count  | 35.8        |
|    curriculum_stage       | 0           |
|    episode_length         | 658         |
|    episode_return         | 587         |
|    fraction_at_goal       | 0.171       |
|    reward_collision       | -0.0124     |
|    reward_progress        | 0.019       |
|    reward_zero_visibility | -0.107      |
|    stray_count            | 0.0417      |
|    success_rate           | 0.125       |
|    visibility_ratio       | 0.387       |
| rollout/                  |             |
|    ep_len_mean            | 658         |
|    ep_rew_mean            | 587         |
| time/                     |             |
|    fps                    | 219         |
|    iterations             | 6           |
|    time_elapsed           | 83          |
|    total_timesteps        | 18432       |
| train/                    |             |
|    approx_kl              | 0.017384026 |
|    clip_fraction          | 0.176       |
|    clip_range             | 0.2         |
|    entropy_loss           | -2.81       |
|    explained_variance     | 0.747       |
|    learning_rate          | 0.000292    |
|    loss                   | -0.0325     |
|    n_updates              | 50          |
|    policy_gradient_loss   | -0.0224     |
|    std                    | 0.983       |
|    value_loss             | 0.0425      |
-------------------------------------------
----------------------------------------
| curriculum/             |            |
|    stage                | 0          |
| rollout/                |            |
|    ep_len_mean          | 634        |
|    ep_rew_mean          | 574        |
| time/                   |            |
|    fps                  | 209        |
|    iterations           | 7          |
|    time_elapsed         | 102        |
|    total_timesteps      | 21504      |
| train/                  |            |
|    approx_kl            | 0.01798793 |
|    clip_fraction        | 0.195      |
|    clip_range           | 0.2        |
|    entropy_loss         | -2.8       |
|    explained_variance   | 0.753      |
|    learning_rate        | 0.000291   |
|    loss                 | -0.039     |
|    n_updates            | 60         |
|    policy_gradient_loss | -0.0248    |
|    std                  | 0.979      |
|    value_loss           | 0.0413     |
----------------------------------------
[Step    24576] SR=0.200 | FracGoal=0.237 | Ret=574.12 | Vis=0.41 | Prog=0.028 | CollEvt=35.40 | Stage=0.00
-------------------------------------------
| curriculum/               |             |
|    stage                  | 0           |
| research/                 |             |
|    collision_count        | 77.2        |
|    collision_event_count  | 35.4        |
|    curriculum_stage       | 0           |
|    episode_length         | 629         |
|    episode_return         | 574         |
|    fraction_at_goal       | 0.237       |
|    reward_collision       | -0.013      |
|    reward_progress        | 0.0276      |
|    reward_zero_visibility | -0.102      |
|    stray_count            | 0.0667      |
|    success_rate           | 0.2         |
|    visibility_ratio       | 0.408       |
| rollout/                  |             |
|    ep_len_mean            | 629         |
|    ep_rew_mean            | 574         |
| time/                     |             |
|    fps                    | 204         |
|    iterations             | 8           |
|    time_elapsed           | 119         |
|    total_timesteps        | 24576       |
| train/                    |             |
|    approx_kl              | 0.020367917 |
|    clip_fraction          | 0.196       |
|    clip_range             | 0.2         |
|    entropy_loss           | -2.8        |
|    explained_variance     | 0.659       |
|    learning_rate          | 0.000289    |
|    loss                   | -0.0169     |
|    n_updates              | 70          |
|    policy_gradient_loss   | -0.0209     |
|    std                    | 0.981       |
|    value_loss             | 0.0482      |
-------------------------------------------
[validation @ 25,008] SR=0.067 | FracGoal=0.138 | MeanDist=7.03 | best=0.138
-----------------------------------------
| curriculum/             |             |
|    stage                | 0           |
| rollout/                |             |
|    ep_len_mean          | 637         |
|    ep_rew_mean          | 589         |
| time/                   |             |
|    fps                  | 170         |
|    iterations           | 9           |
|    time_elapsed         | 161         |
|    total_timesteps      | 27648       |
| train/                  |             |
|    approx_kl            | 0.025148366 |
|    clip_fraction        | 0.213       |
|    clip_range           | 0.2         |
|    entropy_loss         | -2.8        |
|    explained_variance   | 0.876       |
|    learning_rate        | 0.000288    |
|    loss                 | -0.0417     |
|    n_updates            | 80          |
|    policy_gradient_loss | -0.0212     |
|    std                  | 0.978       |
|    value_loss           | 0.036       |
| validation/             |             |
|    episode_length       | 674         |
|    fraction_at_goal     | 0.138       |
|    mean_dist_to_goal    | 7.03        |
|    success_rate         | 0.0667      |
-----------------------------------------
[Step    30720] SR=0.190 | FracGoal=0.233 | Ret=608.84 | Vis=0.42 | Prog=0.028 | CollEvt=37.83 | Stage=0.00
-------------------------------------------
| curriculum/               |             |
|    stage                  | 0           |
| research/                 |             |
|    collision_count        | 82.8        |
|    collision_event_count  | 37.8        |
|    curriculum_stage       | 0           |
|    episode_length         | 640         |
|    episode_return         | 609         |
|    fraction_at_goal       | 0.233       |
|    reward_collision       | -0.0137     |
|    reward_progress        | 0.028       |
|    reward_zero_visibility | -0.0989     |
|    stray_count            | 0.262       |
|    success_rate           | 0.19        |
|    visibility_ratio       | 0.42        |
| rollout/                  |             |
|    ep_len_mean            | 640         |
|    ep_rew_mean            | 609         |
| time/                     |             |
|    fps                    | 164         |
|    iterations             | 10          |
|    time_elapsed           | 186         |
|    total_timesteps        | 30720       |
| train/                    |             |
|    approx_kl              | 0.018570215 |
|    clip_fraction          | 0.221       |
|    clip_range             | 0.2         |
|    entropy_loss           | -2.78       |
|    explained_variance     | 0.812       |
|    learning_rate          | 0.000286    |
|    loss                   | -0.0407     |
|    n_updates              | 90          |
|    policy_gradient_loss   | -0.0234     |
|    std                    | 0.968       |
|    value_loss             | 0.0364      |
-------------------------------------------
-----------------------------------------
| curriculum/             |             |
|    stage                | 0           |
| rollout/                |             |
|    ep_len_mean          | 648         |
|    ep_rew_mean          | 630         |
| time/                   |             |
|    fps                  | 166         |
|    iterations           | 11          |
|    time_elapsed         | 202         |
|    total_timesteps      | 33792       |
| train/                  |             |
|    approx_kl            | 0.029276483 |
|    clip_fraction        | 0.233       |
|    clip_range           | 0.2         |
|    entropy_loss         | -2.76       |
|    explained_variance   | 0.768       |
|    learning_rate        | 0.000285    |
|    loss                 | -0.0585     |
|    n_updates            | 100         |
|    policy_gradient_loss | -0.0266     |
|    std                  | 0.961       |
|    value_loss           | 0.0245      |
-----------------------------------------
[Step    36864] SR=0.157 | FracGoal=0.245 | Ret=641.56 | Vis=0.40 | Prog=0.029 | CollEvt=38.55 | Stage=0.00
-------------------------------------------
| curriculum/               |             |
|    stage                  | 0           |
| research/                 |             |
|    collision_count        | 83          |
|    collision_event_count  | 38.5        |
|    curriculum_stage       | 0           |
|    episode_length         | 651         |
|    episode_return         | 642         |
|    fraction_at_goal       | 0.245       |
|    reward_collision       | -0.0137     |
|    reward_progress        | 0.0285      |
|    reward_zero_visibility | -0.102      |
|    stray_count            | 0.216       |
|    success_rate           | 0.157       |
|    visibility_ratio       | 0.403       |
| rollout/                  |             |
|    ep_len_mean            | 651         |
|    ep_rew_mean            | 642         |
| time/                     |             |
|    fps                    | 163         |
|    iterations             | 12          |
|    time_elapsed           | 225         |
|    total_timesteps        | 36864       |
| train/                    |             |
|    approx_kl              | 0.027048074 |
|    clip_fraction          | 0.265       |
|    clip_range             | 0.2         |
|    entropy_loss           | -2.76       |
|    explained_variance     | 0.689       |
|    learning_rate          | 0.000283    |
|    loss                   | -0.0401     |
|    n_updates              | 110         |
|    policy_gradient_loss   | -0.0234     |
|    std                    | 0.959       |
|    value_loss             | 0.0176      |
-------------------------------------------
-----------------------------------------
| curriculum/             |             |
|    stage                | 0           |
| rollout/                |             |
|    ep_len_mean          | 654         |
|    ep_rew_mean          | 655         |
| time/                   |             |
|    fps                  | 167         |
|    iterations           | 13          |
|    time_elapsed         | 238         |
|    total_timesteps      | 39936       |
| train/                  |             |
|    approx_kl            | 0.024222638 |
|    clip_fraction        | 0.241       |
|    clip_range           | 0.2         |
|    entropy_loss         | -2.75       |
|    explained_variance   | 0.748       |
|    learning_rate        | 0.000282    |
|    loss                 | -0.0342     |
|    n_updates            | 120         |
|    policy_gradient_loss | -0.0248     |
|    std                  | 0.956       |
|    value_loss           | 0.0138      |
-----------------------------------------
[Step    43008] SR=0.148 | FracGoal=0.238 | Ret=668.10 | Vis=0.41 | Prog=0.031 | CollEvt=39.36 | Stage=0.00
-------------------------------------------
| curriculum/               |             |
|    stage                  | 0           |
| research/                 |             |
|    collision_count        | 86.2        |
|    collision_event_count  | 39.4        |
|    curriculum_stage       | 0           |
|    episode_length         | 654         |
|    episode_return         | 668         |
|    fraction_at_goal       | 0.238       |
|    reward_collision       | -0.014      |
|    reward_progress        | 0.0307      |
|    reward_zero_visibility | -0.0967     |
|    stray_count            | 0.18        |
|    success_rate           | 0.148       |
|    visibility_ratio       | 0.411       |
| rollout/                  |             |
|    ep_len_mean            | 654         |
|    ep_rew_mean            | 668         |
| time/                     |             |
|    fps                    | 171         |
|    iterations             | 14          |
|    time_elapsed           | 250         |
|    total_timesteps        | 43008       |
| train/                    |             |
|    approx_kl              | 0.025913019 |
|    clip_fraction          | 0.248       |
|    clip_range             | 0.2         |
|    entropy_loss           | -2.74       |
|    explained_variance     | 0.789       |
|    learning_rate          | 0.00028     |
|    loss                   | -0.0601     |
|    n_updates              | 130         |
|    policy_gradient_loss   | -0.0259     |
|    std                    | 0.953       |
|    value_loss             | 0.022       |
-------------------------------------------
-----------------------------------------
| curriculum/             |             |
|    stage                | 0           |
| rollout/                |             |
|    ep_len_mean          | 643         |
|    ep_rew_mean          | 670         |
| time/                   |             |
|    fps                  | 169         |
|    iterations           | 15          |
|    time_elapsed         | 272         |
|    total_timesteps      | 46080       |
| train/                  |             |
|    approx_kl            | 0.025714066 |
|    clip_fraction        | 0.232       |
|    clip_range           | 0.2         |
|    entropy_loss         | -2.74       |
|    explained_variance   | 0.793       |
|    learning_rate        | 0.000278    |
|    loss                 | -0.0502     |
|    n_updates            | 140         |
|    policy_gradient_loss | -0.0263     |
|    std                  | 0.95        |
|    value_loss           | 0.0246      |
-----------------------------------------
[Step    49152] SR=0.174 | FracGoal=0.262 | Ret=673.07 | Vis=0.43 | Prog=0.035 | CollEvt=39.20 | Stage=0.00
-------------------------------------------
| curriculum/               |             |
|    stage                  | 0           |
| research/                 |             |
|    collision_count        | 86.5        |
|    collision_event_count  | 39.2        |
|    curriculum_stage       | 0           |
|    episode_length         | 645         |
|    episode_return         | 673         |
|    fraction_at_goal       | 0.262       |
|    reward_collision       | -0.0142     |
|    reward_progress        | 0.0345      |
|    reward_zero_visibility | -0.0904     |
|    stray_count            | 0.159       |
|    success_rate           | 0.174       |
|    visibility_ratio       | 0.428       |
| rollout/                  |             |
|    ep_len_mean            | 645         |
|    ep_rew_mean            | 673         |
| time/                     |             |
|    fps                    | 169         |
|    iterations             | 16          |
|    time_elapsed           | 289         |
|    total_timesteps        | 49152       |
| train/                    |             |
|    approx_kl              | 0.029411742 |
|    clip_fraction          | 0.214       |
|    clip_range             | 0.2         |
|    entropy_loss           | -2.73       |
|    explained_variance     | 0.665       |
|    learning_rate          | 0.000277    |
|    loss                   | -0.0589     |
|    n_updates              | 150         |
|    policy_gradient_loss   | -0.0297     |
|    std                    | 0.949       |
|    value_loss             | 0.0584      |
-------------------------------------------
[validation @ 50,016] SR=0.100 | FracGoal=0.157 | MeanDist=7.34 | best=0.157
----------------------------------------
| curriculum/             |            |
|    stage                | 0          |
| rollout/                |            |
|    ep_len_mean          | 642        |
|    ep_rew_mean          | 677        |
| time/                   |            |
|    fps                  | 158        |
|    iterations           | 17         |
|    time_elapsed         | 330        |
|    total_timesteps      | 52224      |
| train/                  |            |
|    approx_kl            | 0.03952022 |
|    clip_fraction        | 0.255      |
|    clip_range           | 0.2        |
|    entropy_loss         | -2.73      |
|    explained_variance   | 0.812      |
|    learning_rate        | 0.000275   |
|    loss                 | -0.0357    |
|    n_updates            | 160        |
|    policy_gradient_loss | -0.0238    |
|    std                  | 0.949      |
|    value_loss           | 0.0319     |
| validation/             |            |
|    episode_length       | 647        |
|    fraction_at_goal     | 0.157      |
|    mean_dist_to_goal    | 7.34       |
|    success_rate         | 0.1        |
----------------------------------------
[Step    55296] SR=0.171 | FracGoal=0.276 | Ret=689.94 | Vis=0.45 | Prog=0.037 | CollEvt=39.04 | Stage=0.00
-------------------------------------------
| curriculum/               |             |
|    stage                  | 0           |
| research/                 |             |
|    collision_count        | 91.2        |
|    collision_event_count  | 39          |
|    curriculum_stage       | 0           |
|    episode_length         | 642         |
|    episode_return         | 690         |
|    fraction_at_goal       | 0.276       |
|    reward_collision       | -0.0144     |
|    reward_progress        | 0.0366      |
|    reward_zero_visibility | -0.0808     |
|    stray_count            | 0.134       |
|    success_rate           | 0.171       |
|    visibility_ratio       | 0.452       |
| rollout/                  |             |
|    ep_len_mean            | 642         |
|    ep_rew_mean            | 690         |
| time/                     |             |
|    fps                    | 160         |
|    iterations             | 18          |
|    time_elapsed           | 345         |
|    total_timesteps        | 55296       |
| train/                    |             |
|    approx_kl              | 0.030673046 |
|    clip_fraction          | 0.244       |
|    clip_range             | 0.2         |
|    entropy_loss           | -2.73       |
|    explained_variance     | 0.841       |
|    learning_rate          | 0.000274    |
|    loss                   | -0.0177     |
|    n_updates              | 170         |
|    policy_gradient_loss   | -0.0269     |
|    std                    | 0.942       |
|    value_loss             | 0.0271      |
-------------------------------------------
-----------------------------------------
| curriculum/             |             |
|    stage                | 0           |
| rollout/                |             |
|    ep_len_mean          | 640         |
|    ep_rew_mean          | 688         |
| time/                   |             |
|    fps                  | 159         |
|    iterations           | 19          |
|    time_elapsed         | 366         |
|    total_timesteps      | 58368       |
| train/                  |             |
|    approx_kl            | 0.034452185 |
|    clip_fraction        | 0.248       |
|    clip_range           | 0.2         |
|    entropy_loss         | -2.71       |
|    explained_variance   | 0.833       |
|    learning_rate        | 0.000272    |
|    loss                 | -0.0642     |
|    n_updates            | 180         |
|    policy_gradient_loss | -0.0246     |
|    std                  | 0.934       |
|    value_loss           | 0.032       |
-----------------------------------------
[Step    61440] SR=0.170 | FracGoal=0.277 | Ret=699.31 | Vis=0.46 | Prog=0.038 | CollEvt=38.36 | Stage=0.00
-------------------------------------------
| curriculum/               |             |
|    stage                  | 0           |
| research/                 |             |
|    collision_count        | 89.2        |
|    collision_event_count  | 38.4        |
|    curriculum_stage       | 0           |
|    episode_length         | 642         |
|    episode_return         | 699         |
|    fraction_at_goal       | 0.277       |
|    reward_collision       | -0.0141     |
|    reward_progress        | 0.0376      |
|    reward_zero_visibility | -0.0777     |
|    stray_count            | 0.136       |
|    success_rate           | 0.17        |
|    visibility_ratio       | 0.461       |
| rollout/                  |             |
|    ep_len_mean            | 642         |
|    ep_rew_mean            | 699         |
| time/                     |             |
|    fps                    | 163         |
|    iterations             | 20          |
|    time_elapsed           | 374         |
|    total_timesteps        | 61440       |
| train/                    |             |
|    approx_kl              | 0.024067104 |
|    clip_fraction          | 0.251       |
|    clip_range             | 0.2         |
|    entropy_loss           | -2.7        |
|    explained_variance     | 0.807       |
|    learning_rate          | 0.000271    |
|    loss                   | -0.0462     |
|    n_updates              | 190         |
|    policy_gradient_loss   | -0.0242     |
|    std                    | 0.934       |
|    value_loss             | 0.0262      |
-------------------------------------------
-----------------------------------------
| curriculum/             |             |
|    stage                | 0           |
| rollout/                |             |
|    ep_len_mean          | 641         |
|    ep_rew_mean          | 709         |
| time/                   |             |
|    fps                  | 164         |
|    iterations           | 21          |
|    time_elapsed         | 391         |
|    total_timesteps      | 64512       |
| train/                  |             |
|    approx_kl            | 0.032810148 |
|    clip_fraction        | 0.26        |
|    clip_range           | 0.2         |
|    entropy_loss         | -2.7        |
|    explained_variance   | 0.773       |
|    learning_rate        | 0.000269    |
|    loss                 | -0.058      |
|    n_updates            | 200         |
|    policy_gradient_loss | -0.0291     |
|    std                  | 0.934       |
|    value_loss           | 0.0147      |
-----------------------------------------
[Step    67584] SR=0.180 | FracGoal=0.289 | Ret=713.46 | Vis=0.47 | Prog=0.040 | CollEvt=36.72 | Stage=0.00
-------------------------------------------
| curriculum/               |             |
|    stage                  | 0           |
| research/                 |             |
|    collision_count        | 85.2        |
|    collision_event_count  | 36.7        |
|    curriculum_stage       | 0           |
|    episode_length         | 640         |
|    episode_return         | 713         |
|    fraction_at_goal       | 0.289       |
|    reward_collision       | -0.0137     |
|    reward_progress        | 0.0402      |
|    reward_zero_visibility | -0.0722     |
|    stray_count            | 0.13        |
|    success_rate           | 0.18        |
|    visibility_ratio       | 0.469       |
| rollout/                  |             |
|    ep_len_mean            | 640         |
|    ep_rew_mean            | 713         |
| time/                     |             |
|    fps                    | 164         |
|    iterations             | 22          |
|    time_elapsed           | 410         |
|    total_timesteps        | 67584       |
| train/                    |             |
|    approx_kl              | 0.028140686 |
|    clip_fraction          | 0.241       |
|    clip_range             | 0.2         |
|    entropy_loss           | -2.7        |
|    explained_variance     | 0.719       |
|    learning_rate          | 0.000268    |
|    loss                   | -0.0369     |
|    n_updates              | 210         |
|    policy_gradient_loss   | -0.0264     |
|    std                    | 0.932       |
|    value_loss             | 0.0231      |
-------------------------------------------
-----------------------------------------
| curriculum/             |             |
|    stage                | 0           |
| rollout/                |             |
|    ep_len_mean          | 640         |
|    ep_rew_mean          | 722         |
| time/                   |             |
|    fps                  | 165         |
|    iterations           | 23          |
|    time_elapsed         | 427         |
|    total_timesteps      | 70656       |
| train/                  |             |
|    approx_kl            | 0.023625163 |
|    clip_fraction        | 0.286       |
|    clip_range           | 0.2         |
|    entropy_loss         | -2.69       |
|    explained_variance   | 0.707       |
|    learning_rate        | 0.000266    |
|    loss                 | -0.0442     |
|    n_updates            | 220         |
|    policy_gradient_loss | -0.0162     |
|    std                  | 0.931       |
|    value_loss           | 0.0401      |
-----------------------------------------
[Step    73728] SR=0.180 | FracGoal=0.303 | Ret=745.75 | Vis=0.48 | Prog=0.043 | CollEvt=35.52 | Stage=0.00
-------------------------------------------
| curriculum/               |             |
|    stage                  | 0           |
| research/                 |             |
|    collision_count        | 83.6        |
|    collision_event_count  | 35.5        |
|    curriculum_stage       | 0           |
|    episode_length         | 640         |
|    episode_return         | 746         |
|    fraction_at_goal       | 0.303       |
|    reward_collision       | -0.0134     |
|    reward_progress        | 0.0427      |
|    reward_zero_visibility | -0.0649     |
|    stray_count            | 0.13        |
|    success_rate           | 0.18        |
|    visibility_ratio       | 0.481       |
| rollout/                  |             |
|    ep_len_mean            | 640         |
|    ep_rew_mean            | 746         |
| time/                     |             |
|    fps                    | 166         |
|    iterations             | 24          |
|    time_elapsed           | 443         |
|    total_timesteps        | 73728       |
| train/                    |             |
|    approx_kl              | 0.028103974 |
|    clip_fraction          | 0.253       |
|    clip_range             | 0.2         |
|    entropy_loss           | -2.68       |
|    explained_variance     | 0.807       |
|    learning_rate          | 0.000265    |
|    loss                   | -0.0586     |
|    n_updates              | 230         |
|    policy_gradient_loss   | -0.0311     |
|    std                    | 0.921       |
|    value_loss             | 0.0144      |
-------------------------------------------
[validation @ 75,024] SR=0.067 | FracGoal=0.101 | MeanDist=6.84 | best=0.157
-----------------------------------------
| curriculum/             |             |
|    stage                | 0           |
| rollout/                |             |
|    ep_len_mean          | 633         |
|    ep_rew_mean          | 749         |
| time/                   |             |
|    fps                  | 153         |
|    iterations           | 25          |
|    time_elapsed         | 499         |
|    total_timesteps      | 76800       |
| train/                  |             |
|    approx_kl            | 0.032839403 |
|    clip_fraction        | 0.263       |
|    clip_range           | 0.2         |
|    entropy_loss         | -2.67       |
|    explained_variance   | 0.857       |
|    learning_rate        | 0.000263    |
|    loss                 | -0.0383     |
|    n_updates            | 240         |
|    policy_gradient_loss | -0.0276     |
|    std                  | 0.917       |
|    value_loss           | 0.0125      |
| validation/             |             |
|    episode_length       | 662         |
|    fraction_at_goal     | 0.101       |
|    mean_dist_to_goal    | 6.84        |
|    success_rate         | 0.0667      |
-----------------------------------------
[Step    79872] SR=0.200 | FracGoal=0.332 | Ret=754.02 | Vis=0.49 | Prog=0.048 | CollEvt=34.75 | Stage=0.00
-------------------------------------------
| curriculum/               |             |
|    stage                  | 0           |
| research/                 |             |
|    collision_count        | 83.4        |
|    collision_event_count  | 34.8        |
|    curriculum_stage       | 0           |
|    episode_length         | 627         |
|    episode_return         | 754         |
|    fraction_at_goal       | 0.332       |
|    reward_collision       | -0.0134     |
|    reward_progress        | 0.0483      |
|    reward_zero_visibility | -0.0603     |
|    stray_count            | 0.13        |
|    success_rate           | 0.2         |
|    visibility_ratio       | 0.493       |
| rollout/                  |             |
|    ep_len_mean            | 627         |
|    ep_rew_mean            | 754         |
| time/                     |             |
|    fps                    | 153         |
|    iterations             | 26          |
|    time_elapsed           | 520         |
|    total_timesteps        | 79872       |
| train/                    |             |
|    approx_kl              | 0.030285224 |
|    clip_fraction          | 0.263       |
|    clip_range             | 0.2         |
|    entropy_loss           | -2.66       |
|    explained_variance     | 0.633       |
|    learning_rate          | 0.000262    |
|    loss                   | -0.0222     |
|    n_updates              | 250         |
|    policy_gradient_loss   | -0.0263     |
|    std                    | 0.917       |
|    value_loss             | 0.0583      |
-------------------------------------------
----------------------------------------
| curriculum/             |            |
|    stage                | 0          |
| rollout/                |            |
|    ep_len_mean          | 623        |
|    ep_rew_mean          | 759        |
| time/                   |            |
|    fps                  | 154        |
|    iterations           | 27         |
|    time_elapsed         | 537        |
|    total_timesteps      | 82944      |
| train/                  |            |
|    approx_kl            | 0.03314072 |
|    clip_fraction        | 0.262      |
|    clip_range           | 0.2        |
|    entropy_loss         | -2.66      |
|    explained_variance   | 0.839      |
|    learning_rate        | 0.00026    |
|    loss                 | -0.0496    |
|    n_updates            | 260        |
|    policy_gradient_loss | -0.0279    |
|    std                  | 0.915      |
|    value_loss           | 0.0188     |
----------------------------------------
[Step    86016] SR=0.190 | FracGoal=0.334 | Ret=778.36 | Vis=0.51 | Prog=0.048 | CollEvt=32.45 | Stage=0.00
------------------------------------------
| curriculum/               |            |
|    stage                  | 0          |
| research/                 |            |
|    collision_count        | 78.3       |
|    collision_event_count  | 32.5       |
|    curriculum_stage       | 0          |
|    episode_length         | 630        |
|    episode_return         | 778        |
|    fraction_at_goal       | 0.334      |
|    reward_collision       | -0.0125    |
|    reward_progress        | 0.0484     |
|    reward_zero_visibility | -0.0522    |
|    stray_count            | 0.12       |
|    success_rate           | 0.19       |
|    visibility_ratio       | 0.508      |
| rollout/                  |            |
|    ep_len_mean            | 630        |
|    ep_rew_mean            | 778        |
| time/                     |            |
|    fps                    | 154        |
|    iterations             | 28         |
|    time_elapsed           | 555        |
|    total_timesteps        | 86016      |
| train/                    |            |
|    approx_kl              | 0.03390695 |
|    clip_fraction          | 0.312      |
|    clip_range             | 0.2        |
|    entropy_loss           | -2.66      |
|    explained_variance     | 0.747      |
|    learning_rate          | 0.000259   |
|    loss                   | -0.0253    |
|    n_updates              | 270        |
|    policy_gradient_loss   | -0.0169    |
|    std                    | 0.915      |
|    value_loss             | 0.0163     |
------------------------------------------
Adaptive curriculum advanced to stage 0.33 at timestep 87,372
-----------------------------------------
| curriculum/             |             |
|    stage                | 0.33        |
| rollout/                |             |
|    ep_len_mean          | 624         |
|    ep_rew_mean          | 792         |
| time/                   |             |
|    fps                  | 154         |
|    iterations           | 29          |
|    time_elapsed         | 578         |
|    total_timesteps      | 89088       |
| train/                  |             |
|    approx_kl            | 0.029169368 |
|    clip_fraction        | 0.234       |
|    clip_range           | 0.2         |
|    entropy_loss         | -2.65       |
|    explained_variance   | 0.771       |
|    learning_rate        | 0.000257    |
|    loss                 | -0.0693     |
|    n_updates            | 280         |
|    policy_gradient_loss | -0.0259     |
|    std                  | 0.908       |
|    value_loss           | 0.0274      |
-----------------------------------------
[Step    92160] SR=0.230 | FracGoal=0.377 | Ret=785.88 | Vis=0.53 | Prog=0.053 | CollEvt=29.33 | Stage=0.30
-------------------------------------------
| curriculum/               |             |
|    stage                  | 0.33        |
| research/                 |             |
|    collision_count        | 74.1        |
|    collision_event_count  | 29.3        |
|    curriculum_stage       | 0.297       |
|    episode_length         | 614         |
|    episode_return         | 786         |
|    fraction_at_goal       | 0.377       |
|    reward_collision       | -0.0116     |
|    reward_progress        | 0.0531      |
|    reward_zero_visibility | -0.0433     |
|    stray_count            | 0.03        |
|    success_rate           | 0.23        |
|    visibility_ratio       | 0.529       |
| rollout/                  |             |
|    ep_len_mean            | 614         |
|    ep_rew_mean            | 786         |
| time/                     |             |
|    fps                    | 153         |
|    iterations             | 30          |
|    time_elapsed           | 600         |
|    total_timesteps        | 92160       |
| train/                    |             |
|    approx_kl              | 0.030424073 |
|    clip_fraction          | 0.231       |
|    clip_range             | 0.2         |
|    entropy_loss           | -2.64       |
|    explained_variance     | 0.672       |
|    learning_rate          | 0.000255    |
|    loss                   | -0.0349     |
|    n_updates              | 290         |
|    policy_gradient_loss   | -0.0229     |
|    std                    | 0.906       |
|    value_loss             | 0.0621      |
-------------------------------------------
-----------------------------------------
| curriculum/             |             |
|    stage                | 0.33        |
| rollout/                |             |
|    ep_len_mean          | 606         |
|    ep_rew_mean          | 782         |
| time/                   |             |
|    fps                  | 153         |
|    iterations           | 31          |
|    time_elapsed         | 619         |
|    total_timesteps      | 95232       |
| train/                  |             |
|    approx_kl            | 0.024171725 |
|    clip_fraction        | 0.21        |
|    clip_range           | 0.2         |
|    entropy_loss         | -2.63       |
|    explained_variance   | 0.771       |
|    learning_rate        | 0.000254    |
|    loss                 | -0.0392     |
|    n_updates            | 300         |
|    policy_gradient_loss | -0.0264     |
|    std                  | 0.901       |
|    value_loss           | 0.0625      |
-----------------------------------------
[Step    98304] SR=0.250 | FracGoal=0.377 | Ret=786.55 | Vis=0.55 | Prog=0.055 | CollEvt=27.31 | Stage=0.33
------------------------------------------
| curriculum/               |            |
|    stage                  | 0.33       |
| research/                 |            |
|    collision_count        | 70.6       |
|    collision_event_count  | 27.3       |
|    curriculum_stage       | 0.33       |
|    episode_length         | 606        |
|    episode_return         | 787        |
|    fraction_at_goal       | 0.377      |
|    reward_collision       | -0.0111    |
|    reward_progress        | 0.0551     |
|    reward_zero_visibility | -0.0347    |
|    stray_count            | 0.03       |
|    success_rate           | 0.25       |
|    visibility_ratio       | 0.552      |
| rollout/                  |            |
|    ep_len_mean            | 606        |
|    ep_rew_mean            | 787        |
| time/                     |            |
|    fps                    | 154        |
|    iterations             | 32         |
|    time_elapsed           | 638        |
|    total_timesteps        | 98304      |
| train/                    |            |
|    approx_kl              | 0.03125987 |
|    clip_fraction          | 0.269      |
|    clip_range             | 0.2        |
|    entropy_loss           | -2.62      |
|    explained_variance     | 0.798      |
|    learning_rate          | 0.000252   |
|    loss                   | -0.0354    |
|    n_updates              | 310        |
|    policy_gradient_loss   | -0.0258    |
|    std                    | 0.9        |
|    value_loss             | 0.0271     |
------------------------------------------
[validation @ 100,032] SR=0.067 | FracGoal=0.086 | MeanDist=7.17 | best=0.157
----------------------------------------
| curriculum/             |            |
|    stage                | 0.33       |
| rollout/                |            |
|    ep_len_mean          | 607        |
|    ep_rew_mean          | 787        |
| time/                   |            |
|    fps                  | 146        |
|    iterations           | 33         |
|    time_elapsed         | 691        |
|    total_timesteps      | 101376     |
| train/                  |            |
|    approx_kl            | 0.03127615 |
|    clip_fraction        | 0.216      |
|    clip_range           | 0.2        |
|    entropy_loss         | -2.62      |
|    explained_variance   | 0.927      |
|    learning_rate        | 0.000251   |
|    loss                 | -0.0358    |
|    n_updates            | 320        |
|    policy_gradient_loss | -0.0263    |
|    std                  | 0.897      |
|    value_loss           | 0.0177     |
| validation/             |            |
|    episode_length       | 679        |
|    fraction_at_goal     | 0.0857     |
|    mean_dist_to_goal    | 7.17       |
|    success_rate         | 0.0667     |
----------------------------------------
[Step   104448] SR=0.270 | FracGoal=0.392 | Ret=785.71 | Vis=0.56 | Prog=0.056 | CollEvt=24.88 | Stage=0.33
------------------------------------------
| curriculum/               |            |
|    stage                  | 0.33       |
| research/                 |            |
|    collision_count        | 64.5       |
|    collision_event_count  | 24.9       |
|    curriculum_stage       | 0.33       |
|    episode_length         | 599        |
|    episode_return         | 786        |
|    fraction_at_goal       | 0.392      |
|    reward_collision       | -0.0104    |
|    reward_progress        | 0.0565     |
|    reward_zero_visibility | -0.0312    |
|    stray_count            | 0.03       |
|    success_rate           | 0.27       |
|    visibility_ratio       | 0.558      |
| rollout/                  |            |
|    ep_len_mean            | 599        |
|    ep_rew_mean            | 786        |
| time/                     |            |
|    fps                    | 145        |
|    iterations             | 34         |
|    time_elapsed           | 716        |
|    total_timesteps        | 104448     |
| train/                    |            |
|    approx_kl              | 0.03136809 |
|    clip_fraction          | 0.251      |
|    clip_range             | 0.2        |
|    entropy_loss           | -2.61      |
|    explained_variance     | 0.932      |
|    learning_rate          | 0.000249   |
|    loss                   | -0.0423    |
|    n_updates              | 330        |
|    policy_gradient_loss   | -0.0264    |
|    std                    | 0.892      |
|    value_loss             | 0.0302     |
------------------------------------------
-----------------------------------------
| curriculum/             |             |
|    stage                | 0.33        |
| rollout/                |             |
|    ep_len_mean          | 603         |
|    ep_rew_mean          | 793         |
| time/                   |             |
|    fps                  | 147         |
|    iterations           | 35          |
|    time_elapsed         | 729         |
|    total_timesteps      | 107520      |
| train/                  |             |
|    approx_kl            | 0.031073648 |
|    clip_fraction        | 0.275       |
|    clip_range           | 0.2         |
|    entropy_loss         | -2.6        |
|    explained_variance   | 0.852       |
|    learning_rate        | 0.000248    |
|    loss                 | -0.0512     |
|    n_updates            | 340         |
|    policy_gradient_loss | -0.0239     |
|    std                  | 0.886       |
|    value_loss           | 0.0299      |
-----------------------------------------
[Step   110592] SR=0.260 | FracGoal=0.387 | Ret=796.33 | Vis=0.55 | Prog=0.056 | CollEvt=22.47 | Stage=0.33
-------------------------------------------
| curriculum/               |             |
|    stage                  | 0.33        |
| research/                 |             |
|    collision_count        | 60.2        |
|    collision_event_count  | 22.5        |
|    curriculum_stage       | 0.33        |
|    episode_length         | 603         |
|    episode_return         | 796         |
|    fraction_at_goal       | 0.387       |
|    reward_collision       | -0.0094     |
|    reward_progress        | 0.0557      |
|    reward_zero_visibility | -0.0306     |
|    stray_count            | 0.04        |
|    success_rate           | 0.26        |
|    visibility_ratio       | 0.549       |
| rollout/                  |             |
|    ep_len_mean            | 603         |
|    ep_rew_mean            | 796         |
| time/                     |             |
|    fps                    | 146         |
|    iterations             | 36          |
|    time_elapsed           | 756         |
|    total_timesteps        | 110592      |
| train/                    |             |
|    approx_kl              | 0.053997714 |
|    clip_fraction          | 0.278       |
|    clip_range             | 0.2         |
|    entropy_loss           | -2.59       |
|    explained_variance     | 0.889       |
|    learning_rate          | 0.000246    |
|    loss                   | -0.0256     |
|    n_updates              | 350         |
|    policy_gradient_loss   | -0.0226     |
|    std                    | 0.885       |
|    value_loss             | 0.0452      |
-------------------------------------------
-----------------------------------------
| curriculum/             |             |
|    stage                | 0.33        |
| rollout/                |             |
|    ep_len_mean          | 598         |
|    ep_rew_mean          | 792         |
| time/                   |             |
|    fps                  | 147         |
|    iterations           | 37          |
|    time_elapsed         | 769         |
|    total_timesteps      | 113664      |
| train/                  |             |
|    approx_kl            | 0.029532477 |
|    clip_fraction        | 0.241       |
|    clip_range           | 0.2         |
|    entropy_loss         | -2.59       |
|    explained_variance   | 0.974       |
|    learning_rate        | 0.000245    |
|    loss                 | -0.0646     |
|    n_updates            | 360         |
|    policy_gradient_loss | -0.0258     |
|    std                  | 0.883       |
|    value_loss           | 0.00885     |
-----------------------------------------
[Step   116736] SR=0.260 | FracGoal=0.377 | Ret=798.03 | Vis=0.55 | Prog=0.056 | CollEvt=21.26 | Stage=0.33
-------------------------------------------
| curriculum/               |             |
|    stage                  | 0.33        |
| research/                 |             |
|    collision_count        | 56.7        |
|    collision_event_count  | 21.3        |
|    curriculum_stage       | 0.33        |
|    episode_length         | 603         |
|    episode_return         | 798         |
|    fraction_at_goal       | 0.377       |
|    reward_collision       | -0.00881    |
|    reward_progress        | 0.0556      |
|    reward_zero_visibility | -0.0303     |
|    stray_count            | 0.04        |
|    success_rate           | 0.26        |
|    visibility_ratio       | 0.548       |
| rollout/                  |             |
|    ep_len_mean            | 603         |
|    ep_rew_mean            | 798         |
| time/                     |             |
|    fps                    | 148         |
|    iterations             | 38          |
|    time_elapsed           | 784         |
|    total_timesteps        | 116736      |
| train/                    |             |
|    approx_kl              | 0.025121713 |
|    clip_fraction          | 0.247       |
|    clip_range             | 0.2         |
|    entropy_loss           | -2.58       |
|    explained_variance     | 0.862       |
|    learning_rate          | 0.000243    |
|    loss                   | -0.0267     |
|    n_updates              | 370         |
|    policy_gradient_loss   | -0.026      |
|    std                    | 0.879       |
|    value_loss             | 0.0357      |
-------------------------------------------
-----------------------------------------
| curriculum/             |             |
|    stage                | 0.33        |
| rollout/                |             |
|    ep_len_mean          | 589         |
|    ep_rew_mean          | 780         |
| time/                   |             |
|    fps                  | 148         |
|    iterations           | 39          |
|    time_elapsed         | 808         |
|    total_timesteps      | 119808      |
| train/                  |             |
|    approx_kl            | 0.038891554 |
|    clip_fraction        | 0.269       |
|    clip_range           | 0.2         |
|    entropy_loss         | -2.58       |
|    explained_variance   | 0.89        |
|    learning_rate        | 0.000242    |
|    loss                 | -0.0543     |
|    n_updates            | 380         |
|    policy_gradient_loss | -0.0226     |
|    std                  | 0.878       |
|    value_loss           | 0.0226      |
-----------------------------------------
[Step   122880] SR=0.310 | FracGoal=0.422 | Ret=777.87 | Vis=0.56 | Prog=0.063 | CollEvt=20.02 | Stage=0.33
-------------------------------------------
| curriculum/               |             |
|    stage                  | 0.33        |
| research/                 |             |
|    collision_count        | 55          |
|    collision_event_count  | 20          |
|    curriculum_stage       | 0.33        |
|    episode_length         | 585         |
|    episode_return         | 778         |
|    fraction_at_goal       | 0.422       |
|    reward_collision       | -0.00834    |
|    reward_progress        | 0.0626      |
|    reward_zero_visibility | -0.0291     |
|    stray_count            | 0.03        |
|    success_rate           | 0.31        |
|    visibility_ratio       | 0.556       |
| rollout/                  |             |
|    ep_len_mean            | 585         |
|    ep_rew_mean            | 778         |
| time/                     |             |
|    fps                    | 149         |
|    iterations             | 40          |
|    time_elapsed           | 820         |
|    total_timesteps        | 122880      |
| train/                    |             |
|    approx_kl              | 0.041118648 |
|    clip_fraction          | 0.271       |
|    clip_range             | 0.2         |
|    entropy_loss           | -2.58       |
|    explained_variance     | 0.795       |
|    learning_rate          | 0.00024     |
|    loss                   | -0.0496     |
|    n_updates              | 390         |
|    policy_gradient_loss   | -0.0225     |
|    std                    | 0.879       |
|    value_loss             | 0.0287      |
-------------------------------------------
[validation @ 125,040] SR=0.067 | FracGoal=0.101 | MeanDist=6.89 | best=0.157
----------------------------------------
| curriculum/             |            |
|    stage                | 0.33       |
| rollout/                |            |
|    ep_len_mean          | 578        |
|    ep_rew_mean          | 771        |
| time/                   |            |
|    fps                  | 143        |
|    iterations           | 41         |
|    time_elapsed         | 877        |
|    total_timesteps      | 125952     |
| train/                  |            |
|    approx_kl            | 0.03541037 |
|    clip_fraction        | 0.281      |
|    clip_range           | 0.2        |
|    entropy_loss         | -2.58      |
|    explained_variance   | 0.808      |
|    learning_rate        | 0.000239   |
|    loss                 | -0.0515    |
|    n_updates            | 400        |
|    policy_gradient_loss | -0.0251    |
|    std                  | 0.879      |
|    value_loss           | 0.038      |
| validation/             |            |
|    episode_length       | 679        |
|    fraction_at_goal     | 0.101      |
|    mean_dist_to_goal    | 6.89       |
|    success_rate         | 0.0667     |
----------------------------------------
Adaptive curriculum advanced to stage 0.66 at timestep 126,600
[Step   129024] SR=0.330 | FracGoal=0.442 | Ret=760.86 | Vis=0.56 | Prog=0.069 | CollEvt=17.83 | Stage=0.40
-------------------------------------------
| curriculum/               |             |
|    stage                  | 0.66        |
| research/                 |             |
|    collision_count        | 49.2        |
|    collision_event_count  | 17.8        |
|    curriculum_stage       | 0.396       |
|    episode_length         | 567         |
|    episode_return         | 761         |
|    fraction_at_goal       | 0.442       |
|    reward_collision       | -0.00767    |
|    reward_progress        | 0.0686      |
|    reward_zero_visibility | -0.027      |
|    stray_count            | 0.03        |
|    success_rate           | 0.33        |
|    visibility_ratio       | 0.564       |
| rollout/                  |             |
|    ep_len_mean            | 567         |
|    ep_rew_mean            | 761         |
| time/                     |             |
|    fps                    | 143         |
|    iterations             | 42          |
|    time_elapsed           | 896         |
|    total_timesteps        | 129024      |
| train/                    |             |
|    approx_kl              | 0.042673536 |
|    clip_fraction          | 0.259       |
|    clip_range             | 0.2         |
|    entropy_loss           | -2.58       |
|    explained_variance     | 0.795       |
|    learning_rate          | 0.000237    |
|    loss                   | -0.0357     |
|    n_updates              | 410         |
|    policy_gradient_loss   | -0.0237     |
|    std                    | 0.88        |
|    value_loss             | 0.0377      |
-------------------------------------------
-----------------------------------------
| curriculum/             |             |
|    stage                | 0.66        |
| rollout/                |             |
|    ep_len_mean          | 561         |
|    ep_rew_mean          | 760         |
| time/                   |             |
|    fps                  | 143         |
|    iterations           | 43          |
|    time_elapsed         | 917         |
|    total_timesteps      | 132096      |
| train/                  |             |
|    approx_kl            | 0.035419174 |
|    clip_fraction        | 0.247       |
|    clip_range           | 0.2         |
|    entropy_loss         | -2.58       |
|    explained_variance   | 0.758       |
|    learning_rate        | 0.000235    |
|    loss                 | -0.0474     |
|    n_updates            | 420         |
|    policy_gradient_loss | -0.0204     |
|    std                  | 0.881       |
|    value_loss           | 0.0351      |
-----------------------------------------
[Step   135168] SR=0.310 | FracGoal=0.434 | Ret=776.23 | Vis=0.57 | Prog=0.069 | CollEvt=17.35 | Stage=0.66
------------------------------------------
| curriculum/               |            |
|    stage                  | 0.66       |
| research/                 |            |
|    collision_count        | 49.2       |
|    collision_event_count  | 17.4       |
|    curriculum_stage       | 0.66       |
|    episode_length         | 575        |
|    episode_return         | 776        |
|    fraction_at_goal       | 0.434      |
|    reward_collision       | -0.00739   |
|    reward_progress        | 0.0686     |
|    reward_zero_visibility | -0.0242    |
|    stray_count            | 0.04       |
|    success_rate           | 0.31       |
|    visibility_ratio       | 0.569      |
| rollout/                  |            |
|    ep_len_mean            | 575        |
|    ep_rew_mean            | 776        |
| time/                     |            |
|    fps                    | 143        |
|    iterations             | 44         |
|    time_elapsed           | 943        |
|    total_timesteps        | 135168     |
| train/                    |            |
|    approx_kl              | 0.04913731 |
|    clip_fraction          | 0.302      |
|    clip_range             | 0.2        |
|    entropy_loss           | -2.58      |
|    explained_variance     | 0.679      |
|    learning_rate          | 0.000234   |
|    loss                   | -0.0528    |
|    n_updates              | 430        |
|    policy_gradient_loss   | -0.0255    |
|    std                    | 0.882      |
|    value_loss             | 0.0379     |
------------------------------------------
----------------------------------------
| curriculum/             |            |
|    stage                | 0.66       |
| rollout/                |            |
|    ep_len_mean          | 571        |
|    ep_rew_mean          | 770        |
| time/                   |            |
|    fps                  | 144        |
|    iterations           | 45         |
|    time_elapsed         | 959        |
|    total_timesteps      | 138240     |
| train/                  |            |
|    approx_kl            | 0.04022396 |
|    clip_fraction        | 0.284      |
|    clip_range           | 0.2        |
|    entropy_loss         | -2.58      |
|    explained_variance   | 0.804      |
|    learning_rate        | 0.000232   |
|    loss                 | -0.0237    |
|    n_updates            | 440        |
|    policy_gradient_loss | -0.0178    |
|    std                  | 0.878      |
|    value_loss           | 0.013      |
----------------------------------------
[Step   141312] SR=0.330 | FracGoal=0.425 | Ret=755.75 | Vis=0.60 | Prog=0.072 | CollEvt=16.79 | Stage=0.66
------------------------------------------
| curriculum/               |            |
|    stage                  | 0.66       |
| research/                 |            |
|    collision_count        | 48.3       |
|    collision_event_count  | 16.8       |
|    curriculum_stage       | 0.66       |
|    episode_length         | 563        |
|    episode_return         | 756        |
|    fraction_at_goal       | 0.425      |
|    reward_collision       | -0.00725   |
|    reward_progress        | 0.072      |
|    reward_zero_visibility | -0.0211    |
|    stray_count            | 0.04       |
|    success_rate           | 0.33       |
|    visibility_ratio       | 0.599      |
| rollout/                  |            |
|    ep_len_mean            | 563        |
|    ep_rew_mean            | 756        |
| time/                     |            |
|    fps                    | 144        |
|    iterations             | 46         |
|    time_elapsed           | 979        |
|    total_timesteps        | 141312     |
| train/                    |            |
|    approx_kl              | 0.04231764 |
|    clip_fraction          | 0.287      |
|    clip_range             | 0.2        |
|    entropy_loss           | -2.57      |
|    explained_variance     | 0.751      |
|    learning_rate          | 0.000231   |
|    loss                   | -0.034     |
|    n_updates              | 450        |
|    policy_gradient_loss   | -0.0186    |
|    std                    | 0.877      |
|    value_loss             | 0.0251     |
------------------------------------------
-----------------------------------------
| curriculum/             |             |
|    stage                | 0.66        |
| rollout/                |             |
|    ep_len_mean          | 568         |
|    ep_rew_mean          | 762         |
| time/                   |             |
|    fps                  | 143         |
|    iterations           | 47          |
|    time_elapsed         | 1005        |
|    total_timesteps      | 144384      |
| train/                  |             |
|    approx_kl            | 0.029101148 |
|    clip_fraction        | 0.24        |
|    clip_range           | 0.2         |
|    entropy_loss         | -2.57       |
|    explained_variance   | 0.753       |
|    learning_rate        | 0.000229    |
|    loss                 | -0.0361     |
|    n_updates            | 460         |
|    policy_gradient_loss | -0.0258     |
|    std                  | 0.876       |
|    value_loss           | 0.0445      |
-----------------------------------------
[Step   147456] SR=0.290 | FracGoal=0.384 | Ret=768.56 | Vis=0.61 | Prog=0.070 | CollEvt=19.08 | Stage=0.66
-------------------------------------------
| curriculum/               |             |
|    stage                  | 0.66        |
| research/                 |             |
|    collision_count        | 55.5        |
|    collision_event_count  | 19.1        |
|    curriculum_stage       | 0.66        |
|    episode_length         | 577         |
|    episode_return         | 769         |
|    fraction_at_goal       | 0.384       |
|    reward_collision       | -0.00806    |
|    reward_progress        | 0.0703      |
|    reward_zero_visibility | -0.0206     |
|    stray_count            | 0.04        |
|    success_rate           | 0.29        |
|    visibility_ratio       | 0.614       |
| rollout/                  |             |
|    ep_len_mean            | 577         |
|    ep_rew_mean            | 769         |
| time/                     |             |
|    fps                    | 145         |
|    iterations             | 48          |
|    time_elapsed           | 1016        |
|    total_timesteps        | 147456      |
| train/                    |             |
|    approx_kl              | 0.044059522 |
|    clip_fraction          | 0.273       |
|    clip_range             | 0.2         |
|    entropy_loss           | -2.57       |
|    explained_variance     | 0.92        |
|    learning_rate          | 0.000228    |
|    loss                   | -0.0663     |
|    n_updates              | 470         |
|    policy_gradient_loss   | -0.0257     |
|    std                    | 0.874       |
|    value_loss             | 0.011       |
-------------------------------------------
[validation @ 150,048] SR=0.133 | FracGoal=0.187 | MeanDist=5.47 | best=0.187
-----------------------------------------
| curriculum/             |             |
|    stage                | 0.66        |
| rollout/                |             |
|    ep_len_mean          | 580         |
|    ep_rew_mean          | 771         |
| time/                   |             |
|    fps                  | 141         |
|    iterations           | 49          |
|    time_elapsed         | 1066        |
|    total_timesteps      | 150528      |
| train/                  |             |
|    approx_kl            | 0.042853154 |
|    clip_fraction        | 0.3         |
|    clip_range           | 0.2         |
|    entropy_loss         | -2.56       |
|    explained_variance   | 0.847       |
|    learning_rate        | 0.000226    |
|    loss                 | -0.0331     |
|    n_updates            | 480         |
|    policy_gradient_loss | -0.0294     |
|    std                  | 0.871       |
|    value_loss           | 0.0182      |
| validation/             |             |
|    episode_length       | 641         |
|    fraction_at_goal     | 0.187       |
|    mean_dist_to_goal    | 5.47        |
|    success_rate         | 0.133       |
-----------------------------------------
Adaptive curriculum fell back to stage 0.33 at timestep 151,608
[Step   153600] SR=0.280 | FracGoal=0.372 | Ret=768.71 | Vis=0.62 | Prog=0.068 | CollEvt=18.84 | Stage=0.59
------------------------------------------
| curriculum/               |            |
|    stage                  | 0.33       |
| research/                 |            |
|    collision_count        | 54.9       |
|    collision_event_count  | 18.8       |
|    curriculum_stage       | 0.594      |
|    episode_length         | 581        |
|    episode_return         | 769        |
|    fraction_at_goal       | 0.372      |
|    reward_collision       | -0.00784   |
|    reward_progress        | 0.0681     |
|    reward_zero_visibility | -0.0197    |
|    stray_count            | 0.08       |
|    success_rate           | 0.28       |
|    visibility_ratio       | 0.623      |
| rollout/                  |            |
|    ep_len_mean            | 581        |
|    ep_rew_mean            | 769        |
| time/                     |            |
|    fps                    | 141        |
|    iterations             | 50         |
|    time_elapsed           | 1087       |
|    total_timesteps        | 153600     |
| train/                    |            |
|    approx_kl              | 0.04182437 |
|    clip_fraction          | 0.314      |
|    clip_range             | 0.2        |
|    entropy_loss           | -2.56      |
|    explained_variance     | 0.597      |
|    learning_rate          | 0.000225   |
|    loss                   | -0.0799    |
|    n_updates              | 490        |
|    policy_gradient_loss   | -0.0318    |
|    std                    | 0.867      |
|    value_loss             | 0.0438     |
------------------------------------------
----------------------------------------
| curriculum/             |            |
|    stage                | 0.33       |
| rollout/                |            |
|    ep_len_mean          | 583        |
|    ep_rew_mean          | 759        |
| time/                   |            |
|    fps                  | 142        |
|    iterations           | 51         |
|    time_elapsed         | 1100       |
|    total_timesteps      | 156672     |
| train/                  |            |
|    approx_kl            | 0.04308033 |
|    clip_fraction        | 0.309      |
|    clip_range           | 0.2        |
|    entropy_loss         | -2.55      |
|    explained_variance   | 0.836      |
|    learning_rate        | 0.000223   |
|    loss                 | -0.0569    |
|    n_updates            | 500        |
|    policy_gradient_loss | -0.0277    |
|    std                  | 0.866      |
|    value_loss           | 0.026      |
----------------------------------------
[Step   159744] SR=0.280 | FracGoal=0.369 | Ret=752.58 | Vis=0.62 | Prog=0.067 | CollEvt=19.09 | Stage=0.33
-----------------------------------------
| curriculum/               |           |
|    stage                  | 0.33      |
| research/                 |           |
|    collision_count        | 57        |
|    collision_event_count  | 19.1      |
|    curriculum_stage       | 0.33      |
|    episode_length         | 580       |
|    episode_return         | 753       |
|    fraction_at_goal       | 0.369     |
|    reward_collision       | -0.00803  |
|    reward_progress        | 0.0675    |
|    reward_zero_visibility | -0.0204   |
|    stray_count            | 0.12      |
|    success_rate           | 0.28      |
|    visibility_ratio       | 0.62      |
| rollout/                  |           |
|    ep_len_mean            | 580       |
|    ep_rew_mean            | 753       |
| time/                     |           |
|    fps                    | 141       |
|    iterations             | 52        |
|    time_elapsed           | 1127      |
|    total_timesteps        | 159744    |
| train/                    |           |
|    approx_kl              | 0.0387881 |
|    clip_fraction          | 0.29      |
|    clip_range             | 0.2       |
|    entropy_loss           | -2.54     |
|    explained_variance     | 0.884     |
|    learning_rate          | 0.000222  |
|    loss                   | -0.0744   |
|    n_updates              | 510       |
|    policy_gradient_loss   | -0.0312   |
|    std                    | 0.863     |
|    value_loss             | 0.0143    |
-----------------------------------------
-----------------------------------------
| curriculum/             |             |
|    stage                | 0.33        |
| rollout/                |             |
|    ep_len_mean          | 582         |
|    ep_rew_mean          | 754         |
| time/                   |             |
|    fps                  | 142         |
|    iterations           | 53          |
|    time_elapsed         | 1139        |
|    total_timesteps      | 162816      |
| train/                  |             |
|    approx_kl            | 0.052022398 |
|    clip_fraction        | 0.278       |
|    clip_range           | 0.2         |
|    entropy_loss         | -2.54       |
|    explained_variance   | 0.844       |
|    learning_rate        | 0.00022     |
|    loss                 | -0.0418     |
|    n_updates            | 520         |
|    policy_gradient_loss | -0.0389     |
|    std                  | 0.862       |
|    value_loss           | 0.0179      |
-----------------------------------------
[Step   165888] SR=0.250 | FracGoal=0.333 | Ret=754.30 | Vis=0.62 | Prog=0.064 | CollEvt=19.51 | Stage=0.33
-------------------------------------------
| curriculum/               |             |
|    stage                  | 0.33        |
| research/                 |             |
|    collision_count        | 54.6        |
|    collision_event_count  | 19.5        |
|    curriculum_stage       | 0.33        |
|    episode_length         | 589         |
|    episode_return         | 754         |
|    fraction_at_goal       | 0.333       |
|    reward_collision       | -0.00788    |
|    reward_progress        | 0.0636      |
|    reward_zero_visibility | -0.0221     |
|    stray_count            | 0.13        |
|    success_rate           | 0.25        |
|    visibility_ratio       | 0.618       |
| rollout/                  |             |
|    ep_len_mean            | 589         |
|    ep_rew_mean            | 754         |
| time/                     |             |
|    fps                    | 144         |
|    iterations             | 54          |
|    time_elapsed           | 1150        |
|    total_timesteps        | 165888      |
| train/                    |             |
|    approx_kl              | 0.032842085 |
|    clip_fraction          | 0.272       |
|    clip_range             | 0.2         |
|    entropy_loss           | -2.54       |
|    explained_variance     | 0.885       |
|    learning_rate          | 0.000219    |
|    loss                   | -0.0503     |
|    n_updates              | 530         |
|    policy_gradient_loss   | -0.033      |
|    std                    | 0.858       |
|    value_loss             | 0.0164      |
-------------------------------------------
----------------------------------------
| curriculum/             |            |
|    stage                | 0.33       |
| rollout/                |            |
|    ep_len_mean          | 584        |
|    ep_rew_mean          | 749        |
| time/                   |            |
|    fps                  | 144        |
|    iterations           | 55         |
|    time_elapsed         | 1171       |
|    total_timesteps      | 168960     |
| train/                  |            |
|    approx_kl            | 0.04611735 |
|    clip_fraction        | 0.31       |
|    clip_range           | 0.2        |
|    entropy_loss         | -2.53      |
|    explained_variance   | 0.92       |
|    learning_rate        | 0.000217   |
|    loss                 | -0.0519    |
|    n_updates            | 540        |
|    policy_gradient_loss | -0.0327    |
|    std                  | 0.858      |
|    value_loss           | 0.0144     |
----------------------------------------
[Step   172032] SR=0.280 | FracGoal=0.359 | Ret=750.06 | Vis=0.63 | Prog=0.066 | CollEvt=19.49 | Stage=0.33
-------------------------------------------
| curriculum/               |             |
|    stage                  | 0.33        |
| research/                 |             |
|    collision_count        | 53.1        |
|    collision_event_count  | 19.5        |
|    curriculum_stage       | 0.33        |
|    episode_length         | 582         |
|    episode_return         | 750         |
|    fraction_at_goal       | 0.359       |
|    reward_collision       | -0.00803    |
|    reward_progress        | 0.0658      |
|    reward_zero_visibility | -0.0203     |
|    stray_count            | 0.14        |
|    success_rate           | 0.28        |
|    visibility_ratio       | 0.626       |
| rollout/                  |             |
|    ep_len_mean            | 582         |
|    ep_rew_mean            | 750         |
| time/                     |             |
|    fps                    | 143         |
|    iterations             | 56          |
|    time_elapsed           | 1195        |
|    total_timesteps        | 172032      |
| train/                    |             |
|    approx_kl              | 0.030923586 |
|    clip_fraction          | 0.258       |
|    clip_range             | 0.2         |
|    entropy_loss           | -2.53       |
|    explained_variance     | 0.776       |
|    learning_rate          | 0.000216    |
|    loss                   | -0.074      |
|    n_updates              | 550         |
|    policy_gradient_loss   | -0.033      |
|    std                    | 0.857       |
|    value_loss             | 0.0407      |
-------------------------------------------
[validation @ 175,056] SR=0.100 | FracGoal=0.225 | MeanDist=4.72 | best=0.225
-----------------------------------------
| curriculum/             |             |
|    stage                | 0.33        |
| rollout/                |             |
|    ep_len_mean          | 584         |
|    ep_rew_mean          | 759         |
| time/                   |             |
|    fps                  | 141         |
|    iterations           | 57          |
|    time_elapsed         | 1239        |
|    total_timesteps      | 175104      |
| train/                  |             |
|    approx_kl            | 0.032012396 |
|    clip_fraction        | 0.261       |
|    clip_range           | 0.2         |
|    entropy_loss         | -2.52       |
|    explained_variance   | 0.685       |
|    learning_rate        | 0.000214    |
|    loss                 | -0.0631     |
|    n_updates            | 560         |
|    policy_gradient_loss | -0.0237     |
|    std                  | 0.854       |
|    value_loss           | 0.0299      |
| validation/             |             |
|    episode_length       | 649         |
|    fraction_at_goal     | 0.225       |
|    mean_dist_to_goal    | 4.72        |
|    success_rate         | 0.1         |
-----------------------------------------
[Step   178176] SR=0.260 | FracGoal=0.357 | Ret=765.97 | Vis=0.62 | Prog=0.062 | CollEvt=19.55 | Stage=0.33
-------------------------------------------
| curriculum/               |             |
|    stage                  | 0.33        |
| research/                 |             |
|    collision_count        | 52.9        |
|    collision_event_count  | 19.5        |
|    curriculum_stage       | 0.33        |
|    episode_length         | 591         |
|    episode_return         | 766         |
|    fraction_at_goal       | 0.357       |
|    reward_collision       | -0.00801    |
|    reward_progress        | 0.0619      |
|    reward_zero_visibility | -0.0195     |
|    stray_count            | 0.14        |
|    success_rate           | 0.26        |
|    visibility_ratio       | 0.624       |
| rollout/                  |             |
|    ep_len_mean            | 591         |
|    ep_rew_mean            | 766         |
| time/                     |             |
|    fps                    | 141         |
|    iterations             | 58          |
|    time_elapsed           | 1258        |
|    total_timesteps        | 178176      |
| train/                    |             |
|    approx_kl              | 0.041832387 |
|    clip_fraction          | 0.282       |
|    clip_range             | 0.2         |
|    entropy_loss           | -2.52       |
|    explained_variance     | 0.792       |
|    learning_rate          | 0.000212    |
|    loss                   | -0.0577     |
|    n_updates              | 570         |
|    policy_gradient_loss   | -0.0245     |
|    std                    | 0.854       |
|    value_loss             | 0.014       |
-------------------------------------------
----------------------------------------
| curriculum/             |            |
|    stage                | 0.33       |
| rollout/                |            |
|    ep_len_mean          | 591        |
|    ep_rew_mean          | 766        |
| time/                   |            |
|    fps                  | 142        |
|    iterations           | 59         |
|    time_elapsed         | 1273       |
|    total_timesteps      | 181248     |
| train/                  |            |
|    approx_kl            | 0.03448814 |
|    clip_fraction        | 0.282      |
|    clip_range           | 0.2        |
|    entropy_loss         | -2.52      |
|    explained_variance   | 0.837      |
|    learning_rate        | 0.000211   |
|    loss                 | -0.0695    |
|    n_updates            | 580        |
|    policy_gradient_loss | -0.0244    |
|    std                  | 0.853      |
|    value_loss           | 0.0282     |
----------------------------------------
[Step   184320] SR=0.240 | FracGoal=0.346 | Ret=769.50 | Vis=0.62 | Prog=0.060 | CollEvt=19.36 | Stage=0.33
-------------------------------------------
| curriculum/               |             |
|    stage                  | 0.33        |
| research/                 |             |
|    collision_count        | 51.8        |
|    collision_event_count  | 19.4        |
|    curriculum_stage       | 0.33        |
|    episode_length         | 595         |
|    episode_return         | 769         |
|    fraction_at_goal       | 0.346       |
|    reward_collision       | -0.0078     |
|    reward_progress        | 0.0596      |
|    reward_zero_visibility | -0.0201     |
|    stray_count            | 0.13        |
|    success_rate           | 0.24        |
|    visibility_ratio       | 0.624       |
| rollout/                  |             |
|    ep_len_mean            | 595         |
|    ep_rew_mean            | 769         |
| time/                     |             |
|    fps                    | 143         |
|    iterations             | 60          |
|    time_elapsed           | 1287        |
|    total_timesteps        | 184320      |
| train/                    |             |
|    approx_kl              | 0.038983215 |
|    clip_fraction          | 0.283       |
|    clip_range             | 0.2         |
|    entropy_loss           | -2.52       |
|    explained_variance     | 0.935       |
|    learning_rate          | 0.000209    |
|    loss                   | -0.0432     |
|    n_updates              | 590         |
|    policy_gradient_loss   | -0.0277     |
|    std                    | 0.854       |
|    value_loss             | 0.00755     |
-------------------------------------------
Adaptive curriculum advanced to stage 0.66 at timestep 186,768
-----------------------------------------
| curriculum/             |             |
|    stage                | 0.66        |
| rollout/                |             |
|    ep_len_mean          | 605         |
|    ep_rew_mean          | 784         |
| time/                   |             |
|    fps                  | 143         |
|    iterations           | 61          |
|    time_elapsed         | 1303        |
|    total_timesteps      | 187392      |
| train/                  |             |
|    approx_kl            | 0.042934943 |
|    clip_fraction        | 0.259       |
|    clip_range           | 0.2         |
|    entropy_loss         | -2.52       |
|    explained_variance   | 0.874       |
|    learning_rate        | 0.000208    |
|    loss                 | -0.0512     |
|    n_updates            | 600         |
|    policy_gradient_loss | -0.0257     |
|    std                  | 0.853       |
|    value_loss           | 0.016       |
-----------------------------------------
[Step   190464] SR=0.230 | FracGoal=0.351 | Ret=791.22 | Vis=0.62 | Prog=0.054 | CollEvt=20.33 | Stage=0.49
------------------------------------------
| curriculum/               |            |
|    stage                  | 0.66       |
| research/                 |            |
|    collision_count        | 53.4       |
|    collision_event_count  | 20.3       |
|    curriculum_stage       | 0.495      |
|    episode_length         | 610        |
|    episode_return         | 791        |
|    fraction_at_goal       | 0.351      |
|    reward_collision       | -0.00813   |
|    reward_progress        | 0.0541     |
|    reward_zero_visibility | -0.0195    |
|    stray_count            | 0.15       |
|    success_rate           | 0.23       |
|    visibility_ratio       | 0.624      |
| rollout/                  |            |
|    ep_len_mean            | 610        |
|    ep_rew_mean            | 791        |
| time/                     |            |
|    fps                    | 143        |
|    iterations             | 62         |
|    time_elapsed           | 1324       |
|    total_timesteps        | 190464     |
| train/                    |            |
|    approx_kl              | 0.03557708 |
|    clip_fraction          | 0.266      |
|    clip_range             | 0.2        |
|    entropy_loss           | -2.52      |
|    explained_variance     | 0.794      |
|    learning_rate          | 0.000206   |
|    loss                   | -0.0281    |
|    n_updates              | 610        |
|    policy_gradient_loss   | -0.0245    |
|    std                    | 0.851      |
|    value_loss             | 0.0171     |
------------------------------------------
-----------------------------------------
| curriculum/             |             |
|    stage                | 0.66        |
| rollout/                |             |
|    ep_len_mean          | 604         |
|    ep_rew_mean          | 781         |
| time/                   |             |
|    fps                  | 144         |
|    iterations           | 63          |
|    time_elapsed         | 1343        |
|    total_timesteps      | 193536      |
| train/                  |             |
|    approx_kl            | 0.048344992 |
|    clip_fraction        | 0.272       |
|    clip_range           | 0.2         |
|    entropy_loss         | -2.52       |
|    explained_variance   | 0.657       |
|    learning_rate        | 0.000205    |
|    loss                 | -0.0512     |
|    n_updates            | 620         |
|    policy_gradient_loss | -0.0234     |
|    std                  | 0.853       |
|    value_loss           | 0.0512      |
-----------------------------------------
[Step   196608] SR=0.230 | FracGoal=0.348 | Ret=791.78 | Vis=0.62 | Prog=0.054 | CollEvt=19.89 | Stage=0.66
-------------------------------------------
| curriculum/               |             |
|    stage                  | 0.66        |
| research/                 |             |
|    collision_count        | 53.7        |
|    collision_event_count  | 19.9        |
|    curriculum_stage       | 0.66        |
|    episode_length         | 613         |
|    episode_return         | 792         |
|    fraction_at_goal       | 0.348       |
|    reward_collision       | -0.0079     |
|    reward_progress        | 0.0542      |
|    reward_zero_visibility | -0.0202     |
|    stray_count            | 0.14        |
|    success_rate           | 0.23        |
|    visibility_ratio       | 0.617       |
| rollout/                  |             |
|    ep_len_mean            | 613         |
|    ep_rew_mean            | 792         |
| time/                     |             |
|    fps                    | 144         |
|    iterations             | 64          |
|    time_elapsed           | 1364        |
|    total_timesteps        | 196608      |
| train/                    |             |
|    approx_kl              | 0.039983258 |
|    clip_fraction          | 0.272       |
|    clip_range             | 0.2         |
|    entropy_loss           | -2.52       |
|    explained_variance     | 0.656       |
|    learning_rate          | 0.000203    |
|    loss                   | -0.0711     |
|    n_updates              | 630         |
|    policy_gradient_loss   | -0.0307     |
|    std                    | 0.849       |
|    value_loss             | 0.0468      |
-------------------------------------------
-----------------------------------------
| curriculum/             |             |
|    stage                | 0.66        |
| rollout/                |             |
|    ep_len_mean          | 609         |
|    ep_rew_mean          | 787         |
| time/                   |             |
|    fps                  | 143         |
|    iterations           | 65          |
|    time_elapsed         | 1388        |
|    total_timesteps      | 199680      |
| train/                  |             |
|    approx_kl            | 0.057130232 |
|    clip_fraction        | 0.315       |
|    clip_range           | 0.2         |
|    entropy_loss         | -2.5        |
|    explained_variance   | 0.915       |
|    learning_rate        | 0.000202    |
|    loss                 | -0.0754     |
|    n_updates            | 640         |
|    policy_gradient_loss | -0.0322     |
|    std                  | 0.844       |
|    value_loss           | 0.0162      |
-----------------------------------------
[validation @ 200,064] SR=0.167 | FracGoal=0.229 | MeanDist=4.71 | best=0.229
[Step   202752] SR=0.250 | FracGoal=0.367 | Ret=778.30 | Vis=0.58 | Prog=0.056 | CollEvt=19.20 | Stage=0.66
------------------------------------------
| curriculum/               |            |
|    stage                  | 0.66       |
| research/                 |            |
|    collision_count        | 51.9       |
|    collision_event_count  | 19.2       |
|    curriculum_stage       | 0.66       |
|    episode_length         | 607        |
|    episode_return         | 778        |
|    fraction_at_goal       | 0.367      |
|    reward_collision       | -0.00769   |
|    reward_progress        | 0.0561     |
|    reward_zero_visibility | -0.0294    |
|    stray_count            | 0.14       |
|    success_rate           | 0.25       |
|    visibility_ratio       | 0.576      |
| rollout/                  |            |
|    ep_len_mean            | 607        |
|    ep_rew_mean            | 778        |
| time/                     |            |
|    fps                    | 141        |
|    iterations             | 66         |
|    time_elapsed           | 1433       |
|    total_timesteps        | 202752     |
| train/                    |            |
|    approx_kl              | 0.03646575 |
|    clip_fraction          | 0.264      |
|    clip_range             | 0.2        |
|    entropy_loss           | -2.49      |
|    explained_variance     | 0.889      |
|    learning_rate          | 0.0002     |
|    loss                   | -0.0319    |
|    n_updates              | 650        |
|    policy_gradient_loss   | -0.0231    |
|    std                    | 0.839      |
|    value_loss             | 0.0231     |
| validation/               |            |
|    episode_length         | 628        |
|    fraction_at_goal       | 0.229      |
|    mean_dist_to_goal      | 4.71       |
|    success_rate           | 0.167      |
------------------------------------------
-----------------------------------------
| curriculum/             |             |
|    stage                | 0.66        |
| rollout/                |             |
|    ep_len_mean          | 597         |
|    ep_rew_mean          | 767         |
| time/                   |             |
|    fps                  | 140         |
|    iterations           | 67          |
|    time_elapsed         | 1462        |
|    total_timesteps      | 205824      |
| train/                  |             |
|    approx_kl            | 0.047113262 |
|    clip_fraction        | 0.292       |
|    clip_range           | 0.2         |
|    entropy_loss         | -2.48       |
|    explained_variance   | 0.783       |
|    learning_rate        | 0.000199    |
|    loss                 | 0.00935     |
|    n_updates            | 660         |
|    policy_gradient_loss | -0.0217     |
|    std                  | 0.837       |
|    value_loss           | 0.0442      |
-----------------------------------------
[Step   208896] SR=0.270 | FracGoal=0.396 | Ret=769.76 | Vis=0.57 | Prog=0.059 | CollEvt=17.48 | Stage=0.66
-------------------------------------------
| curriculum/               |             |
|    stage                  | 0.66        |
| research/                 |             |
|    collision_count        | 51          |
|    collision_event_count  | 17.5        |
|    curriculum_stage       | 0.66        |
|    episode_length         | 597         |
|    episode_return         | 770         |
|    fraction_at_goal       | 0.396       |
|    reward_collision       | -0.00733    |
|    reward_progress        | 0.0593      |
|    reward_zero_visibility | -0.0288     |
|    stray_count            | 0.14        |
|    success_rate           | 0.27        |
|    visibility_ratio       | 0.574       |
| rollout/                  |             |
|    ep_len_mean            | 597         |
|    ep_rew_mean            | 770         |
| time/                     |             |
|    fps                    | 141         |
|    iterations             | 68          |
|    time_elapsed           | 1480        |
|    total_timesteps        | 208896      |
| train/                    |             |
|    approx_kl              | 0.048885588 |
|    clip_fraction          | 0.285       |
|    clip_range             | 0.2         |
|    entropy_loss           | -2.48       |
|    explained_variance     | 0.796       |
|    learning_rate          | 0.000197    |
|    loss                   | -0.0421     |
|    n_updates              | 670         |
|    policy_gradient_loss   | -0.0251     |
|    std                    | 0.835       |
|    value_loss             | 0.0178      |
-------------------------------------------
----------------------------------------
| curriculum/             |            |
|    stage                | 0.66       |
| rollout/                |            |
|    ep_len_mean          | 606        |
|    ep_rew_mean          | 780        |
| time/                   |            |
|    fps                  | 141        |
|    iterations           | 69         |
|    time_elapsed         | 1497       |
|    total_timesteps      | 211968     |
| train/                  |            |
|    approx_kl            | 0.04966991 |
|    clip_fraction        | 0.308      |
|    clip_range           | 0.2        |
|    entropy_loss         | -2.48      |
|    explained_variance   | 0.899      |
|    learning_rate        | 0.000196   |
|    loss                 | -0.0396    |
|    n_updates            | 680        |
|    policy_gradient_loss | -0.0214    |
|    std                  | 0.833      |
|    value_loss           | 0.012      |
----------------------------------------
[Step   215040] SR=0.250 | FracGoal=0.394 | Ret=776.09 | Vis=0.57 | Prog=0.060 | CollEvt=16.72 | Stage=0.66
------------------------------------------
| curriculum/               |            |
|    stage                  | 0.66       |
| research/                 |            |
|    collision_count        | 51.1       |
|    collision_event_count  | 16.7       |
|    curriculum_stage       | 0.66       |
|    episode_length         | 602        |
|    episode_return         | 776        |
|    fraction_at_goal       | 0.394      |
|    reward_collision       | -0.00713   |
|    reward_progress        | 0.06       |
|    reward_zero_visibility | -0.0329    |
|    stray_count            | 0.09       |
|    success_rate           | 0.25       |
|    visibility_ratio       | 0.565      |
| rollout/                  |            |
|    ep_len_mean            | 602        |
|    ep_rew_mean            | 776        |
| time/                     |            |
|    fps                    | 141        |
|    iterations             | 70         |
|    time_elapsed           | 1517       |
|    total_timesteps        | 215040     |
| train/                    |            |
|    approx_kl              | 0.03785508 |
|    clip_fraction          | 0.298      |
|    clip_range             | 0.2        |
|    entropy_loss           | -2.47      |
|    explained_variance     | 0.933      |
|    learning_rate          | 0.000194   |
|    loss                   | -0.0193    |
|    n_updates              | 690        |
|    policy_gradient_loss   | -0.0196    |
|    std                    | 0.832      |
|    value_loss             | 0.0114     |
------------------------------------------
---------------------------------------
| curriculum/             |           |
|    stage                | 0.66      |
| rollout/                |           |
|    ep_len_mean          | 597       |
|    ep_rew_mean          | 778       |
| time/                   |           |
|    fps                  | 142       |
|    iterations           | 71        |
|    time_elapsed         | 1530      |
|    total_timesteps      | 218112    |
| train/                  |           |
|    approx_kl            | 0.0422135 |
|    clip_fraction        | 0.272     |
|    clip_range           | 0.2       |
|    entropy_loss         | -2.46     |
|    explained_variance   | 0.887     |
|    learning_rate        | 0.000192  |
|    loss                 | -0.08     |
|    n_updates            | 700       |
|    policy_gradient_loss | -0.0328   |
|    std                  | 0.827     |
|    value_loss           | 0.0168    |
---------------------------------------
Adaptive curriculum fell back to stage 0.33 at timestep 218,316
[Step   221184] SR=0.260 | FracGoal=0.405 | Ret=769.59 | Vis=0.56 | Prog=0.062 | CollEvt=15.59 | Stage=0.53
-------------------------------------------
| curriculum/               |             |
|    stage                  | 0.33        |
| research/                 |             |
|    collision_count        | 48.7        |
|    collision_event_count  | 15.6        |
|    curriculum_stage       | 0.528       |
|    episode_length         | 595         |
|    episode_return         | 770         |
|    fraction_at_goal       | 0.405       |
|    reward_collision       | -0.00673    |
|    reward_progress        | 0.0624      |
|    reward_zero_visibility | -0.0355     |
|    stray_count            | 0.05        |
|    success_rate           | 0.26        |
|    visibility_ratio       | 0.564       |
| rollout/                  |             |
|    ep_len_mean            | 595         |
|    ep_rew_mean            | 770         |
| time/                     |             |
|    fps                    | 142         |
|    iterations             | 72          |
|    time_elapsed           | 1554        |
|    total_timesteps        | 221184      |
| train/                    |             |
|    approx_kl              | 0.040665805 |
|    clip_fraction          | 0.303       |
|    clip_range             | 0.2         |
|    entropy_loss           | -2.45       |
|    explained_variance     | 0.892       |
|    learning_rate          | 0.000191    |
|    loss                   | -0.0747     |
|    n_updates              | 710         |
|    policy_gradient_loss   | -0.0304     |
|    std                    | 0.824       |
|    value_loss             | 0.0182      |
-------------------------------------------
----------------------------------------
| curriculum/             |            |
|    stage                | 0.33       |
| rollout/                |            |
|    ep_len_mean          | 595        |
|    ep_rew_mean          | 771        |
| time/                   |            |
|    fps                  | 142        |
|    iterations           | 73         |
|    time_elapsed         | 1572       |
|    total_timesteps      | 224256     |
| train/                  |            |
|    approx_kl            | 0.04033998 |
|    clip_fraction        | 0.291      |
|    clip_range           | 0.2        |
|    entropy_loss         | -2.45      |
|    explained_variance   | 0.885      |
|    learning_rate        | 0.000189   |
|    loss                 | 0.00934    |
|    n_updates            | 720        |
|    policy_gradient_loss | -0.0207    |
|    std                  | 0.82       |
|    value_loss           | 0.0385     |
----------------------------------------
[validation @ 225,072] SR=0.200 | FracGoal=0.266 | MeanDist=4.34 | best=0.266
[Step   227328] SR=0.270 | FracGoal=0.430 | Ret=767.94 | Vis=0.55 | Prog=0.064 | CollEvt=14.14 | Stage=0.33
------------------------------------------
| curriculum/               |            |
|    stage                  | 0.33       |
| research/                 |            |
|    collision_count        | 45.4       |
|    collision_event_count  | 14.1       |
|    curriculum_stage       | 0.33       |
|    episode_length         | 593        |
|    episode_return         | 768        |
|    fraction_at_goal       | 0.43       |
|    reward_collision       | -0.00617   |
|    reward_progress        | 0.0644     |
|    reward_zero_visibility | -0.0404    |
|    stray_count            | 0.07       |
|    success_rate           | 0.27       |
|    visibility_ratio       | 0.551      |
| rollout/                  |            |
|    ep_len_mean            | 593        |
|    ep_rew_mean            | 768        |
| time/                     |            |
|    fps                    | 140        |
|    iterations             | 74         |
|    time_elapsed           | 1619       |
|    total_timesteps        | 227328     |
| train/                    |            |
|    approx_kl              | 0.05176181 |
|    clip_fraction          | 0.305      |
|    clip_range             | 0.2        |
|    entropy_loss           | -2.44      |
|    explained_variance     | 0.941      |
|    learning_rate          | 0.000188   |
|    loss                   | -0.029     |
|    n_updates              | 730        |
|    policy_gradient_loss   | -0.0253    |
|    std                    | 0.819      |
|    value_loss             | 0.00899    |
| validation/               |            |
|    episode_length         | 607        |
|    fraction_at_goal       | 0.266      |
|    mean_dist_to_goal      | 4.34       |
|    success_rate           | 0.2        |
------------------------------------------
-----------------------------------------
| curriculum/             |             |
|    stage                | 0.33        |
| rollout/                |             |
|    ep_len_mean          | 597         |
|    ep_rew_mean          | 776         |
| time/                   |             |
|    fps                  | 140         |
|    iterations           | 75          |
|    time_elapsed         | 1643        |
|    total_timesteps      | 230400      |
| train/                  |             |
|    approx_kl            | 0.036151562 |
|    clip_fraction        | 0.268       |
|    clip_range           | 0.2         |
|    entropy_loss         | -2.44       |
|    explained_variance   | 0.789       |
|    learning_rate        | 0.000186    |
|    loss                 | 0.0113      |
|    n_updates            | 740         |
|    policy_gradient_loss | -0.0266     |
|    std                  | 0.817       |
|    value_loss           | 0.0551      |
-----------------------------------------
[Step   233472] SR=0.260 | FracGoal=0.434 | Ret=769.42 | Vis=0.55 | Prog=0.066 | CollEvt=13.62 | Stage=0.33
------------------------------------------
| curriculum/               |            |
|    stage                  | 0.33       |
| research/                 |            |
|    collision_count        | 45.3       |
|    collision_event_count  | 13.6       |
|    curriculum_stage       | 0.33       |
|    episode_length         | 591        |
|    episode_return         | 769        |
|    fraction_at_goal       | 0.434      |
|    reward_collision       | -0.00604   |
|    reward_progress        | 0.0656     |
|    reward_zero_visibility | -0.0413    |
|    stray_count            | 0.06       |
|    success_rate           | 0.26       |
|    visibility_ratio       | 0.548      |
| rollout/                  |            |
|    ep_len_mean            | 591        |
|    ep_rew_mean            | 769        |
| time/                     |            |
|    fps                    | 140        |
|    iterations             | 76         |
|    time_elapsed           | 1667       |
|    total_timesteps        | 233472     |
| train/                    |            |
|    approx_kl              | 0.06809387 |
|    clip_fraction          | 0.302      |
|    clip_range             | 0.2        |
|    entropy_loss           | -2.43      |
|    explained_variance     | 0.775      |
|    learning_rate          | 0.000185   |
|    loss                   | 0.0123     |
|    n_updates              | 750        |
|    policy_gradient_loss   | -0.0207    |
|    std                    | 0.816      |
|    value_loss             | 0.0415     |
------------------------------------------
----------------------------------------
| curriculum/             |            |
|    stage                | 0.33       |
| rollout/                |            |
|    ep_len_mean          | 586        |
|    ep_rew_mean          | 766        |
| time/                   |            |
|    fps                  | 140        |
|    iterations           | 77         |
|    time_elapsed         | 1681       |
|    total_timesteps      | 236544     |
| train/                  |            |
|    approx_kl            | 0.04340043 |
|    clip_fraction        | 0.276      |
|    clip_range           | 0.2        |
|    entropy_loss         | -2.43      |
|    explained_variance   | 0.679      |
|    learning_rate        | 0.000183   |
|    loss                 | -0.0644    |
|    n_updates            | 760        |
|    policy_gradient_loss | -0.0271    |
|    std                  | 0.814      |
|    value_loss           | 0.0265     |
----------------------------------------
[Step   239616] SR=0.320 | FracGoal=0.469 | Ret=747.17 | Vis=0.59 | Prog=0.073 | CollEvt=15.57 | Stage=0.33
------------------------------------------
| curriculum/               |            |
|    stage                  | 0.33       |
| research/                 |            |
|    collision_count        | 48.6       |
|    collision_event_count  | 15.6       |
|    curriculum_stage       | 0.33       |
|    episode_length         | 569        |
|    episode_return         | 747        |
|    fraction_at_goal       | 0.469      |
|    reward_collision       | -0.00687   |
|    reward_progress        | 0.0727     |
|    reward_zero_visibility | -0.0386    |
|    stray_count            | 0.07       |
|    success_rate           | 0.32       |
|    visibility_ratio       | 0.592      |
| rollout/                  |            |
|    ep_len_mean            | 569        |
|    ep_rew_mean            | 747        |
| time/                     |            |
|    fps                    | 139        |
|    iterations             | 78         |
|    time_elapsed           | 1713       |
|    total_timesteps        | 239616     |
| train/                    |            |
|    approx_kl              | 0.04151988 |
|    clip_fraction          | 0.267      |
|    clip_range             | 0.2        |
|    entropy_loss           | -2.43      |
|    explained_variance     | 0.547      |
|    learning_rate          | 0.000182   |
|    loss                   | -0.0517    |
|    n_updates              | 770        |
|    policy_gradient_loss   | -0.0185    |
|    std                    | 0.815      |
|    value_loss             | 0.0816     |
------------------------------------------
-----------------------------------------
| curriculum/             |             |
|    stage                | 0.33        |
| rollout/                |             |
|    ep_len_mean          | 564         |
|    ep_rew_mean          | 741         |
| time/                   |             |
|    fps                  | 139         |
|    iterations           | 79          |
|    time_elapsed         | 1740        |
|    total_timesteps      | 242688      |
| train/                  |             |
|    approx_kl            | 0.044628553 |
|    clip_fraction        | 0.28        |
|    clip_range           | 0.2         |
|    entropy_loss         | -2.43       |
|    explained_variance   | 0.793       |
|    learning_rate        | 0.00018     |
|    loss                 | -0.0552     |
|    n_updates            | 780         |
|    policy_gradient_loss | -0.0293     |
|    std                  | 0.814       |
|    value_loss           | 0.049       |
-----------------------------------------
Adaptive curriculum advanced to stage 0.66 at timestep 244,020
[Step   245760] SR=0.350 | FracGoal=0.484 | Ret=734.35 | Vis=0.60 | Prog=0.076 | CollEvt=16.11 | Stage=0.43
------------------------------------------
| curriculum/               |            |
|    stage                  | 0.66       |
| research/                 |            |
|    collision_count        | 49.1       |
|    collision_event_count  | 16.1       |
|    curriculum_stage       | 0.429      |
|    episode_length         | 560        |
|    episode_return         | 734        |
|    fraction_at_goal       | 0.484      |
|    reward_collision       | -0.00704   |
|    reward_progress        | 0.0755     |
|    reward_zero_visibility | -0.0396    |
|    stray_count            | 0.06       |
|    success_rate           | 0.35       |
|    visibility_ratio       | 0.602      |
| rollout/                  |            |
|    ep_len_mean            | 560        |
|    ep_rew_mean            | 734        |
| time/                     |            |
|    fps                    | 140        |
|    iterations             | 80         |
|    time_elapsed           | 1750       |
|    total_timesteps        | 245760     |
| train/                    |            |
|    approx_kl              | 0.04547397 |
|    clip_fraction          | 0.286      |
|    clip_range             | 0.2        |
|    entropy_loss           | -2.42      |
|    explained_variance     | 0.768      |
|    learning_rate          | 0.000179   |
|    loss                   | -0.0618    |
|    n_updates              | 790        |
|    policy_gradient_loss   | -0.0241    |
|    std                    | 0.813      |
|    value_loss             | 0.0278     |
------------------------------------------
-----------------------------------------
| curriculum/             |             |
|    stage                | 0.66        |
| rollout/                |             |
|    ep_len_mean          | 565         |
|    ep_rew_mean          | 741         |
| time/                   |             |
|    fps                  | 140         |
|    iterations           | 81          |
|    time_elapsed         | 1768        |
|    total_timesteps      | 248832      |
| train/                  |             |
|    approx_kl            | 0.046921175 |
|    clip_fraction        | 0.272       |
|    clip_range           | 0.2         |
|    entropy_loss         | -2.42       |
|    explained_variance   | 0.806       |
|    learning_rate        | 0.000177    |
|    loss                 | -0.0566     |
|    n_updates            | 800         |
|    policy_gradient_loss | -0.0334     |
|    std                  | 0.811       |
|    value_loss           | 0.0319      |
-----------------------------------------
[validation @ 250,080] SR=0.167 | FracGoal=0.249 | MeanDist=4.60 | best=0.266
[Step   251904] SR=0.320 | FracGoal=0.462 | Ret=749.33 | Vis=0.61 | Prog=0.072 | CollEvt=17.94 | Stage=0.66
-------------------------------------------
| curriculum/               |             |
|    stage                  | 0.66        |
| research/                 |             |
|    collision_count        | 51.7        |
|    collision_event_count  | 17.9        |
|    curriculum_stage       | 0.66        |
|    episode_length         | 571         |
|    episode_return         | 749         |
|    fraction_at_goal       | 0.462       |
|    reward_collision       | -0.00752    |
|    reward_progress        | 0.0717      |
|    reward_zero_visibility | -0.038      |
|    stray_count            | 0.07        |
|    success_rate           | 0.32        |
|    visibility_ratio       | 0.612       |
| rollout/                  |             |
|    ep_len_mean            | 571         |
|    ep_rew_mean            | 749         |
| time/                     |             |
|    fps                    | 138         |
|    iterations             | 82          |
|    time_elapsed           | 1818        |
|    total_timesteps        | 251904      |
| train/                    |             |
|    approx_kl              | 0.039059468 |
|    clip_fraction          | 0.263       |
|    clip_range             | 0.2         |
|    entropy_loss           | -2.41       |
|    explained_variance     | 0.796       |
|    learning_rate          | 0.000176    |
|    loss                   | -0.0551     |
|    n_updates              | 810         |
|    policy_gradient_loss   | -0.0257     |
|    std                    | 0.807       |
|    value_loss             | 0.0218      |
| validation/               |             |
|    episode_length         | 616         |
|    fraction_at_goal       | 0.249       |
|    mean_dist_to_goal      | 4.6         |
|    success_rate           | 0.167       |
-------------------------------------------
----------------------------------------
| curriculum/             |            |
|    stage                | 0.66       |
| rollout/                |            |
|    ep_len_mean          | 567        |
|    ep_rew_mean          | 749        |
| time/                   |            |
|    fps                  | 139        |
|    iterations           | 83         |
|    time_elapsed         | 1832       |
|    total_timesteps      | 254976     |
| train/                  |            |
|    approx_kl            | 0.07246494 |
|    clip_fraction        | 0.304      |
|    clip_range           | 0.2        |
|    entropy_loss         | -2.41      |
|    explained_variance   | 0.881      |
|    learning_rate        | 0.000174   |
|    loss                 | -0.0734    |
|    n_updates            | 820        |
|    policy_gradient_loss | -0.0239    |
|    std                  | 0.805      |
|    value_loss           | 0.0122     |
----------------------------------------
[Step   258048] SR=0.330 | FracGoal=0.478 | Ret=753.69 | Vis=0.63 | Prog=0.075 | CollEvt=18.60 | Stage=0.66
-------------------------------------------
| curriculum/               |             |
|    stage                  | 0.66        |
| research/                 |             |
|    collision_count        | 54          |
|    collision_event_count  | 18.6        |
|    curriculum_stage       | 0.66        |
|    episode_length         | 566         |
|    episode_return         | 754         |
|    fraction_at_goal       | 0.478       |
|    reward_collision       | -0.00782    |
|    reward_progress        | 0.0755      |
|    reward_zero_visibility | -0.0336     |
|    stray_count            | 0.12        |
|    success_rate           | 0.33        |
|    visibility_ratio       | 0.635       |
| rollout/                  |             |
|    ep_len_mean            | 566         |
|    ep_rew_mean            | 754         |
| time/                     |             |
|    fps                    | 139         |
|    iterations             | 84          |
|    time_elapsed           | 1854        |
|    total_timesteps        | 258048      |
| train/                    |             |
|    approx_kl              | 0.037914522 |
|    clip_fraction          | 0.282       |
|    clip_range             | 0.2         |
|    entropy_loss           | -2.4        |
|    explained_variance     | 0.755       |
|    learning_rate          | 0.000173    |
|    loss                   | -0.0123     |
|    n_updates              | 830         |
|    policy_gradient_loss   | -0.0242     |
|    std                    | 0.802       |
|    value_loss             | 0.0206      |
-------------------------------------------
----------------------------------------
| curriculum/             |            |
|    stage                | 0.66       |
| rollout/                |            |
|    ep_len_mean          | 563        |
|    ep_rew_mean          | 754        |
| time/                   |            |
|    fps                  | 139        |
|    iterations           | 85         |
|    time_elapsed         | 1872       |
|    total_timesteps      | 261120     |
| train/                  |            |
|    approx_kl            | 0.04899957 |
|    clip_fraction        | 0.295      |
|    clip_range           | 0.2        |
|    entropy_loss         | -2.4       |
|    explained_variance   | 0.735      |
|    learning_rate        | 0.000171   |
|    loss                 | -0.0172    |
|    n_updates            | 840        |
|    policy_gradient_loss | -0.0237    |
|    std                  | 0.802      |
|    value_loss           | 0.0249     |
----------------------------------------
[Step   264192] SR=0.320 | FracGoal=0.470 | Ret=762.07 | Vis=0.64 | Prog=0.073 | CollEvt=19.79 | Stage=0.66
------------------------------------------
| curriculum/               |            |
|    stage                  | 0.66       |
| research/                 |            |
|    collision_count        | 51.3       |
|    collision_event_count  | 19.8       |
|    curriculum_stage       | 0.66       |
|    episode_length         | 572        |
|    episode_return         | 762        |
|    fraction_at_goal       | 0.47       |
|    reward_collision       | -0.00781   |
|    reward_progress        | 0.0735     |
|    reward_zero_visibility | -0.0311    |
|    stray_count            | 0.2        |
|    success_rate           | 0.32       |
|    visibility_ratio       | 0.641      |
| rollout/                  |            |
|    ep_len_mean            | 572        |
|    ep_rew_mean            | 762        |
| time/                     |            |
|    fps                    | 139        |
|    iterations             | 86         |
|    time_elapsed           | 1887       |
|    total_timesteps        | 264192     |
| train/                    |            |
|    approx_kl              | 0.06104432 |
|    clip_fraction          | 0.308      |
|    clip_range             | 0.2        |
|    entropy_loss           | -2.4       |
|    explained_variance     | 0.857      |
|    learning_rate          | 0.000169   |
|    loss                   | -0.0562    |
|    n_updates              | 850        |
|    policy_gradient_loss   | -0.0321    |
|    std                    | 0.801      |
|    value_loss             | 0.0144     |
------------------------------------------
-----------------------------------------
| curriculum/             |             |
|    stage                | 0.66        |
| rollout/                |             |
|    ep_len_mean          | 566         |
|    ep_rew_mean          | 756         |
| time/                   |             |
|    fps                  | 139         |
|    iterations           | 87          |
|    time_elapsed         | 1910        |
|    total_timesteps      | 267264      |
| train/                  |             |
|    approx_kl            | 0.049368158 |
|    clip_fraction        | 0.29        |
|    clip_range           | 0.2         |
|    entropy_loss         | -2.39       |
|    explained_variance   | 0.791       |
|    learning_rate        | 0.000168    |
|    loss                 | -0.0353     |
|    n_updates            | 860         |
|    policy_gradient_loss | -0.0313     |
|    std                  | 0.8         |
|    value_loss           | 0.0222      |
-----------------------------------------
[Step   270336] SR=0.340 | FracGoal=0.479 | Ret=761.26 | Vis=0.66 | Prog=0.074 | CollEvt=22.47 | Stage=0.66
-------------------------------------------
| curriculum/               |             |
|    stage                  | 0.66        |
| research/                 |             |
|    collision_count        | 58          |
|    collision_event_count  | 22.5        |
|    curriculum_stage       | 0.66        |
|    episode_length         | 569         |
|    episode_return         | 761         |
|    fraction_at_goal       | 0.479       |
|    reward_collision       | -0.00883    |
|    reward_progress        | 0.0739      |
|    reward_zero_visibility | -0.0261     |
|    stray_count            | 0.24        |
|    success_rate           | 0.34        |
|    visibility_ratio       | 0.657       |
| rollout/                  |             |
|    ep_len_mean            | 569         |
|    ep_rew_mean            | 761         |
| time/                     |             |
|    fps                    | 140         |
|    iterations             | 88          |
|    time_elapsed           | 1926        |
|    total_timesteps        | 270336      |
| train/                    |             |
|    approx_kl              | 0.042006463 |
|    clip_fraction          | 0.282       |
|    clip_range             | 0.2         |
|    entropy_loss           | -2.39       |
|    explained_variance     | 0.824       |
|    learning_rate          | 0.000166    |
|    loss                   | -0.0559     |
|    n_updates              | 870         |
|    policy_gradient_loss   | -0.0225     |
|    std                    | 0.797       |
|    value_loss             | 0.021       |
-------------------------------------------
----------------------------------------
| curriculum/             |            |
|    stage                | 0.66       |
| rollout/                |            |
|    ep_len_mean          | 570        |
|    ep_rew_mean          | 769        |
| time/                   |            |
|    fps                  | 140        |
|    iterations           | 89         |
|    time_elapsed         | 1941       |
|    total_timesteps      | 273408     |
| train/                  |            |
|    approx_kl            | 0.03021865 |
|    clip_fraction        | 0.276      |
|    clip_range           | 0.2        |
|    entropy_loss         | -2.38      |
|    explained_variance   | 0.898      |
|    learning_rate        | 0.000165   |
|    loss                 | -0.0556    |
|    n_updates            | 880        |
|    policy_gradient_loss | -0.0211    |
|    std                  | 0.796      |
|    value_loss           | 0.0118     |
----------------------------------------
[validation @ 275,088] SR=0.167 | FracGoal=0.237 | MeanDist=4.94 | best=0.266
[Step   276480] SR=0.360 | FracGoal=0.493 | Ret=767.54 | Vis=0.67 | Prog=0.075 | CollEvt=22.72 | Stage=0.66
------------------------------------------
| curriculum/               |            |
|    stage                  | 0.66       |
| research/                 |            |
|    collision_count        | 53.3       |
|    collision_event_count  | 22.7       |
|    curriculum_stage       | 0.66       |
|    episode_length         | 564        |
|    episode_return         | 768        |
|    fraction_at_goal       | 0.493      |
|    reward_collision       | -0.00885   |
|    reward_progress        | 0.0752     |
|    reward_zero_visibility | -0.0236    |
|    stray_count            | 0.23       |
|    success_rate           | 0.36       |
|    visibility_ratio       | 0.67       |
| rollout/                  |            |
|    ep_len_mean            | 564        |
|    ep_rew_mean            | 768        |
| time/                     |            |
|    fps                    | 139        |
|    iterations             | 90         |
|    time_elapsed           | 1988       |
|    total_timesteps        | 276480     |
| train/                    |            |
|    approx_kl              | 0.04418928 |
|    clip_fraction          | 0.267      |
|    clip_range             | 0.2        |
|    entropy_loss           | -2.38      |
|    explained_variance     | 0.888      |
|    learning_rate          | 0.000163   |
|    loss                   | -0.0746    |
|    n_updates              | 890        |
|    policy_gradient_loss   | -0.0342    |
|    std                    | 0.794      |
|    value_loss             | 0.0142     |
| validation/               |            |
|    episode_length         | 643        |
|    fraction_at_goal       | 0.237      |
|    mean_dist_to_goal      | 4.94       |
|    success_rate           | 0.167      |
------------------------------------------
-----------------------------------------
| curriculum/             |             |
|    stage                | 0.66        |
| rollout/                |             |
|    ep_len_mean          | 556         |
|    ep_rew_mean          | 754         |
| time/                   |             |
|    fps                  | 139         |
|    iterations           | 91          |
|    time_elapsed         | 2009        |
|    total_timesteps      | 279552      |
| train/                  |             |
|    approx_kl            | 0.038993154 |
|    clip_fraction        | 0.259       |
|    clip_range           | 0.2         |
|    entropy_loss         | -2.37       |
|    explained_variance   | 0.811       |
|    learning_rate        | 0.000162    |
|    loss                 | -0.0622     |
|    n_updates            | 900         |
|    policy_gradient_loss | -0.0308     |
|    std                  | 0.791       |
|    value_loss           | 0.0331      |
-----------------------------------------
[Step   282624] SR=0.360 | FracGoal=0.479 | Ret=753.61 | Vis=0.68 | Prog=0.085 | CollEvt=23.27 | Stage=0.66
------------------------------------------
| curriculum/               |            |
|    stage                  | 0.66       |
| research/                 |            |
|    collision_count        | 53.7       |
|    collision_event_count  | 23.3       |
|    curriculum_stage       | 0.66       |
|    episode_length         | 558        |
|    episode_return         | 754        |
|    fraction_at_goal       | 0.479      |
|    reward_collision       | -0.00909   |
|    reward_progress        | 0.0848     |
|    reward_zero_visibility | -0.0248    |
|    stray_count            | 0.27       |
|    success_rate           | 0.36       |
|    visibility_ratio       | 0.677      |
| rollout/                  |            |
|    ep_len_mean            | 558        |
|    ep_rew_mean            | 754        |
| time/                     |            |
|    fps                    | 139        |
|    iterations             | 92         |
|    time_elapsed           | 2029       |
|    total_timesteps        | 282624     |
| train/                    |            |
|    approx_kl              | 0.04516398 |
|    clip_fraction          | 0.268      |
|    clip_range             | 0.2        |
|    entropy_loss           | -2.37      |
|    explained_variance     | 0.832      |
|    learning_rate          | 0.00016    |
|    loss                   | -0.0607    |
|    n_updates              | 910        |
|    policy_gradient_loss   | -0.0283    |
|    std                    | 0.789      |
|    value_loss             | 0.0227     |
------------------------------------------
Adaptive curriculum fell back to stage 0.33 at timestep 283,764
----------------------------------------
| curriculum/             |            |
|    stage                | 0.33       |
| rollout/                |            |
|    ep_len_mean          | 564        |
|    ep_rew_mean          | 762        |
| time/                   |            |
|    fps                  | 139        |
|    iterations           | 93         |
|    time_elapsed         | 2043       |
|    total_timesteps      | 285696     |
| train/                  |            |
|    approx_kl            | 0.06942269 |
|    clip_fraction        | 0.278      |
|    clip_range           | 0.2        |
|    entropy_loss         | -2.36      |
|    explained_variance   | 0.852      |
|    learning_rate        | 0.000159   |
|    loss                 | -0.0531    |
|    n_updates            | 920        |
|    policy_gradient_loss | -0.0304    |
|    std                  | 0.787      |
|    value_loss           | 0.014      |
----------------------------------------
[Step   288768] SR=0.350 | FracGoal=0.453 | Ret=747.11 | Vis=0.68 | Prog=0.085 | CollEvt=24.44 | Stage=0.33
-----------------------------------------
| curriculum/               |           |
|    stage                  | 0.33      |
| research/                 |           |
|    collision_count        | 56.2      |
|    collision_event_count  | 24.4      |
|    curriculum_stage       | 0.33      |
|    episode_length         | 559       |
|    episode_return         | 747       |
|    fraction_at_goal       | 0.453     |
|    reward_collision       | -0.00969  |
|    reward_progress        | 0.0852    |
|    reward_zero_visibility | -0.0244   |
|    stray_count            | 0.33      |
|    success_rate           | 0.35      |
|    visibility_ratio       | 0.683     |
| rollout/                  |           |
|    ep_len_mean            | 559       |
|    ep_rew_mean            | 747       |
| time/                     |           |
|    fps                    | 140       |
|    iterations             | 94        |
|    time_elapsed           | 2062      |
|    total_timesteps        | 288768    |
| train/                    |           |
|    approx_kl              | 0.0457737 |
|    clip_fraction          | 0.279     |
|    clip_range             | 0.2       |
|    entropy_loss           | -2.35     |
|    explained_variance     | 0.84      |
|    learning_rate          | 0.000157  |
|    loss                   | -0.0592   |
|    n_updates              | 930       |
|    policy_gradient_loss   | -0.0276   |
|    std                    | 0.784     |
|    value_loss             | 0.00823   |
-----------------------------------------
-----------------------------------------
| curriculum/             |             |
|    stage                | 0.33        |
| rollout/                |             |
|    ep_len_mean          | 555         |
|    ep_rew_mean          | 742         |
| time/                   |             |
|    fps                  | 139         |
|    iterations           | 95          |
|    time_elapsed         | 2084        |
|    total_timesteps      | 291840      |
| train/                  |             |
|    approx_kl            | 0.037625756 |
|    clip_fraction        | 0.255       |
|    clip_range           | 0.2         |
|    entropy_loss         | -2.35       |
|    explained_variance   | 0.698       |
|    learning_rate        | 0.000156    |
|    loss                 | -0.046      |
|    n_updates            | 940         |
|    policy_gradient_loss | -0.0272     |
|    std                  | 0.783       |
|    value_loss           | 0.0347      |
-----------------------------------------
[Step   294912] SR=0.340 | FracGoal=0.440 | Ret=743.26 | Vis=0.67 | Prog=0.085 | CollEvt=23.81 | Stage=0.33
------------------------------------------
| curriculum/               |            |
|    stage                  | 0.33       |
| research/                 |            |
|    collision_count        | 54.8       |
|    collision_event_count  | 23.8       |
|    curriculum_stage       | 0.33       |
|    episode_length         | 561        |
|    episode_return         | 743        |
|    fraction_at_goal       | 0.44       |
|    reward_collision       | -0.00958   |
|    reward_progress        | 0.0845     |
|    reward_zero_visibility | -0.0267    |
|    stray_count            | 0.34       |
|    success_rate           | 0.34       |
|    visibility_ratio       | 0.669      |
| rollout/                  |            |
|    ep_len_mean            | 561        |
|    ep_rew_mean            | 743        |
| time/                     |            |
|    fps                    | 140        |
|    iterations             | 96         |
|    time_elapsed           | 2098       |
|    total_timesteps        | 294912     |
| train/                    |            |
|    approx_kl              | 0.04643292 |
|    clip_fraction          | 0.279      |
|    clip_range             | 0.2        |
|    entropy_loss           | -2.34      |
|    explained_variance     | 0.854      |
|    learning_rate          | 0.000154   |
|    loss                   | -0.0434    |
|    n_updates              | 950        |
|    policy_gradient_loss   | -0.0213    |
|    std                    | 0.78       |
|    value_loss             | 0.0143     |
------------------------------------------
----------------------------------------
| curriculum/             |            |
|    stage                | 0.33       |
| rollout/                |            |
|    ep_len_mean          | 571        |
|    ep_rew_mean          | 756        |
| time/                   |            |
|    fps                  | 140        |
|    iterations           | 97         |
|    time_elapsed         | 2116       |
|    total_timesteps      | 297984     |
| train/                  |            |
|    approx_kl            | 0.04960973 |
|    clip_fraction        | 0.302      |
|    clip_range           | 0.2        |
|    entropy_loss         | -2.34      |
|    explained_variance   | 0.906      |
|    learning_rate        | 0.000153   |
|    loss                 | -0.0618    |
|    n_updates            | 960        |
|    policy_gradient_loss | -0.0222    |
|    std                  | 0.78       |
|    value_loss           | 0.00786    |
----------------------------------------
[validation @ 300,096] SR=0.200 | FracGoal=0.312 | MeanDist=4.54 | best=0.312
[Step   301056] SR=0.320 | FracGoal=0.423 | Ret=751.62 | Vis=0.67 | Prog=0.084 | CollEvt=23.31 | Stage=0.33
-------------------------------------------
| curriculum/               |             |
|    stage                  | 0.33        |
| research/                 |             |
|    collision_count        | 53.7        |
|    collision_event_count  | 23.3        |
|    curriculum_stage       | 0.33        |
|    episode_length         | 566         |
|    episode_return         | 752         |
|    fraction_at_goal       | 0.423       |
|    reward_collision       | -0.00946    |
|    reward_progress        | 0.0835      |
|    reward_zero_visibility | -0.0245     |
|    stray_count            | 0.35        |
|    success_rate           | 0.32        |
|    visibility_ratio       | 0.672       |
| rollout/                  |             |
|    ep_len_mean            | 566         |
|    ep_rew_mean            | 752         |
| time/                     |             |
|    fps                    | 138         |
|    iterations             | 98          |
|    time_elapsed           | 2166        |
|    total_timesteps        | 301056      |
| train/                    |             |
|    approx_kl              | 0.031902354 |
|    clip_fraction          | 0.239       |
|    clip_range             | 0.2         |
|    entropy_loss           | -2.34       |
|    explained_variance     | 0.781       |
|    learning_rate          | 0.000151    |
|    loss                   | -0.0569     |
|    n_updates              | 970         |
|    policy_gradient_loss   | -0.0303     |
|    std                    | 0.778       |
|    value_loss             | 0.0329      |
| validation/               |             |
|    episode_length         | 591         |
|    fraction_at_goal       | 0.312       |
|    mean_dist_to_goal      | 4.54        |
|    success_rate           | 0.2         |
-------------------------------------------
-----------------------------------------
| curriculum/             |             |
|    stage                | 0.33        |
| rollout/                |             |
|    ep_len_mean          | 560         |
|    ep_rew_mean          | 741         |
| time/                   |             |
|    fps                  | 138         |
|    iterations           | 99          |
|    time_elapsed         | 2188        |
|    total_timesteps      | 304128      |
| train/                  |             |
|    approx_kl            | 0.040866375 |
|    clip_fraction        | 0.262       |
|    clip_range           | 0.2         |
|    entropy_loss         | -2.33       |
|    explained_variance   | 0.761       |
|    learning_rate        | 0.000149    |
|    loss                 | -0.0433     |
|    n_updates            | 980         |
|    policy_gradient_loss | -0.0246     |
|    std                  | 0.777       |
|    value_loss           | 0.0423      |
-----------------------------------------
[Step   307200] SR=0.380 | FracGoal=0.478 | Ret=714.62 | Vis=0.68 | Prog=0.092 | CollEvt=20.74 | Stage=0.33
-------------------------------------------
| curriculum/               |             |
|    stage                  | 0.33        |
| research/                 |             |
|    collision_count        | 49.2        |
|    collision_event_count  | 20.7        |
|    curriculum_stage       | 0.33        |
|    episode_length         | 538         |
|    episode_return         | 715         |
|    fraction_at_goal       | 0.478       |
|    reward_collision       | -0.00881    |
|    reward_progress        | 0.0918      |
|    reward_zero_visibility | -0.0246     |
|    stray_count            | 0.34        |
|    success_rate           | 0.38        |
|    visibility_ratio       | 0.683       |
| rollout/                  |             |
|    ep_len_mean            | 538         |
|    ep_rew_mean            | 715         |
| time/                     |             |
|    fps                    | 139         |
|    iterations             | 100         |
|    time_elapsed           | 2208        |
|    total_timesteps        | 307200      |
| train/                    |             |
|    approx_kl              | 0.033404034 |
|    clip_fraction          | 0.249       |
|    clip_range             | 0.2         |
|    entropy_loss           | -2.33       |
|    explained_variance     | 0.744       |
|    learning_rate          | 0.000148    |
|    loss                   | -0.039      |
|    n_updates              | 990         |
|    policy_gradient_loss   | -0.0272     |
|    std                    | 0.777       |
|    value_loss             | 0.0394      |
-------------------------------------------
Adaptive curriculum advanced to stage 0.66 at timestep 308,772
-----------------------------------------
| curriculum/             |             |
|    stage                | 0.66        |
| rollout/                |             |
|    ep_len_mean          | 539         |
|    ep_rew_mean          | 718         |
| time/                   |             |
|    fps                  | 139         |
|    iterations           | 101         |
|    time_elapsed         | 2231        |
|    total_timesteps      | 310272      |
| train/                  |             |
|    approx_kl            | 0.028141199 |
|    clip_fraction        | 0.219       |
|    clip_range           | 0.2         |
|    entropy_loss         | -2.33       |
|    explained_variance   | 0.726       |
|    learning_rate        | 0.000146    |
|    loss                 | -0.0471     |
|    n_updates            | 1000        |
|    policy_gradient_loss | -0.0232     |
|    std                  | 0.777       |
|    value_loss           | 0.0555      |
-----------------------------------------
[Step   313344] SR=0.390 | FracGoal=0.480 | Ret=713.70 | Vis=0.68 | Prog=0.093 | CollEvt=20.38 | Stage=0.59
-------------------------------------------
| curriculum/               |             |
|    stage                  | 0.66        |
| research/                 |             |
|    collision_count        | 49.5        |
|    collision_event_count  | 20.4        |
|    curriculum_stage       | 0.594       |
|    episode_length         | 537         |
|    episode_return         | 714         |
|    fraction_at_goal       | 0.48        |
|    reward_collision       | -0.00882    |
|    reward_progress        | 0.0929      |
|    reward_zero_visibility | -0.0244     |
|    stray_count            | 0.29        |
|    success_rate           | 0.39        |
|    visibility_ratio       | 0.68        |
| rollout/                  |             |
|    ep_len_mean            | 537         |
|    ep_rew_mean            | 714         |
| time/                     |             |
|    fps                    | 139         |
|    iterations             | 102         |
|    time_elapsed           | 2253        |
|    total_timesteps        | 313344      |
| train/                    |             |
|    approx_kl              | 0.048814803 |
|    clip_fraction          | 0.271       |
|    clip_range             | 0.2         |
|    entropy_loss           | -2.33       |
|    explained_variance     | 0.892       |
|    learning_rate          | 0.000145    |
|    loss                   | -0.0622     |
|    n_updates              | 1010        |
|    policy_gradient_loss   | -0.0315     |
|    std                    | 0.776       |
|    value_loss             | 0.0143      |
-------------------------------------------
-----------------------------------------
| curriculum/             |             |
|    stage                | 0.66        |
| rollout/                |             |
|    ep_len_mean          | 538         |
|    ep_rew_mean          | 713         |
| time/                   |             |
|    fps                  | 139         |
|    iterations           | 103         |
|    time_elapsed         | 2276        |
|    total_timesteps      | 316416      |
| train/                  |             |
|    approx_kl            | 0.054371573 |
|    clip_fraction        | 0.276       |
|    clip_range           | 0.2         |
|    entropy_loss         | -2.33       |
|    explained_variance   | 0.767       |
|    learning_rate        | 0.000143    |
|    loss                 | -0.0478     |
|    n_updates            | 1020        |
|    policy_gradient_loss | -0.0228     |
|    std                  | 0.774       |
|    value_loss           | 0.0232      |
-----------------------------------------
[Step   319488] SR=0.370 | FracGoal=0.466 | Ret=726.00 | Vis=0.66 | Prog=0.087 | CollEvt=20.35 | Stage=0.66
------------------------------------------
| curriculum/               |            |
|    stage                  | 0.66       |
| research/                 |            |
|    collision_count        | 58.7       |
|    collision_event_count  | 20.4       |
|    curriculum_stage       | 0.66       |
|    episode_length         | 550        |
|    episode_return         | 726        |
|    fraction_at_goal       | 0.466      |
|    reward_collision       | -0.00918   |
|    reward_progress        | 0.0869     |
|    reward_zero_visibility | -0.0291    |
|    stray_count            | 0.21       |
|    success_rate           | 0.37       |
|    visibility_ratio       | 0.659      |
| rollout/                  |            |
|    ep_len_mean            | 550        |
|    ep_rew_mean            | 726        |
| time/                     |            |
|    fps                    | 139        |
|    iterations             | 104        |
|    time_elapsed           | 2290       |
|    total_timesteps        | 319488     |
| train/                    |            |
|    approx_kl              | 0.05336868 |
|    clip_fraction          | 0.277      |
|    clip_range             | 0.2        |
|    entropy_loss           | -2.33      |
|    explained_variance     | 0.91       |
|    learning_rate          | 0.000142   |
|    loss                   | -0.0163    |
|    n_updates              | 1030       |
|    policy_gradient_loss   | -0.0226    |
|    std                    | 0.773      |
|    value_loss             | 0.00608    |
------------------------------------------
----------------------------------------
| curriculum/             |            |
|    stage                | 0.66       |
| rollout/                |            |
|    ep_len_mean          | 554        |
|    ep_rew_mean          | 726        |
| time/                   |            |
|    fps                  | 139        |
|    iterations           | 105        |
|    time_elapsed         | 2317       |
|    total_timesteps      | 322560     |
| train/                  |            |
|    approx_kl            | 0.08037838 |
|    clip_fraction        | 0.329      |
|    clip_range           | 0.2        |
|    entropy_loss         | -2.33      |
|    explained_variance   | 0.826      |
|    learning_rate        | 0.00014    |
|    loss                 | -0.0382    |
|    n_updates            | 1040       |
|    policy_gradient_loss | -0.0093    |
|    std                  | 0.774      |
|    value_loss           | 0.0299     |
----------------------------------------
[validation @ 325,104] SR=0.267 | FracGoal=0.341 | MeanDist=4.52 | best=0.341
[Step   325632] SR=0.350 | FracGoal=0.442 | Ret=728.78 | Vis=0.65 | Prog=0.084 | CollEvt=19.78 | Stage=0.66
------------------------------------------
| curriculum/               |            |
|    stage                  | 0.66       |
| research/                 |            |
|    collision_count        | 58.3       |
|    collision_event_count  | 19.8       |
|    curriculum_stage       | 0.66       |
|    episode_length         | 556        |
|    episode_return         | 729        |
|    fraction_at_goal       | 0.442      |
|    reward_collision       | -0.00883   |
|    reward_progress        | 0.0838     |
|    reward_zero_visibility | -0.0333    |
|    stray_count            | 0.25       |
|    success_rate           | 0.35       |
|    visibility_ratio       | 0.654      |
| rollout/                  |            |
|    ep_len_mean            | 556        |
|    ep_rew_mean            | 729        |
| time/                     |            |
|    fps                    | 137        |
|    iterations             | 106        |
|    time_elapsed           | 2375       |
|    total_timesteps        | 325632     |
| train/                    |            |
|    approx_kl              | 0.13441293 |
|    clip_fraction          | 0.297      |
|    clip_range             | 0.2        |
|    entropy_loss           | -2.33      |
|    explained_variance     | 0.783      |
|    learning_rate          | 0.000139   |
|    loss                   | -0.0187    |
|    n_updates              | 1050       |
|    policy_gradient_loss   | -0.0246    |
|    std                    | 0.773      |
|    value_loss             | 0.0183     |
| validation/               |            |
|    episode_length         | 563        |
|    fraction_at_goal       | 0.341      |
|    mean_dist_to_goal      | 4.52       |
|    success_rate           | 0.267      |
------------------------------------------
-----------------------------------------
| curriculum/             |             |
|    stage                | 0.66        |
| rollout/                |             |
|    ep_len_mean          | 560         |
|    ep_rew_mean          | 732         |
| time/                   |             |
|    fps                  | 137         |
|    iterations           | 107         |
|    time_elapsed         | 2392        |
|    total_timesteps      | 328704      |
| train/                  |             |
|    approx_kl            | 0.035385426 |
|    clip_fraction        | 0.293       |
|    clip_range           | 0.2         |
|    entropy_loss         | -2.32       |
|    explained_variance   | 0.866       |
|    learning_rate        | 0.000137    |
|    loss                 | -0.0137     |
|    n_updates            | 1060        |
|    policy_gradient_loss | -0.0196     |
|    std                  | 0.77        |
|    value_loss           | 0.00622     |
-----------------------------------------
[Step   331776] SR=0.340 | FracGoal=0.444 | Ret=732.21 | Vis=0.64 | Prog=0.083 | CollEvt=18.51 | Stage=0.66
-------------------------------------------
| curriculum/               |             |
|    stage                  | 0.66        |
| research/                 |             |
|    collision_count        | 53.7        |
|    collision_event_count  | 18.5        |
|    curriculum_stage       | 0.66        |
|    episode_length         | 560         |
|    episode_return         | 732         |
|    fraction_at_goal       | 0.444       |
|    reward_collision       | -0.0082     |
|    reward_progress        | 0.0833      |
|    reward_zero_visibility | -0.0361     |
|    stray_count            | 0.29        |
|    success_rate           | 0.34        |
|    visibility_ratio       | 0.636       |
| rollout/                  |             |
|    ep_len_mean            | 560         |
|    ep_rew_mean            | 732         |
| time/                     |             |
|    fps                    | 137         |
|    iterations             | 108         |
|    time_elapsed           | 2415        |
|    total_timesteps        | 331776      |
| train/                    |             |
|    approx_kl              | 0.033914763 |
|    clip_fraction          | 0.255       |
|    clip_range             | 0.2         |
|    entropy_loss           | -2.31       |
|    explained_variance     | 0.853       |
|    learning_rate          | 0.000136    |
|    loss                   | -0.0662     |
|    n_updates              | 1070        |
|    policy_gradient_loss   | -0.0255     |
|    std                    | 0.765       |
|    value_loss             | 0.0119      |
-------------------------------------------
Adaptive curriculum fell back to stage 0.33 at timestep 334,104
----------------------------------------
| curriculum/             |            |
|    stage                | 0.33       |
| rollout/                |            |
|    ep_len_mean          | 563        |
|    ep_rew_mean          | 739        |
| time/                   |            |
|    fps                  | 137        |
|    iterations           | 109        |
|    time_elapsed         | 2436       |
|    total_timesteps      | 334848     |
| train/                  |            |
|    approx_kl            | 0.03593264 |
|    clip_fraction        | 0.24       |
|    clip_range           | 0.2        |
|    entropy_loss         | -2.3       |
|    explained_variance   | 0.796      |
|    learning_rate        | 0.000134   |
|    loss                 | -0.0427    |
|    n_updates            | 1080       |
|    policy_gradient_loss | -0.0261    |
|    std                  | 0.764      |
|    value_loss           | 0.0172     |
----------------------------------------
[Step   337920] SR=0.330 | FracGoal=0.441 | Ret=747.49 | Vis=0.65 | Prog=0.073 | CollEvt=18.56 | Stage=0.53
-------------------------------------------
| curriculum/               |             |
|    stage                  | 0.33        |
| research/                 |             |
|    collision_count        | 53.5        |
|    collision_event_count  | 18.6        |
|    curriculum_stage       | 0.528       |
|    episode_length         | 569         |
|    episode_return         | 747         |
|    fraction_at_goal       | 0.441       |
|    reward_collision       | -0.0082     |
|    reward_progress        | 0.073       |
|    reward_zero_visibility | -0.033      |
|    stray_count            | 0.29        |
|    success_rate           | 0.33        |
|    visibility_ratio       | 0.645       |
| rollout/                  |             |
|    ep_len_mean            | 569         |
|    ep_rew_mean            | 747         |
| time/                     |             |
|    fps                    | 136         |
|    iterations             | 110         |
|    time_elapsed           | 2466        |
|    total_timesteps        | 337920      |
| train/                    |             |
|    approx_kl              | 0.041210707 |
|    clip_fraction          | 0.248       |
|    clip_range             | 0.2         |
|    entropy_loss           | -2.3        |
|    explained_variance     | 0.645       |
|    learning_rate          | 0.000133    |
|    loss                   | -0.0828     |
|    n_updates              | 1090        |
|    policy_gradient_loss   | -0.028      |
|    std                    | 0.762       |
|    value_loss             | 0.0465      |
-------------------------------------------
-----------------------------------------
| curriculum/             |             |
|    stage                | 0.33        |
| rollout/                |             |
|    ep_len_mean          | 569         |
|    ep_rew_mean          | 752         |
| time/                   |             |
|    fps                  | 137         |
|    iterations           | 111         |
|    time_elapsed         | 2483        |
|    total_timesteps      | 340992      |
| train/                  |             |
|    approx_kl            | 0.048188135 |
|    clip_fraction        | 0.292       |
|    clip_range           | 0.2         |
|    entropy_loss         | -2.29       |
|    explained_variance   | 0.913       |
|    learning_rate        | 0.000131    |
|    loss                 | -0.0289     |
|    n_updates            | 1100        |
|    policy_gradient_loss | -0.0251     |
|    std                  | 0.76        |
|    value_loss           | 0.00454     |
-----------------------------------------
[Step   344064] SR=0.330 | FracGoal=0.445 | Ret=761.49 | Vis=0.64 | Prog=0.067 | CollEvt=18.98 | Stage=0.33
-------------------------------------------
| curriculum/               |             |
|    stage                  | 0.33        |
| research/                 |             |
|    collision_count        | 59.3        |
|    collision_event_count  | 19          |
|    curriculum_stage       | 0.33        |
|    episode_length         | 579         |
|    episode_return         | 761         |
|    fraction_at_goal       | 0.445       |
|    reward_collision       | -0.00832    |
|    reward_progress        | 0.0669      |
|    reward_zero_visibility | -0.0303     |
|    stray_count            | 0.2         |
|    success_rate           | 0.33        |
|    visibility_ratio       | 0.642       |
| rollout/                  |             |
|    ep_len_mean            | 579         |
|    ep_rew_mean            | 761         |
| time/                     |             |
|    fps                    | 137         |
|    iterations             | 112         |
|    time_elapsed           | 2497        |
|    total_timesteps        | 344064      |
| train/                    |             |
|    approx_kl              | 0.038315576 |
|    clip_fraction          | 0.26        |
|    clip_range             | 0.2         |
|    entropy_loss           | -2.29       |
|    explained_variance     | 0.928       |
|    learning_rate          | 0.00013     |
|    loss                   | -0.0711     |
|    n_updates              | 1110        |
|    policy_gradient_loss   | -0.0274     |
|    std                    | 0.758       |
|    value_loss             | 0.00892     |
-------------------------------------------
-----------------------------------------
| curriculum/             |             |
|    stage                | 0.33        |
| rollout/                |             |
|    ep_len_mean          | 582         |
|    ep_rew_mean          | 770         |
| time/                   |             |
|    fps                  | 137         |
|    iterations           | 113         |
|    time_elapsed         | 2520        |
|    total_timesteps      | 347136      |
| train/                  |             |
|    approx_kl            | 0.036460586 |
|    clip_fraction        | 0.24        |
|    clip_range           | 0.2         |
|    entropy_loss         | -2.28       |
|    explained_variance   | 0.768       |
|    learning_rate        | 0.000128    |
|    loss                 | -0.0506     |
|    n_updates            | 1120        |
|    policy_gradient_loss | -0.0319     |
|    std                  | 0.756       |
|    value_loss           | 0.04        |
-----------------------------------------
[validation @ 350,112] SR=0.167 | FracGoal=0.256 | MeanDist=4.41 | best=0.341
[Step   350208] SR=0.310 | FracGoal=0.437 | Ret=773.78 | Vis=0.64 | Prog=0.066 | CollEvt=17.71 | Stage=0.33
-------------------------------------------
| curriculum/               |             |
|    stage                  | 0.33        |
| research/                 |             |
|    collision_count        | 59.7        |
|    collision_event_count  | 17.7        |
|    curriculum_stage       | 0.33        |
|    episode_length         | 586         |
|    episode_return         | 774         |
|    fraction_at_goal       | 0.437       |
|    reward_collision       | -0.00787    |
|    reward_progress        | 0.0658      |
|    reward_zero_visibility | -0.0336     |
|    stray_count            | 0.16        |
|    success_rate           | 0.31        |
|    visibility_ratio       | 0.635       |
| rollout/                  |             |
|    ep_len_mean            | 586         |
|    ep_rew_mean            | 774         |
| time/                     |             |
|    fps                    | 135         |
|    iterations             | 114         |
|    time_elapsed           | 2575        |
|    total_timesteps        | 350208      |
| train/                    |             |
|    approx_kl              | 0.054535802 |
|    clip_fraction          | 0.273       |
|    clip_range             | 0.2         |
|    entropy_loss           | -2.27       |
|    explained_variance     | 0.866       |
|    learning_rate          | 0.000126    |
|    loss                   | -0.0665     |
|    n_updates              | 1130        |
|    policy_gradient_loss   | -0.0203     |
|    std                    | 0.754       |
|    value_loss             | 0.0193      |
| validation/               |             |
|    episode_length         | 619         |
|    fraction_at_goal       | 0.256       |
|    mean_dist_to_goal      | 4.41        |
|    success_rate           | 0.167       |
-------------------------------------------
-----------------------------------------
| curriculum/             |             |
|    stage                | 0.33        |
| rollout/                |             |
|    ep_len_mean          | 586         |
|    ep_rew_mean          | 779         |
| time/                   |             |
|    fps                  | 136         |
|    iterations           | 115         |
|    time_elapsed         | 2595        |
|    total_timesteps      | 353280      |
| train/                  |             |
|    approx_kl            | 0.035770047 |
|    clip_fraction        | 0.259       |
|    clip_range           | 0.2         |
|    entropy_loss         | -2.27       |
|    explained_variance   | 0.829       |
|    learning_rate        | 0.000125    |
|    loss                 | -0.0577     |
|    n_updates            | 1140        |
|    policy_gradient_loss | -0.0273     |
|    std                  | 0.752       |
|    value_loss           | 0.0246      |
-----------------------------------------
[Step   356352] SR=0.300 | FracGoal=0.440 | Ret=787.40 | Vis=0.63 | Prog=0.062 | CollEvt=19.17 | Stage=0.33
-------------------------------------------
| curriculum/               |             |
|    stage                  | 0.33        |
| research/                 |             |
|    collision_count        | 60.9        |
|    collision_event_count  | 19.2        |
|    curriculum_stage       | 0.33        |
|    episode_length         | 592         |
|    episode_return         | 787         |
|    fraction_at_goal       | 0.44        |
|    reward_collision       | -0.00823    |
|    reward_progress        | 0.062       |
|    reward_zero_visibility | -0.031      |
|    stray_count            | 0.16        |
|    success_rate           | 0.3         |
|    visibility_ratio       | 0.635       |
| rollout/                  |             |
|    ep_len_mean            | 592         |
|    ep_rew_mean            | 787         |
| time/                     |             |
|    fps                    | 136         |
|    iterations             | 116         |
|    time_elapsed           | 2615        |
|    total_timesteps        | 356352      |
| train/                    |             |
|    approx_kl              | 0.038127657 |
|    clip_fraction          | 0.266       |
|    clip_range             | 0.2         |
|    entropy_loss           | -2.27       |
|    explained_variance     | 0.935       |
|    learning_rate          | 0.000123    |
|    loss                   | -0.0717     |
|    n_updates              | 1150        |
|    policy_gradient_loss   | -0.0293     |
|    std                    | 0.751       |
|    value_loss             | 0.00562     |
-------------------------------------------
-----------------------------------------
| curriculum/             |             |
|    stage                | 0.33        |
| rollout/                |             |
|    ep_len_mean          | 600         |
|    ep_rew_mean          | 798         |
| time/                   |             |
|    fps                  | 136         |
|    iterations           | 117         |
|    time_elapsed         | 2635        |
|    total_timesteps      | 359424      |
| train/                  |             |
|    approx_kl            | 0.028699543 |
|    clip_fraction        | 0.237       |
|    clip_range           | 0.2         |
|    entropy_loss         | -2.26       |
|    explained_variance   | 0.902       |
|    learning_rate        | 0.000122    |
|    loss                 | -0.0353     |
|    n_updates            | 1160        |
|    policy_gradient_loss | -0.0263     |
|    std                  | 0.749       |
|    value_loss           | 0.0276      |
-----------------------------------------
[Step   362496] SR=0.290 | FracGoal=0.427 | Ret=800.48 | Vis=0.62 | Prog=0.060 | CollEvt=18.22 | Stage=0.33
-------------------------------------------
| curriculum/               |             |
|    stage                  | 0.33        |
| research/                 |             |
|    collision_count        | 59          |
|    collision_event_count  | 18.2        |
|    curriculum_stage       | 0.33        |
|    episode_length         | 602         |
|    episode_return         | 800         |
|    fraction_at_goal       | 0.427       |
|    reward_collision       | -0.00774    |
|    reward_progress        | 0.0602      |
|    reward_zero_visibility | -0.0327     |
|    stray_count            | 0.15        |
|    success_rate           | 0.29        |
|    visibility_ratio       | 0.622       |
| rollout/                  |             |
|    ep_len_mean            | 602         |
|    ep_rew_mean            | 800         |
| time/                     |             |
|    fps                    | 136         |
|    iterations             | 118         |
|    time_elapsed           | 2653        |
|    total_timesteps        | 362496      |
| train/                    |             |
|    approx_kl              | 0.036567483 |
|    clip_fraction          | 0.24        |
|    clip_range             | 0.2         |
|    entropy_loss           | -2.26       |
|    explained_variance     | 0.833       |
|    learning_rate          | 0.00012     |
|    loss                   | -0.0305     |
|    n_updates              | 1170        |
|    policy_gradient_loss   | -0.0264     |
|    std                    | 0.748       |
|    value_loss             | 0.0219      |
-------------------------------------------
Adaptive curriculum advanced to stage 0.66 at timestep 364,644
----------------------------------------
| curriculum/             |            |
|    stage                | 0.66       |
| rollout/                |            |
|    ep_len_mean          | 604        |
|    ep_rew_mean          | 806        |
| time/                   |            |
|    fps                  | 137        |
|    iterations           | 119        |
|    time_elapsed         | 2668       |
|    total_timesteps      | 365568     |
| train/                  |            |
|    approx_kl            | 0.04062641 |
|    clip_fraction        | 0.236      |
|    clip_range           | 0.2        |
|    entropy_loss         | -2.26      |
|    explained_variance   | 0.821      |
|    learning_rate        | 0.000119   |
|    loss                 | -0.0585    |
|    n_updates            | 1180       |
|    policy_gradient_loss | -0.0313    |
|    std                  | 0.747      |
|    value_loss           | 0.0286     |
----------------------------------------
[Step   368640] SR=0.270 | FracGoal=0.411 | Ret=808.79 | Vis=0.62 | Prog=0.061 | CollEvt=19.55 | Stage=0.66
-------------------------------------------
| curriculum/               |             |
|    stage                  | 0.66        |
| research/                 |             |
|    collision_count        | 60.4        |
|    collision_event_count  | 19.5        |
|    curriculum_stage       | 0.66        |
|    episode_length         | 607         |
|    episode_return         | 809         |
|    fraction_at_goal       | 0.411       |
|    reward_collision       | -0.00833    |
|    reward_progress        | 0.0612      |
|    reward_zero_visibility | -0.032      |
|    stray_count            | 0.17        |
|    success_rate           | 0.27        |
|    visibility_ratio       | 0.618       |
| rollout/                  |             |
|    ep_len_mean            | 607         |
|    ep_rew_mean            | 809         |
| time/                     |             |
|    fps                    | 137         |
|    iterations             | 120         |
|    time_elapsed           | 2686        |
|    total_timesteps        | 368640      |
| train/                    |             |
|    approx_kl              | 0.041438628 |
|    clip_fraction          | 0.264       |
|    clip_range             | 0.2         |
|    entropy_loss           | -2.25       |
|    explained_variance     | 0.599       |
|    learning_rate          | 0.000117    |
|    loss                   | -0.0532     |
|    n_updates              | 1190        |
|    policy_gradient_loss   | -0.0322     |
|    std                    | 0.745       |
|    value_loss             | 0.0341      |
-------------------------------------------
-----------------------------------------
| curriculum/             |             |
|    stage                | 0.66        |
| rollout/                |             |
|    ep_len_mean          | 612         |
|    ep_rew_mean          | 818         |
| time/                   |             |
|    fps                  | 137         |
|    iterations           | 121         |
|    time_elapsed         | 2713        |
|    total_timesteps      | 371712      |
| train/                  |             |
|    approx_kl            | 0.041868757 |
|    clip_fraction        | 0.247       |
|    clip_range           | 0.2         |
|    entropy_loss         | -2.25       |
|    explained_variance   | 0.845       |
|    learning_rate        | 0.000116    |
|    loss                 | -0.0406     |
|    n_updates            | 1200        |
|    policy_gradient_loss | -0.0282     |
|    std                  | 0.744       |
|    value_loss           | 0.0362      |
-----------------------------------------
[Step   374784] SR=0.270 | FracGoal=0.413 | Ret=813.73 | Vis=0.63 | Prog=0.059 | CollEvt=20.41 | Stage=0.66
-------------------------------------------
| curriculum/               |             |
|    stage                  | 0.66        |
| research/                 |             |
|    collision_count        | 53.1        |
|    collision_event_count  | 20.4        |
|    curriculum_stage       | 0.66        |
|    episode_length         | 609         |
|    episode_return         | 814         |
|    fraction_at_goal       | 0.413       |
|    reward_collision       | -0.0082     |
|    reward_progress        | 0.0595      |
|    reward_zero_visibility | -0.0272     |
|    stray_count            | 0.18        |
|    success_rate           | 0.27        |
|    visibility_ratio       | 0.63        |
| rollout/                  |             |
|    ep_len_mean            | 609         |
|    ep_rew_mean            | 814         |
| time/                     |             |
|    fps                    | 137         |
|    iterations             | 122         |
|    time_elapsed           | 2731        |
|    total_timesteps        | 374784      |
| train/                    |             |
|    approx_kl              | 0.060824767 |
|    clip_fraction          | 0.31        |
|    clip_range             | 0.2         |
|    entropy_loss           | -2.24       |
|    explained_variance     | 0.808       |
|    learning_rate          | 0.000114    |
|    loss                   | -0.0808     |
|    n_updates              | 1210        |
|    policy_gradient_loss   | -0.0336     |
|    std                    | 0.741       |
|    value_loss             | 0.0178      |
-------------------------------------------
[validation @ 375,120] SR=0.100 | FracGoal=0.285 | MeanDist=4.02 | best=0.341
-----------------------------------------
| curriculum/             |             |
|    stage                | 0.66        |
| rollout/                |             |
|    ep_len_mean          | 604         |
|    ep_rew_mean          | 811         |
| time/                   |             |
|    fps                  | 135         |
|    iterations           | 123         |
|    time_elapsed         | 2794        |
|    total_timesteps      | 377856      |
| train/                  |             |
|    approx_kl            | 0.027749343 |
|    clip_fraction        | 0.24        |
|    clip_range           | 0.2         |
|    entropy_loss         | -2.24       |
|    explained_variance   | 0.728       |
|    learning_rate        | 0.000113    |
|    loss                 | -0.0573     |
|    n_updates            | 1220        |
|    policy_gradient_loss | -0.0306     |
|    std                  | 0.74        |
|    value_loss           | 0.0381      |
| validation/             |             |
|    episode_length       | 658         |
|    fraction_at_goal     | 0.285       |
|    mean_dist_to_goal    | 4.02        |
|    success_rate         | 0.1         |
-----------------------------------------
[Step   380928] SR=0.290 | FracGoal=0.437 | Ret=795.87 | Vis=0.64 | Prog=0.066 | CollEvt=19.14 | Stage=0.66
------------------------------------------
| curriculum/               |            |
|    stage                  | 0.66       |
| research/                 |            |
|    collision_count        | 47.1       |
|    collision_event_count  | 19.1       |
|    curriculum_stage       | 0.66       |
|    episode_length         | 591        |
|    episode_return         | 796        |
|    fraction_at_goal       | 0.437      |
|    reward_collision       | -0.00789   |
|    reward_progress        | 0.0659     |
|    reward_zero_visibility | -0.0251    |
|    stray_count            | 0.16       |
|    success_rate           | 0.29       |
|    visibility_ratio       | 0.642      |
| rollout/                  |            |
|    ep_len_mean            | 591        |
|    ep_rew_mean            | 796        |
| time/                     |            |
|    fps                    | 135        |
|    iterations             | 124        |
|    time_elapsed           | 2812       |
|    total_timesteps        | 380928     |
| train/                    |            |
|    approx_kl              | 0.03397102 |
|    clip_fraction          | 0.28       |
|    clip_range             | 0.2        |
|    entropy_loss           | -2.24      |
|    explained_variance     | 0.864      |
|    learning_rate          | 0.000111   |
|    loss                   | -0.0361    |
|    n_updates              | 1230       |
|    policy_gradient_loss   | -0.0256    |
|    std                    | 0.74       |
|    value_loss             | 0.0195     |
------------------------------------------
----------------------------------------
| curriculum/             |            |
|    stage                | 0.66       |
| rollout/                |            |
|    ep_len_mean          | 585        |
|    ep_rew_mean          | 790        |
| time/                   |            |
|    fps                  | 135        |
|    iterations           | 125        |
|    time_elapsed         | 2834       |
|    total_timesteps      | 384000     |
| train/                  |            |
|    approx_kl            | 0.04418118 |
|    clip_fraction        | 0.257      |
|    clip_range           | 0.2        |
|    entropy_loss         | -2.23      |
|    explained_variance   | 0.814      |
|    learning_rate        | 0.00011    |
|    loss                 | -0.0287    |
|    n_updates            | 1240       |
|    policy_gradient_loss | -0.022     |
|    std                  | 0.739      |
|    value_loss           | 0.0192     |
----------------------------------------
[Step   387072] SR=0.320 | FracGoal=0.455 | Ret=788.83 | Vis=0.65 | Prog=0.068 | CollEvt=18.82 | Stage=0.66
------------------------------------------
| curriculum/               |            |
|    stage                  | 0.66       |
| research/                 |            |
|    collision_count        | 48.2       |
|    collision_event_count  | 18.8       |
|    curriculum_stage       | 0.66       |
|    episode_length         | 583        |
|    episode_return         | 789        |
|    fraction_at_goal       | 0.455      |
|    reward_collision       | -0.00799   |
|    reward_progress        | 0.0678     |
|    reward_zero_visibility | -0.0246    |
|    stray_count            | 0.11       |
|    success_rate           | 0.32       |
|    visibility_ratio       | 0.653      |
| rollout/                  |            |
|    ep_len_mean            | 583        |
|    ep_rew_mean            | 789        |
| time/                     |            |
|    fps                    | 135        |
|    iterations             | 126        |
|    time_elapsed           | 2857       |
|    total_timesteps        | 387072     |
| train/                    |            |
|    approx_kl              | 0.03613305 |
|    clip_fraction          | 0.276      |
|    clip_range             | 0.2        |
|    entropy_loss           | -2.23      |
|    explained_variance     | 0.901      |
|    learning_rate          | 0.000108   |
|    loss                   | -0.0388    |
|    n_updates              | 1250       |
|    policy_gradient_loss   | -0.0225    |
|    std                    | 0.738      |
|    value_loss             | 0.02       |
------------------------------------------
-----------------------------------------
| curriculum/             |             |
|    stage                | 0.66        |
| rollout/                |             |
|    ep_len_mean          | 580         |
|    ep_rew_mean          | 789         |
| time/                   |             |
|    fps                  | 135         |
|    iterations           | 127         |
|    time_elapsed         | 2870        |
|    total_timesteps      | 390144      |
| train/                  |             |
|    approx_kl            | 0.034622453 |
|    clip_fraction        | 0.246       |
|    clip_range           | 0.2         |
|    entropy_loss         | -2.23       |
|    explained_variance   | 0.79        |
|    learning_rate        | 0.000106    |
|    loss                 | -0.0413     |
|    n_updates            | 1260        |
|    policy_gradient_loss | -0.031      |
|    std                  | 0.738       |
|    value_loss           | 0.0167      |
-----------------------------------------
[Step   393216] SR=0.310 | FracGoal=0.450 | Ret=793.13 | Vis=0.66 | Prog=0.073 | CollEvt=19.11 | Stage=0.66
-------------------------------------------
| curriculum/               |             |
|    stage                  | 0.66        |
| research/                 |             |
|    collision_count        | 48.4        |
|    collision_event_count  | 19.1        |
|    curriculum_stage       | 0.66        |
|    episode_length         | 581         |
|    episode_return         | 793         |
|    fraction_at_goal       | 0.45        |
|    reward_collision       | -0.008      |
|    reward_progress        | 0.0727      |
|    reward_zero_visibility | -0.0205     |
|    stray_count            | 0.15        |
|    success_rate           | 0.31        |
|    visibility_ratio       | 0.663       |
| rollout/                  |             |
|    ep_len_mean            | 581         |
|    ep_rew_mean            | 793         |
| time/                     |             |
|    fps                    | 136         |
|    iterations             | 128         |
|    time_elapsed           | 2887        |
|    total_timesteps        | 393216      |
| train/                    |             |
|    approx_kl              | 0.047612824 |
|    clip_fraction          | 0.25        |
|    clip_range             | 0.2         |
|    entropy_loss           | -2.23       |
|    explained_variance     | 0.79        |
|    learning_rate          | 0.000105    |
|    loss                   | -0.0409     |
|    n_updates              | 1270        |
|    policy_gradient_loss   | -0.0279     |
|    std                    | 0.736       |
|    value_loss             | 0.0125      |
-------------------------------------------
----------------------------------------
| curriculum/             |            |
|    stage                | 0.66       |
| rollout/                |            |
|    ep_len_mean          | 571        |
|    ep_rew_mean          | 784        |
| time/                   |            |
|    fps                  | 135        |
|    iterations           | 129        |
|    time_elapsed         | 2914       |
|    total_timesteps      | 396288     |
| train/                  |            |
|    approx_kl            | 0.04181321 |
|    clip_fraction        | 0.249      |
|    clip_range           | 0.2        |
|    entropy_loss         | -2.22      |
|    explained_variance   | 0.849      |
|    learning_rate        | 0.000103   |
|    loss                 | -0.064     |
|    n_updates            | 1280       |
|    policy_gradient_loss | -0.0279    |
|    std                  | 0.735      |
|    value_loss           | 0.0139     |
----------------------------------------
[Step   399360] SR=0.330 | FracGoal=0.468 | Ret=787.47 | Vis=0.67 | Prog=0.077 | CollEvt=18.92 | Stage=0.66
-------------------------------------------
| curriculum/               |             |
|    stage                  | 0.66        |
| research/                 |             |
|    collision_count        | 42.1        |
|    collision_event_count  | 18.9        |
|    curriculum_stage       | 0.66        |
|    episode_length         | 571         |
|    episode_return         | 787         |
|    fraction_at_goal       | 0.468       |
|    reward_collision       | -0.00779    |
|    reward_progress        | 0.0765      |
|    reward_zero_visibility | -0.0205     |
|    stray_count            | 0.14        |
|    success_rate           | 0.33        |
|    visibility_ratio       | 0.665       |
| rollout/                  |             |
|    ep_len_mean            | 571         |
|    ep_rew_mean            | 787         |
| time/                     |             |
|    fps                    | 136         |
|    iterations             | 130         |
|    time_elapsed           | 2927        |
|    total_timesteps        | 399360      |
| train/                    |             |
|    approx_kl              | 0.029279226 |
|    clip_fraction          | 0.27        |
|    clip_range             | 0.2         |
|    entropy_loss           | -2.22       |
|    explained_variance     | 0.881       |
|    learning_rate          | 0.000102    |
|    loss                   | -0.0759     |
|    n_updates              | 1290        |
|    policy_gradient_loss   | -0.0236     |
|    std                    | 0.734       |
|    value_loss             | 0.0196      |
-------------------------------------------
[validation @ 400,128] SR=0.167 | FracGoal=0.232 | MeanDist=4.22 | best=0.341
Adaptive curriculum fell back to stage 0.33 at timestep 401,148
----------------------------------------
| curriculum/             |            |
|    stage                | 0.33       |
| rollout/                |            |
|    ep_len_mean          | 574        |
|    ep_rew_mean          | 792        |
| time/                   |            |
|    fps                  | 135        |
|    iterations           | 131        |
|    time_elapsed         | 2977       |
|    total_timesteps      | 402432     |
| train/                  |            |
|    approx_kl            | 0.03875147 |
|    clip_fraction        | 0.275      |
|    clip_range           | 0.2        |
|    entropy_loss         | -2.22      |
|    explained_variance   | 0.871      |
|    learning_rate        | 0.0001     |
|    loss                 | -0.0554    |
|    n_updates            | 1300       |
|    policy_gradient_loss | -0.0249    |
|    std                  | 0.734      |
|    value_loss           | 0.00738    |
| validation/             |            |
|    episode_length       | 623        |
|    fraction_at_goal     | 0.232      |
|    mean_dist_to_goal    | 4.22       |
|    success_rate         | 0.167      |
----------------------------------------
[Step   405504] SR=0.290 | FracGoal=0.428 | Ret=793.38 | Vis=0.68 | Prog=0.075 | CollEvt=18.38 | Stage=0.46
-------------------------------------------
| curriculum/               |             |
|    stage                  | 0.33        |
| research/                 |             |
|    collision_count        | 40.5        |
|    collision_event_count  | 18.4        |
|    curriculum_stage       | 0.462       |
|    episode_length         | 578         |
|    episode_return         | 793         |
|    fraction_at_goal       | 0.428       |
|    reward_collision       | -0.00755    |
|    reward_progress        | 0.0751      |
|    reward_zero_visibility | -0.0191     |
|    stray_count            | 0.14        |
|    success_rate           | 0.29        |
|    visibility_ratio       | 0.68        |
| rollout/                  |             |
|    ep_len_mean            | 578         |
|    ep_rew_mean            | 793         |
| time/                     |             |
|    fps                    | 135         |
|    iterations             | 132         |
|    time_elapsed           | 3003        |
|    total_timesteps        | 405504      |
| train/                    |             |
|    approx_kl              | 0.047206767 |
|    clip_fraction          | 0.257       |
|    clip_range             | 0.2         |
|    entropy_loss           | -2.22       |
|    explained_variance     | 0.904       |
|    learning_rate          | 9.88e-05    |
|    loss                   | -0.0434     |
|    n_updates              | 1310        |
|    policy_gradient_loss   | -0.0266     |
|    std                    | 0.735       |
|    value_loss             | 0.00606     |
-------------------------------------------
----------------------------------------
| curriculum/             |            |
|    stage                | 0.33       |
| rollout/                |            |
|    ep_len_mean          | 579        |
|    ep_rew_mean          | 799        |
| time/                   |            |
|    fps                  | 135        |
|    iterations           | 133        |
|    time_elapsed         | 3022       |
|    total_timesteps      | 408576     |
| train/                  |            |
|    approx_kl            | 0.02750825 |
|    clip_fraction        | 0.242      |
|    clip_range           | 0.2        |
|    entropy_loss         | -2.22      |
|    explained_variance   | 0.935      |
|    learning_rate        | 9.72e-05   |
|    loss                 | -0.0478    |
|    n_updates            | 1320       |
|    policy_gradient_loss | -0.0198    |
|    std                  | 0.734      |
|    value_loss           | 0.00531    |
----------------------------------------
[Step   411648] SR=0.300 | FracGoal=0.433 | Ret=797.26 | Vis=0.70 | Prog=0.073 | CollEvt=16.18 | Stage=0.33
-------------------------------------------
| curriculum/               |             |
|    stage                  | 0.33        |
| research/                 |             |
|    collision_count        | 34.4        |
|    collision_event_count  | 16.2        |
|    curriculum_stage       | 0.33        |
|    episode_length         | 577         |
|    episode_return         | 797         |
|    fraction_at_goal       | 0.433       |
|    reward_collision       | -0.00669    |
|    reward_progress        | 0.0727      |
|    reward_zero_visibility | -0.0159     |
|    stray_count            | 0.15        |
|    success_rate           | 0.3         |
|    visibility_ratio       | 0.695       |
| rollout/                  |             |
|    ep_len_mean            | 577         |
|    ep_rew_mean            | 797         |
| time/                     |             |
|    fps                    | 135         |
|    iterations             | 134         |
|    time_elapsed           | 3041        |
|    total_timesteps        | 411648      |
| train/                    |             |
|    approx_kl              | 0.052859884 |
|    clip_fraction          | 0.249       |
|    clip_range             | 0.2         |
|    entropy_loss           | -2.22       |
|    explained_variance     | 0.86        |
|    learning_rate          | 9.57e-05    |
|    loss                   | -0.0451     |
|    n_updates              | 1330        |
|    policy_gradient_loss   | -0.0305     |
|    std                    | 0.732       |
|    value_loss             | 0.0185      |
-------------------------------------------
-----------------------------------------
| curriculum/             |             |
|    stage                | 0.33        |
| rollout/                |             |
|    ep_len_mean          | 573         |
|    ep_rew_mean          | 791         |
| time/                   |             |
|    fps                  | 135         |
|    iterations           | 135         |
|    time_elapsed         | 3062        |
|    total_timesteps      | 414720      |
| train/                  |             |
|    approx_kl            | 0.035720736 |
|    clip_fraction        | 0.216       |
|    clip_range           | 0.2         |
|    entropy_loss         | -2.21       |
|    explained_variance   | 0.817       |
|    learning_rate        | 9.42e-05    |
|    loss                 | -0.0338     |
|    n_updates            | 1340        |
|    policy_gradient_loss | -0.0269     |
|    std                  | 0.73        |
|    value_loss           | 0.018       |
-----------------------------------------
[Step   417792] SR=0.300 | FracGoal=0.437 | Ret=786.13 | Vis=0.69 | Prog=0.074 | CollEvt=15.65 | Stage=0.33
------------------------------------------
| curriculum/               |            |
|    stage                  | 0.33       |
| research/                 |            |
|    collision_count        | 33.8       |
|    collision_event_count  | 15.6       |
|    curriculum_stage       | 0.33       |
|    episode_length         | 571        |
|    episode_return         | 786        |
|    fraction_at_goal       | 0.437      |
|    reward_collision       | -0.00661   |
|    reward_progress        | 0.0745     |
|    reward_zero_visibility | -0.0176    |
|    stray_count            | 0.14       |
|    success_rate           | 0.3        |
|    visibility_ratio       | 0.694      |
| rollout/                  |            |
|    ep_len_mean            | 571        |
|    ep_rew_mean            | 786        |
| time/                     |            |
|    fps                    | 135        |
|    iterations             | 136        |
|    time_elapsed           | 3080       |
|    total_timesteps        | 417792     |
| train/                    |            |
|    approx_kl              | 0.03592771 |
|    clip_fraction          | 0.216      |
|    clip_range             | 0.2        |
|    entropy_loss           | -2.21      |
|    explained_variance     | 0.755      |
|    learning_rate          | 9.26e-05   |
|    loss                   | -0.00299   |
|    n_updates              | 1350       |
|    policy_gradient_loss   | -0.0216    |
|    std                    | 0.729      |
|    value_loss             | 0.0213     |
------------------------------------------
----------------------------------------
| curriculum/             |            |
|    stage                | 0.33       |
| rollout/                |            |
|    ep_len_mean          | 566        |
|    ep_rew_mean          | 780        |
| time/                   |            |
|    fps                  | 135        |
|    iterations           | 137        |
|    time_elapsed         | 3100       |
|    total_timesteps      | 420864     |
| train/                  |            |
|    approx_kl            | 0.02434693 |
|    clip_fraction        | 0.209      |
|    clip_range           | 0.2        |
|    entropy_loss         | -2.2       |
|    explained_variance   | 0.821      |
|    learning_rate        | 9.11e-05   |
|    loss                 | -0.00881   |
|    n_updates            | 1360       |
|    policy_gradient_loss | -0.0215    |
|    std                  | 0.728      |
|    value_loss           | 0.0117     |
----------------------------------------
[Step   423936] SR=0.280 | FracGoal=0.443 | Ret=792.25 | Vis=0.68 | Prog=0.076 | CollEvt=14.96 | Stage=0.33
-------------------------------------------
| curriculum/               |             |
|    stage                  | 0.33        |
| research/                 |             |
|    collision_count        | 32.4        |
|    collision_event_count  | 15          |
|    curriculum_stage       | 0.33        |
|    episode_length         | 575         |
|    episode_return         | 792         |
|    fraction_at_goal       | 0.443       |
|    reward_collision       | -0.00614    |
|    reward_progress        | 0.0763      |
|    reward_zero_visibility | -0.0184     |
|    stray_count            | 0.13        |
|    success_rate           | 0.28        |
|    visibility_ratio       | 0.683       |
| rollout/                  |             |
|    ep_len_mean            | 575         |
|    ep_rew_mean            | 792         |
| time/                     |             |
|    fps                    | 135         |
|    iterations             | 138         |
|    time_elapsed           | 3119        |
|    total_timesteps        | 423936      |
| train/                    |             |
|    approx_kl              | 0.030670382 |
|    clip_fraction          | 0.194       |
|    clip_range             | 0.2         |
|    entropy_loss           | -2.2        |
|    explained_variance     | 0.789       |
|    learning_rate          | 8.96e-05    |
|    loss                   | -0.0437     |
|    n_updates              | 1370        |
|    policy_gradient_loss   | -0.0274     |
|    std                    | 0.727       |
|    value_loss             | 0.0286      |
-------------------------------------------
[validation @ 425,136] SR=0.067 | FracGoal=0.238 | MeanDist=3.99 | best=0.341
Adaptive curriculum advanced to stage 0.66 at timestep 426,156
-----------------------------------------
| curriculum/             |             |
|    stage                | 0.66        |
| rollout/                |             |
|    ep_len_mean          | 589         |
|    ep_rew_mean          | 812         |
| time/                   |             |
|    fps                  | 134         |
|    iterations           | 139         |
|    time_elapsed         | 3171        |
|    total_timesteps      | 427008      |
| train/                  |             |
|    approx_kl            | 0.030410103 |
|    clip_fraction        | 0.208       |
|    clip_range           | 0.2         |
|    entropy_loss         | -2.2        |
|    explained_variance   | 0.853       |
|    learning_rate        | 8.8e-05     |
|    loss                 | -0.023      |
|    n_updates            | 1380        |
|    policy_gradient_loss | -0.0241     |
|    std                  | 0.726       |
|    value_loss           | 0.0163      |
| validation/             |             |
|    episode_length       | 669         |
|    fraction_at_goal     | 0.238       |
|    mean_dist_to_goal    | 3.99        |
|    success_rate         | 0.0667      |
-----------------------------------------
[Step   430080] SR=0.260 | FracGoal=0.435 | Ret=811.35 | Vis=0.67 | Prog=0.068 | CollEvt=13.75 | Stage=0.46
------------------------------------------
| curriculum/               |            |
|    stage                  | 0.66       |
| research/                 |            |
|    collision_count        | 33.2       |
|    collision_event_count  | 13.8       |
|    curriculum_stage       | 0.462      |
|    episode_length         | 589        |
|    episode_return         | 811        |
|    fraction_at_goal       | 0.435      |
|    reward_collision       | -0.00577   |
|    reward_progress        | 0.0684     |
|    reward_zero_visibility | -0.0183    |
|    stray_count            | 0.12       |
|    success_rate           | 0.26       |
|    visibility_ratio       | 0.668      |
| rollout/                  |            |
|    ep_len_mean            | 589        |
|    ep_rew_mean            | 811        |
| time/                     |            |
|    fps                    | 134        |
|    iterations             | 140        |
|    time_elapsed           | 3190       |
|    total_timesteps        | 430080     |
| train/                    |            |
|    approx_kl              | 0.03221318 |
|    clip_fraction          | 0.228      |
|    clip_range             | 0.2        |
|    entropy_loss           | -2.2       |
|    explained_variance     | 0.848      |
|    learning_rate          | 8.65e-05   |
|    loss                   | -0.0645    |
|    n_updates              | 1390       |
|    policy_gradient_loss   | -0.026     |
|    std                    | 0.726      |
|    value_loss             | 0.0164     |
------------------------------------------
-----------------------------------------
| curriculum/             |             |
|    stage                | 0.66        |
| rollout/                |             |
|    ep_len_mean          | 590         |
|    ep_rew_mean          | 812         |
| time/                   |             |
|    fps                  | 135         |
|    iterations           | 141         |
|    time_elapsed         | 3208        |
|    total_timesteps      | 433152      |
| train/                  |             |
|    approx_kl            | 0.029396662 |
|    clip_fraction        | 0.212       |
|    clip_range           | 0.2         |
|    entropy_loss         | -2.2        |
|    explained_variance   | 0.812       |
|    learning_rate        | 8.5e-05     |
|    loss                 | -0.0461     |
|    n_updates            | 1400        |
|    policy_gradient_loss | -0.0319     |
|    std                  | 0.724       |
|    value_loss           | 0.0127      |
-----------------------------------------
[Step   436224] SR=0.250 | FracGoal=0.407 | Ret=814.15 | Vis=0.68 | Prog=0.069 | CollEvt=13.84 | Stage=0.66
-------------------------------------------
| curriculum/               |             |
|    stage                  | 0.66        |
| research/                 |             |
|    collision_count        | 35.8        |
|    collision_event_count  | 13.8        |
|    curriculum_stage       | 0.66        |
|    episode_length         | 594         |
|    episode_return         | 814         |
|    fraction_at_goal       | 0.407       |
|    reward_collision       | -0.00589    |
|    reward_progress        | 0.0685      |
|    reward_zero_visibility | -0.0205     |
|    stray_count            | 0.15        |
|    success_rate           | 0.25        |
|    visibility_ratio       | 0.682       |
| rollout/                  |             |
|    ep_len_mean            | 594         |
|    ep_rew_mean            | 814         |
| time/                     |             |
|    fps                    | 135         |
|    iterations             | 142         |
|    time_elapsed           | 3228        |
|    total_timesteps        | 436224      |
| train/                    |             |
|    approx_kl              | 0.033947278 |
|    clip_fraction          | 0.239       |
|    clip_range             | 0.2         |
|    entropy_loss           | -2.19       |
|    explained_variance     | 0.885       |
|    learning_rate          | 8.34e-05    |
|    loss                   | -0.0518     |
|    n_updates              | 1410        |
|    policy_gradient_loss   | -0.03       |
|    std                    | 0.723       |
|    value_loss             | 0.0177      |
-------------------------------------------
----------------------------------------
| curriculum/             |            |
|    stage                | 0.66       |
| rollout/                |            |
|    ep_len_mean          | 604        |
|    ep_rew_mean          | 826        |
| time/                   |            |
|    fps                  | 134        |
|    iterations           | 143        |
|    time_elapsed         | 3256       |
|    total_timesteps      | 439296     |
| train/                  |            |
|    approx_kl            | 0.03744296 |
|    clip_fraction        | 0.223      |
|    clip_range           | 0.2        |
|    entropy_loss         | -2.19      |
|    explained_variance   | 0.825      |
|    learning_rate        | 8.19e-05   |
|    loss                 | -0.0507    |
|    n_updates            | 1420       |
|    policy_gradient_loss | -0.0317    |
|    std                  | 0.723      |
|    value_loss           | 0.0187     |
----------------------------------------
[Step   442368] SR=0.240 | FracGoal=0.399 | Ret=833.89 | Vis=0.69 | Prog=0.062 | CollEvt=15.10 | Stage=0.66
-------------------------------------------
| curriculum/               |             |
|    stage                  | 0.66        |
| research/                 |             |
|    collision_count        | 36.3        |
|    collision_event_count  | 15.1        |
|    curriculum_stage       | 0.66        |
|    episode_length         | 607         |
|    episode_return         | 834         |
|    fraction_at_goal       | 0.399       |
|    reward_collision       | -0.00596    |
|    reward_progress        | 0.0617      |
|    reward_zero_visibility | -0.0144     |
|    stray_count            | 0.15        |
|    success_rate           | 0.24        |
|    visibility_ratio       | 0.694       |
| rollout/                  |             |
|    ep_len_mean            | 607         |
|    ep_rew_mean            | 834         |
| time/                     |             |
|    fps                    | 135         |
|    iterations             | 144         |
|    time_elapsed           | 3272        |
|    total_timesteps        | 442368      |
| train/                    |             |
|    approx_kl              | 0.037866145 |
|    clip_fraction          | 0.244       |
|    clip_range             | 0.2         |
|    entropy_loss           | -2.19       |
|    explained_variance     | 0.748       |
|    learning_rate          | 8.04e-05    |
|    loss                   | -0.0196     |
|    n_updates              | 1430        |
|    policy_gradient_loss   | -0.026      |
|    std                    | 0.723       |
|    value_loss             | 0.0209      |
-------------------------------------------
-----------------------------------------
| curriculum/             |             |
|    stage                | 0.66        |
| rollout/                |             |
|    ep_len_mean          | 607         |
|    ep_rew_mean          | 835         |
| time/                   |             |
|    fps                  | 135         |
|    iterations           | 145         |
|    time_elapsed         | 3295        |
|    total_timesteps      | 445440      |
| train/                  |             |
|    approx_kl            | 0.034662947 |
|    clip_fraction        | 0.243       |
|    clip_range           | 0.2         |
|    entropy_loss         | -2.19       |
|    explained_variance   | 0.885       |
|    learning_rate        | 7.88e-05    |
|    loss                 | -0.0529     |
|    n_updates            | 1440        |
|    policy_gradient_loss | -0.0331     |
|    std                  | 0.722       |
|    value_loss           | 0.016       |
-----------------------------------------
[Step   448512] SR=0.220 | FracGoal=0.395 | Ret=834.48 | Vis=0.68 | Prog=0.061 | CollEvt=14.96 | Stage=0.66
-------------------------------------------
| curriculum/               |             |
|    stage                  | 0.66        |
| research/                 |             |
|    collision_count        | 34.2        |
|    collision_event_count  | 15          |
|    curriculum_stage       | 0.66        |
|    episode_length         | 609         |
|    episode_return         | 834         |
|    fraction_at_goal       | 0.395       |
|    reward_collision       | -0.00582    |
|    reward_progress        | 0.061       |
|    reward_zero_visibility | -0.0146     |
|    stray_count            | 0.15        |
|    success_rate           | 0.22        |
|    visibility_ratio       | 0.678       |
| rollout/                  |             |
|    ep_len_mean            | 609         |
|    ep_rew_mean            | 834         |
| time/                     |             |
|    fps                    | 135         |
|    iterations             | 146         |
|    time_elapsed           | 3306        |
|    total_timesteps        | 448512      |
| train/                    |             |
|    approx_kl              | 0.041540507 |
|    clip_fraction          | 0.232       |
|    clip_range             | 0.2         |
|    entropy_loss           | -2.19       |
|    explained_variance     | 0.887       |
|    learning_rate          | 7.73e-05    |
|    loss                   | -0.0356     |
|    n_updates              | 1450        |
|    policy_gradient_loss   | -0.0251     |
|    std                    | 0.721       |
|    value_loss             | 0.0112      |
-------------------------------------------
[validation @ 450,144] SR=0.167 | FracGoal=0.350 | MeanDist=3.64 | best=0.350
----------------------------------------
| curriculum/             |            |
|    stage                | 0.66       |
| rollout/                |            |
|    ep_len_mean          | 598        |
|    ep_rew_mean          | 814        |
| time/                   |            |
|    fps                  | 134        |
|    iterations           | 147        |
|    time_elapsed         | 3352       |
|    total_timesteps      | 451584     |
| train/                  |            |
|    approx_kl            | 0.02817095 |
|    clip_fraction        | 0.232      |
|    clip_range           | 0.2        |
|    entropy_loss         | -2.18      |
|    explained_variance   | 0.942      |
|    learning_rate        | 7.57e-05   |
|    loss                 | -0.0413    |
|    n_updates            | 1460       |
|    policy_gradient_loss | -0.0268    |
|    std                  | 0.721      |
|    value_loss           | 0.0148     |
| validation/             |            |
|    episode_length       | 649        |
|    fraction_at_goal     | 0.35       |
|    mean_dist_to_goal    | 3.64       |
|    success_rate         | 0.167      |
----------------------------------------
[Step   454656] SR=0.240 | FracGoal=0.401 | Ret=822.10 | Vis=0.68 | Prog=0.066 | CollEvt=14.32 | Stage=0.66
-------------------------------------------
| curriculum/               |             |
|    stage                  | 0.66        |
| research/                 |             |
|    collision_count        | 35.7        |
|    collision_event_count  | 14.3        |
|    curriculum_stage       | 0.66        |
|    episode_length         | 604         |
|    episode_return         | 822         |
|    fraction_at_goal       | 0.401       |
|    reward_collision       | -0.00609    |
|    reward_progress        | 0.0656      |
|    reward_zero_visibility | -0.0186     |
|    stray_count            | 0.14        |
|    success_rate           | 0.24        |
|    visibility_ratio       | 0.678       |
| rollout/                  |             |
|    ep_len_mean            | 604         |
|    ep_rew_mean            | 822         |
| time/                     |             |
|    fps                    | 134         |
|    iterations             | 148         |
|    time_elapsed           | 3372        |
|    total_timesteps        | 454656      |
| train/                    |             |
|    approx_kl              | 0.030465564 |
|    clip_fraction          | 0.195       |
|    clip_range             | 0.2         |
|    entropy_loss           | -2.18       |
|    explained_variance     | 0.745       |
|    learning_rate          | 7.42e-05    |
|    loss                   | -0.0497     |
|    n_updates              | 1470        |
|    policy_gradient_loss   | -0.03       |
|    std                    | 0.721       |
|    value_loss             | 0.0391      |
-------------------------------------------
-----------------------------------------
| curriculum/             |             |
|    stage                | 0.66        |
| rollout/                |             |
|    ep_len_mean          | 609         |
|    ep_rew_mean          | 829         |
| time/                   |             |
|    fps                  | 135         |
|    iterations           | 149         |
|    time_elapsed         | 3389        |
|    total_timesteps      | 457728      |
| train/                  |             |
|    approx_kl            | 0.028961625 |
|    clip_fraction        | 0.206       |
|    clip_range           | 0.2         |
|    entropy_loss         | -2.18       |
|    explained_variance   | 0.853       |
|    learning_rate        | 7.27e-05    |
|    loss                 | -0.0598     |
|    n_updates            | 1480        |
|    policy_gradient_loss | -0.0274     |
|    std                  | 0.72        |
|    value_loss           | 0.0251      |
-----------------------------------------
[Step   460800] SR=0.230 | FracGoal=0.406 | Ret=825.58 | Vis=0.67 | Prog=0.064 | CollEvt=14.47 | Stage=0.66
-------------------------------------------
| curriculum/               |             |
|    stage                  | 0.66        |
| research/                 |             |
|    collision_count        | 40.4        |
|    collision_event_count  | 14.5        |
|    curriculum_stage       | 0.66        |
|    episode_length         | 609         |
|    episode_return         | 826         |
|    fraction_at_goal       | 0.406       |
|    reward_collision       | -0.00622    |
|    reward_progress        | 0.064       |
|    reward_zero_visibility | -0.0214     |
|    stray_count            | 0.16        |
|    success_rate           | 0.23        |
|    visibility_ratio       | 0.666       |
| rollout/                  |             |
|    ep_len_mean            | 609         |
|    ep_rew_mean            | 826         |
| time/                     |             |
|    fps                    | 135         |
|    iterations             | 150         |
|    time_elapsed           | 3400        |
|    total_timesteps        | 460800      |
| train/                    |             |
|    approx_kl              | 0.032204706 |
|    clip_fraction          | 0.208       |
|    clip_range             | 0.2         |
|    entropy_loss           | -2.18       |
|    explained_variance     | 0.903       |
|    learning_rate          | 7.11e-05    |
|    loss                   | -0.0419     |
|    n_updates              | 1490        |
|    policy_gradient_loss   | -0.0285     |
|    std                    | 0.719       |
|    value_loss             | 0.013       |
-------------------------------------------
Adaptive curriculum fell back to stage 0.33 at timestep 462,948
-----------------------------------------
| curriculum/             |             |
|    stage                | 0.33        |
| rollout/                |             |
|    ep_len_mean          | 609         |
|    ep_rew_mean          | 825         |
| time/                   |             |
|    fps                  | 135         |
|    iterations           | 151         |
|    time_elapsed         | 3423        |
|    total_timesteps      | 463872      |
| train/                  |             |
|    approx_kl            | 0.031836882 |
|    clip_fraction        | 0.22        |
|    clip_range           | 0.2         |
|    entropy_loss         | -2.18       |
|    explained_variance   | 0.912       |
|    learning_rate        | 6.96e-05    |
|    loss                 | -0.0659     |
|    n_updates            | 1500        |
|    policy_gradient_loss | -0.0311     |
|    std                  | 0.719       |
|    value_loss           | 0.0117      |
-----------------------------------------
[Step   466944] SR=0.230 | FracGoal=0.404 | Ret=825.71 | Vis=0.66 | Prog=0.064 | CollEvt=15.42 | Stage=0.53
-------------------------------------------
| curriculum/               |             |
|    stage                  | 0.33        |
| research/                 |             |
|    collision_count        | 41.6        |
|    collision_event_count  | 15.4        |
|    curriculum_stage       | 0.528       |
|    episode_length         | 609         |
|    episode_return         | 826         |
|    fraction_at_goal       | 0.404       |
|    reward_collision       | -0.00651    |
|    reward_progress        | 0.0643      |
|    reward_zero_visibility | -0.0214     |
|    stray_count            | 0.17        |
|    success_rate           | 0.23        |
|    visibility_ratio       | 0.662       |
| rollout/                  |             |
|    ep_len_mean            | 609         |
|    ep_rew_mean            | 826         |
| time/                     |             |
|    fps                    | 136         |
|    iterations             | 152         |
|    time_elapsed           | 3433        |
|    total_timesteps        | 466944      |
| train/                    |             |
|    approx_kl              | 0.025499607 |
|    clip_fraction          | 0.194       |
|    clip_range             | 0.2         |
|    entropy_loss           | -2.18       |
|    explained_variance     | 0.936       |
|    learning_rate          | 6.81e-05    |
|    loss                   | -0.056      |
|    n_updates              | 1510        |
|    policy_gradient_loss   | -0.0243     |
|    std                    | 0.718       |
|    value_loss             | 0.00853     |
-------------------------------------------
-----------------------------------------
| curriculum/             |             |
|    stage                | 0.33        |
| rollout/                |             |
|    ep_len_mean          | 613         |
|    ep_rew_mean          | 828         |
| time/                   |             |
|    fps                  | 136         |
|    iterations           | 153         |
|    time_elapsed         | 3450        |
|    total_timesteps      | 470016      |
| train/                  |             |
|    approx_kl            | 0.020900493 |
|    clip_fraction        | 0.218       |
|    clip_range           | 0.2         |
|    entropy_loss         | -2.18       |
|    explained_variance   | 0.974       |
|    learning_rate        | 6.65e-05    |
|    loss                 | -0.0453     |
|    n_updates            | 1520        |
|    policy_gradient_loss | -0.0215     |
|    std                  | 0.718       |
|    value_loss           | 0.00502     |
-----------------------------------------
[Step   473088] SR=0.220 | FracGoal=0.397 | Ret=829.07 | Vis=0.65 | Prog=0.063 | CollEvt=15.75 | Stage=0.33
-------------------------------------------
| curriculum/               |             |
|    stage                  | 0.33        |
| research/                 |             |
|    collision_count        | 41.6        |
|    collision_event_count  | 15.8        |
|    curriculum_stage       | 0.33        |
|    episode_length         | 613         |
|    episode_return         | 829         |
|    fraction_at_goal       | 0.397       |
|    reward_collision       | -0.00655    |
|    reward_progress        | 0.0631      |
|    reward_zero_visibility | -0.025      |
|    stray_count            | 0.18        |
|    success_rate           | 0.22        |
|    visibility_ratio       | 0.653       |
| rollout/                  |             |
|    ep_len_mean            | 613         |
|    ep_rew_mean            | 829         |
| time/                     |             |
|    fps                    | 136         |
|    iterations             | 154         |
|    time_elapsed           | 3473        |
|    total_timesteps        | 473088      |
| train/                    |             |
|    approx_kl              | 0.034361154 |
|    clip_fraction          | 0.222       |
|    clip_range             | 0.2         |
|    entropy_loss           | -2.17       |
|    explained_variance     | 0.939       |
|    learning_rate          | 6.5e-05     |
|    loss                   | -0.0361     |
|    n_updates              | 1530        |
|    policy_gradient_loss   | -0.0231     |
|    std                    | 0.717       |
|    value_loss             | 0.00722     |
-------------------------------------------
[validation @ 475,152] SR=0.200 | FracGoal=0.298 | MeanDist=4.54 | best=0.350
----------------------------------------
| curriculum/             |            |
|    stage                | 0.33       |
| rollout/                |            |
|    ep_len_mean          | 623        |
|    ep_rew_mean          | 842        |
| time/                   |            |
|    fps                  | 135        |
|    iterations           | 155        |
|    time_elapsed         | 3512       |
|    total_timesteps      | 476160     |
| train/                  |            |
|    approx_kl            | 0.02179111 |
|    clip_fraction        | 0.21       |
|    clip_range           | 0.2        |
|    entropy_loss         | -2.17      |
|    explained_variance   | 0.92       |
|    learning_rate        | 6.35e-05   |
|    loss                 | -0.0526    |
|    n_updates            | 1540       |
|    policy_gradient_loss | -0.0236    |
|    std                  | 0.716      |
|    value_loss           | 0.00576    |
| validation/             |            |
|    episode_length       | 615        |
|    fraction_at_goal     | 0.298      |
|    mean_dist_to_goal    | 4.54       |
|    success_rate         | 0.2        |
----------------------------------------
[Step   479232] SR=0.210 | FracGoal=0.392 | Ret=840.72 | Vis=0.67 | Prog=0.065 | CollEvt=17.57 | Stage=0.33
-------------------------------------------
| curriculum/               |             |
|    stage                  | 0.33        |
| research/                 |             |
|    collision_count        | 44.2        |
|    collision_event_count  | 17.6        |
|    curriculum_stage       | 0.33        |
|    episode_length         | 620         |
|    episode_return         | 841         |
|    fraction_at_goal       | 0.392       |
|    reward_collision       | -0.00698    |
|    reward_progress        | 0.0652      |
|    reward_zero_visibility | -0.0215     |
|    stray_count            | 0.21        |
|    success_rate           | 0.21        |
|    visibility_ratio       | 0.675       |
| rollout/                  |             |
|    ep_len_mean            | 620         |
|    ep_rew_mean            | 841         |
| time/                     |             |
|    fps                    | 135         |
|    iterations             | 156         |
|    time_elapsed           | 3533        |
|    total_timesteps        | 479232      |
| train/                    |             |
|    approx_kl              | 0.027353749 |
|    clip_fraction          | 0.197       |
|    clip_range             | 0.2         |
|    entropy_loss           | -2.17       |
|    explained_variance     | 0.802       |
|    learning_rate          | 6.19e-05    |
|    loss                   | -0.0433     |
|    n_updates              | 1550        |
|    policy_gradient_loss   | -0.0297     |
|    std                    | 0.717       |
|    value_loss             | 0.0173      |
-------------------------------------------
----------------------------------------
| curriculum/             |            |
|    stage                | 0.33       |
| rollout/                |            |
|    ep_len_mean          | 607        |
|    ep_rew_mean          | 823        |
| time/                   |            |
|    fps                  | 135        |
|    iterations           | 157        |
|    time_elapsed         | 3550       |
|    total_timesteps      | 482304     |
| train/                  |            |
|    approx_kl            | 0.02558614 |
|    clip_fraction        | 0.172      |
|    clip_range           | 0.2        |
|    entropy_loss         | -2.17      |
|    explained_variance   | 0.679      |
|    learning_rate        | 6.04e-05   |
|    loss                 | -0.0497    |
|    n_updates            | 1560       |
|    policy_gradient_loss | -0.028     |
|    std                  | 0.716      |
|    value_loss           | 0.0418     |
----------------------------------------
[Step   485376] SR=0.270 | FracGoal=0.421 | Ret=810.08 | Vis=0.69 | Prog=0.068 | CollEvt=17.31 | Stage=0.33
-------------------------------------------
| curriculum/               |             |
|    stage                  | 0.33        |
| research/                 |             |
|    collision_count        | 42.7        |
|    collision_event_count  | 17.3        |
|    curriculum_stage       | 0.33        |
|    episode_length         | 597         |
|    episode_return         | 810         |
|    fraction_at_goal       | 0.421       |
|    reward_collision       | -0.00683    |
|    reward_progress        | 0.0683      |
|    reward_zero_visibility | -0.0214     |
|    stray_count            | 0.21        |
|    success_rate           | 0.27        |
|    visibility_ratio       | 0.687       |
| rollout/                  |             |
|    ep_len_mean            | 597         |
|    ep_rew_mean            | 810         |
| time/                     |             |
|    fps                    | 135         |
|    iterations             | 158         |
|    time_elapsed           | 3573        |
|    total_timesteps        | 485376      |
| train/                    |             |
|    approx_kl              | 0.018105429 |
|    clip_fraction          | 0.158       |
|    clip_range             | 0.2         |
|    entropy_loss           | -2.17       |
|    explained_variance     | 0.569       |
|    learning_rate          | 5.88e-05    |
|    loss                   | 0.0511      |
|    n_updates              | 1570        |
|    policy_gradient_loss   | -0.0223     |
|    std                    | 0.716       |
|    value_loss             | 0.125       |
-------------------------------------------
Adaptive curriculum advanced to stage 0.66 at timestep 487,956
-----------------------------------------
| curriculum/             |             |
|    stage                | 0.66        |
| rollout/                |             |
|    ep_len_mean          | 594         |
|    ep_rew_mean          | 808         |
| time/                   |             |
|    fps                  | 136         |
|    iterations           | 159         |
|    time_elapsed         | 3590        |
|    total_timesteps      | 488448      |
| train/                  |             |
|    approx_kl            | 0.022940096 |
|    clip_fraction        | 0.16        |
|    clip_range           | 0.2         |
|    entropy_loss         | -2.17       |
|    explained_variance   | 0.888       |
|    learning_rate        | 5.73e-05    |
|    loss                 | -0.0409     |
|    n_updates            | 1580        |
|    policy_gradient_loss | -0.0256     |
|    std                  | 0.715       |
|    value_loss           | 0.0371      |
-----------------------------------------
[Step   491520] SR=0.280 | FracGoal=0.431 | Ret=815.08 | Vis=0.69 | Prog=0.068 | CollEvt=15.95 | Stage=0.53
-------------------------------------------
| curriculum/               |             |
|    stage                  | 0.66        |
| research/                 |             |
|    collision_count        | 38.1        |
|    collision_event_count  | 15.9        |
|    curriculum_stage       | 0.528       |
|    episode_length         | 598         |
|    episode_return         | 815         |
|    fraction_at_goal       | 0.431       |
|    reward_collision       | -0.00634    |
|    reward_progress        | 0.0677      |
|    reward_zero_visibility | -0.0213     |
|    stray_count            | 0.2         |
|    success_rate           | 0.28        |
|    visibility_ratio       | 0.694       |
| rollout/                  |             |
|    ep_len_mean            | 598         |
|    ep_rew_mean            | 815         |
| time/                     |             |
|    fps                    | 136         |
|    iterations             | 160         |
|    time_elapsed           | 3597        |
|    total_timesteps        | 491520      |
| train/                    |             |
|    approx_kl              | 0.029468253 |
|    clip_fraction          | 0.184       |
|    clip_range             | 0.2         |
|    entropy_loss           | -2.17       |
|    explained_variance     | 0.879       |
|    learning_rate          | 5.58e-05    |
|    loss                   | -0.0566     |
|    n_updates              | 1590        |
|    policy_gradient_loss   | -0.023      |
|    std                    | 0.715       |
|    value_loss             | 0.0143      |
-------------------------------------------
----------------------------------------
| curriculum/             |            |
|    stage                | 0.66       |
| rollout/                |            |
|    ep_len_mean          | 603        |
|    ep_rew_mean          | 823        |
| time/                   |            |
|    fps                  | 136        |
|    iterations           | 161        |
|    time_elapsed         | 3614       |
|    total_timesteps      | 494592     |
| train/                  |            |
|    approx_kl            | 0.02502816 |
|    clip_fraction        | 0.184      |
|    clip_range           | 0.2        |
|    entropy_loss         | -2.16      |
|    explained_variance   | 0.768      |
|    learning_rate        | 5.42e-05   |
|    loss                 | -0.0724    |
|    n_updates            | 1600       |
|    policy_gradient_loss | -0.0296    |
|    std                  | 0.713      |
|    value_loss           | 0.0191     |
----------------------------------------
[Step   497664] SR=0.250 | FracGoal=0.422 | Ret=827.83 | Vis=0.68 | Prog=0.065 | CollEvt=17.10 | Stage=0.66
-------------------------------------------
| curriculum/               |             |
|    stage                  | 0.66        |
| research/                 |             |
|    collision_count        | 38.2        |
|    collision_event_count  | 17.1        |
|    curriculum_stage       | 0.66        |
|    episode_length         | 607         |
|    episode_return         | 828         |
|    fraction_at_goal       | 0.422       |
|    reward_collision       | -0.00651    |
|    reward_progress        | 0.0653      |
|    reward_zero_visibility | -0.0205     |
|    stray_count            | 0.19        |
|    success_rate           | 0.25        |
|    visibility_ratio       | 0.68        |
| rollout/                  |             |
|    ep_len_mean            | 607         |
|    ep_rew_mean            | 828         |
| time/                     |             |
|    fps                    | 137         |
|    iterations             | 162         |
|    time_elapsed           | 3629        |
|    total_timesteps        | 497664      |
| train/                    |             |
|    approx_kl              | 0.025334254 |
|    clip_fraction          | 0.198       |
|    clip_range             | 0.2         |
|    entropy_loss           | -2.16       |
|    explained_variance     | 0.889       |
|    learning_rate          | 5.27e-05    |
|    loss                   | -0.0546     |
|    n_updates              | 1610        |
|    policy_gradient_loss   | -0.0281     |
|    std                    | 0.713       |
|    value_loss             | 0.00837     |
-------------------------------------------
[validation @ 500,160] SR=0.267 | FracGoal=0.434 | MeanDist=3.37 | best=0.434
----------------------------------------
| curriculum/             |            |
|    stage                | 0.66       |
| rollout/                |            |
|    ep_len_mean          | 613        |
|    ep_rew_mean          | 844        |
| time/                   |            |
|    fps                  | 136        |
|    iterations           | 163        |
|    time_elapsed         | 3672       |
|    total_timesteps      | 500736     |
| train/                  |            |
|    approx_kl            | 0.02415406 |
|    clip_fraction        | 0.174      |
|    clip_range           | 0.2        |
|    entropy_loss         | -2.16      |
|    explained_variance   | 0.852      |
|    learning_rate        | 5.12e-05   |
|    loss                 | -0.0578    |
|    n_updates            | 1620       |
|    policy_gradient_loss | -0.0259    |
|    std                  | 0.712      |
|    value_loss           | 0.00731    |
| validation/             |            |
|    episode_length       | 588        |
|    fraction_at_goal     | 0.434      |
|    mean_dist_to_goal    | 3.37       |
|    success_rate         | 0.267      |
----------------------------------------
[Step   503808] SR=0.230 | FracGoal=0.419 | Ret=849.53 | Vis=0.70 | Prog=0.065 | CollEvt=16.67 | Stage=0.66
------------------------------------------
| curriculum/               |            |
|    stage                  | 0.66       |
| research/                 |            |
|    collision_count        | 37.7       |
|    collision_event_count  | 16.7       |
|    curriculum_stage       | 0.66       |
|    episode_length         | 615        |
|    episode_return         | 850        |
|    fraction_at_goal       | 0.419      |
|    reward_collision       | -0.00627   |
|    reward_progress        | 0.065      |
|    reward_zero_visibility | -0.0185    |
|    stray_count            | 0.17       |
|    success_rate           | 0.23       |
|    visibility_ratio       | 0.7        |
| rollout/                  |            |
|    ep_len_mean            | 615        |
|    ep_rew_mean            | 850        |
| time/                     |            |
|    fps                    | 136        |
|    iterations             | 164        |
|    time_elapsed           | 3689       |
|    total_timesteps        | 503808     |
| train/                    |            |
|    approx_kl              | 0.04084389 |
|    clip_fraction          | 0.194      |
|    clip_range             | 0.2        |
|    entropy_loss           | -2.16      |
|    explained_variance     | 0.775      |
|    learning_rate          | 4.96e-05   |
|    loss                   | -0.0537    |
|    n_updates              | 1630       |
|    policy_gradient_loss   | -0.0315    |
|    std                    | 0.712      |
|    value_loss             | 0.0236     |
------------------------------------------
----------------------------------------
| curriculum/             |            |
|    stage                | 0.66       |
| rollout/                |            |
|    ep_len_mean          | 606        |
|    ep_rew_mean          | 839        |
| time/                   |            |
|    fps                  | 136        |
|    iterations           | 165        |
|    time_elapsed         | 3708       |
|    total_timesteps      | 506880     |
| train/                  |            |
|    approx_kl            | 0.02619913 |
|    clip_fraction        | 0.192      |
|    clip_range           | 0.2        |
|    entropy_loss         | -2.16      |
|    explained_variance   | 0.918      |
|    learning_rate        | 4.81e-05   |
|    loss                 | -0.046     |
|    n_updates            | 1640       |
|    policy_gradient_loss | -0.0281    |
|    std                  | 0.712      |
|    value_loss           | 0.00831    |
----------------------------------------
[Step   509952] SR=0.230 | FracGoal=0.408 | Ret=853.38 | Vis=0.69 | Prog=0.061 | CollEvt=15.74 | Stage=0.66
-------------------------------------------
| curriculum/               |             |
|    stage                  | 0.66        |
| research/                 |             |
|    collision_count        | 38.6        |
|    collision_event_count  | 15.7        |
|    curriculum_stage       | 0.66        |
|    episode_length         | 618         |
|    episode_return         | 853         |
|    fraction_at_goal       | 0.408       |
|    reward_collision       | -0.00587    |
|    reward_progress        | 0.0609      |
|    reward_zero_visibility | -0.0179     |
|    stray_count            | 0.16        |
|    success_rate           | 0.23        |
|    visibility_ratio       | 0.693       |
| rollout/                  |             |
|    ep_len_mean            | 618         |
|    ep_rew_mean            | 853         |
| time/                     |             |
|    fps                    | 136         |
|    iterations             | 166         |
|    time_elapsed           | 3725        |
|    total_timesteps        | 509952      |
| train/                    |             |
|    approx_kl              | 0.028488552 |
|    clip_fraction          | 0.175       |
|    clip_range             | 0.2         |
|    entropy_loss           | -2.16       |
|    explained_variance     | 0.72        |
|    learning_rate          | 4.66e-05    |
|    loss                   | -0.0779     |
|    n_updates              | 1650        |
|    policy_gradient_loss   | -0.033      |
|    std                    | 0.712       |
|    value_loss             | 0.0376      |
-------------------------------------------
Adaptive curriculum fell back to stage 0.33 at timestep 512,964
-----------------------------------------
| curriculum/             |             |
|    stage                | 0.33        |
| rollout/                |             |
|    ep_len_mean          | 618         |
|    ep_rew_mean          | 854         |
| time/                   |             |
|    fps                  | 137         |
|    iterations           | 167         |
|    time_elapsed         | 3738        |
|    total_timesteps      | 513024      |
| train/                  |             |
|    approx_kl            | 0.024428014 |
|    clip_fraction        | 0.182       |
|    clip_range           | 0.2         |
|    entropy_loss         | -2.16       |
|    explained_variance   | 0.871       |
|    learning_rate        | 4.5e-05     |
|    loss                 | -0.085      |
|    n_updates            | 1660        |
|    policy_gradient_loss | -0.0382     |
|    std                  | 0.712       |
|    value_loss           | 0.0129      |
-----------------------------------------
[Step   516096] SR=0.220 | FracGoal=0.397 | Ret=863.45 | Vis=0.70 | Prog=0.056 | CollEvt=15.82 | Stage=0.46
-------------------------------------------
| curriculum/               |             |
|    stage                  | 0.33        |
| research/                 |             |
|    collision_count        | 36.6        |
|    collision_event_count  | 15.8        |
|    curriculum_stage       | 0.462       |
|    episode_length         | 624         |
|    episode_return         | 863         |
|    fraction_at_goal       | 0.397       |
|    reward_collision       | -0.00573    |
|    reward_progress        | 0.0561      |
|    reward_zero_visibility | -0.0135     |
|    stray_count            | 0.18        |
|    success_rate           | 0.22        |
|    visibility_ratio       | 0.703       |
| rollout/                  |             |
|    ep_len_mean            | 624         |
|    ep_rew_mean            | 863         |
| time/                     |             |
|    fps                    | 137         |
|    iterations             | 168         |
|    time_elapsed           | 3748        |
|    total_timesteps        | 516096      |
| train/                    |             |
|    approx_kl              | 0.022167802 |
|    clip_fraction          | 0.184       |
|    clip_range             | 0.2         |
|    entropy_loss           | -2.16       |
|    explained_variance     | 0.865       |
|    learning_rate          | 4.35e-05    |
|    loss                   | -0.0695     |
|    n_updates              | 1670        |
|    policy_gradient_loss   | -0.0302     |
|    std                    | 0.712       |
|    value_loss             | 0.0107      |
-------------------------------------------
-----------------------------------------
| curriculum/             |             |
|    stage                | 0.33        |
| rollout/                |             |
|    ep_len_mean          | 628         |
|    ep_rew_mean          | 865         |
| time/                   |             |
|    fps                  | 137         |
|    iterations           | 169         |
|    time_elapsed         | 3763        |
|    total_timesteps      | 519168      |
| train/                  |             |
|    approx_kl            | 0.019977039 |
|    clip_fraction        | 0.173       |
|    clip_range           | 0.2         |
|    entropy_loss         | -2.16       |
|    explained_variance   | 0.877       |
|    learning_rate        | 4.2e-05     |
|    loss                 | -0.0558     |
|    n_updates            | 1680        |
|    policy_gradient_loss | -0.024      |
|    std                  | 0.711       |
|    value_loss           | 0.00898     |
-----------------------------------------
[Step   522240] SR=0.210 | FracGoal=0.388 | Ret=864.37 | Vis=0.68 | Prog=0.054 | CollEvt=15.49 | Stage=0.33
-------------------------------------------
| curriculum/               |             |
|    stage                  | 0.33        |
| research/                 |             |
|    collision_count        | 35.5        |
|    collision_event_count  | 15.5        |
|    curriculum_stage       | 0.33        |
|    episode_length         | 628         |
|    episode_return         | 864         |
|    fraction_at_goal       | 0.388       |
|    reward_collision       | -0.00556    |
|    reward_progress        | 0.0544      |
|    reward_zero_visibility | -0.0168     |
|    stray_count            | 0.22        |
|    success_rate           | 0.21        |
|    visibility_ratio       | 0.681       |
| rollout/                  |             |
|    ep_len_mean            | 628         |
|    ep_rew_mean            | 864         |
| time/                     |             |
|    fps                    | 138         |
|    iterations             | 170         |
|    time_elapsed           | 3779        |
|    total_timesteps        | 522240      |
| train/                    |             |
|    approx_kl              | 0.018433783 |
|    clip_fraction          | 0.155       |
|    clip_range             | 0.2         |
|    entropy_loss           | -2.16       |
|    explained_variance     | 0.729       |
|    learning_rate          | 4.04e-05    |
|    loss                   | -0.0555     |
|    n_updates              | 1690        |
|    policy_gradient_loss   | -0.0226     |
|    std                    | 0.711       |
|    value_loss             | 0.0269      |
-------------------------------------------
[validation @ 525,168] SR=0.200 | FracGoal=0.313 | MeanDist=3.79 | best=0.434
-----------------------------------------
| curriculum/             |             |
|    stage                | 0.33        |
| rollout/                |             |
|    ep_len_mean          | 616         |
|    ep_rew_mean          | 848         |
| time/                   |             |
|    fps                  | 137         |
|    iterations           | 171         |
|    time_elapsed         | 3819        |
|    total_timesteps      | 525312      |
| train/                  |             |
|    approx_kl            | 0.017457068 |
|    clip_fraction        | 0.141       |
|    clip_range           | 0.2         |
|    entropy_loss         | -2.15       |
|    explained_variance   | 0.784       |
|    learning_rate        | 3.89e-05    |
|    loss                 | -0.0321     |
|    n_updates            | 1700        |
|    policy_gradient_loss | -0.0236     |
|    std                  | 0.71        |
|    value_loss           | 0.0269      |
| validation/             |             |
|    episode_length       | 628         |
|    fraction_at_goal     | 0.313       |
|    mean_dist_to_goal    | 3.79        |
|    success_rate         | 0.2         |
-----------------------------------------
[Step   528384] SR=0.240 | FracGoal=0.431 | Ret=846.22 | Vis=0.71 | Prog=0.062 | CollEvt=14.13 | Stage=0.33
------------------------------------------
| curriculum/               |            |
|    stage                  | 0.33       |
| research/                 |            |
|    collision_count        | 29         |
|    collision_event_count  | 14.1       |
|    curriculum_stage       | 0.33       |
|    episode_length         | 610        |
|    episode_return         | 846        |
|    fraction_at_goal       | 0.431      |
|    reward_collision       | -0.00513   |
|    reward_progress        | 0.0617     |
|    reward_zero_visibility | -0.0101    |
|    stray_count            | 0.22       |
|    success_rate           | 0.24       |
|    visibility_ratio       | 0.708      |
| rollout/                  |            |
|    ep_len_mean            | 610        |
|    ep_rew_mean            | 846        |
| time/                     |            |
|    fps                    | 137        |
|    iterations             | 172        |
|    time_elapsed           | 3834       |
|    total_timesteps        | 528384     |
| train/                    |            |
|    approx_kl              | 0.01461448 |
|    clip_fraction          | 0.135      |
|    clip_range             | 0.2        |
|    entropy_loss           | -2.15      |
|    explained_variance     | 0.674      |
|    learning_rate          | 3.73e-05   |
|    loss                   | -0.0514    |
|    n_updates              | 1710       |
|    policy_gradient_loss   | -0.0242    |
|    std                    | 0.71       |
|    value_loss             | 0.0464     |
------------------------------------------
-----------------------------------------
| curriculum/             |             |
|    stage                | 0.33        |
| rollout/                |             |
|    ep_len_mean          | 601         |
|    ep_rew_mean          | 835         |
| time/                   |             |
|    fps                  | 138         |
|    iterations           | 173         |
|    time_elapsed         | 3850        |
|    total_timesteps      | 531456      |
| train/                  |             |
|    approx_kl            | 0.018669277 |
|    clip_fraction        | 0.138       |
|    clip_range           | 0.2         |
|    entropy_loss         | -2.15       |
|    explained_variance   | 0.747       |
|    learning_rate        | 3.58e-05    |
|    loss                 | -0.0685     |
|    n_updates            | 1720        |
|    policy_gradient_loss | -0.027      |
|    std                  | 0.709       |
|    value_loss           | 0.0122      |
-----------------------------------------
[Step   534528] SR=0.300 | FracGoal=0.458 | Ret=823.80 | Vis=0.71 | Prog=0.066 | CollEvt=14.93 | Stage=0.33
-------------------------------------------
| curriculum/               |             |
|    stage                  | 0.33        |
| research/                 |             |
|    collision_count        | 31.5        |
|    collision_event_count  | 14.9        |
|    curriculum_stage       | 0.33        |
|    episode_length         | 593         |
|    episode_return         | 824         |
|    fraction_at_goal       | 0.458       |
|    reward_collision       | -0.00557    |
|    reward_progress        | 0.0664      |
|    reward_zero_visibility | -0.00856    |
|    stray_count            | 0.19        |
|    success_rate           | 0.3         |
|    visibility_ratio       | 0.711       |
| rollout/                  |             |
|    ep_len_mean            | 593         |
|    ep_rew_mean            | 824         |
| time/                     |             |
|    fps                    | 138         |
|    iterations             | 174         |
|    time_elapsed           | 3867        |
|    total_timesteps        | 534528      |
| train/                    |             |
|    approx_kl              | 0.018860113 |
|    clip_fraction          | 0.141       |
|    clip_range             | 0.2         |
|    entropy_loss           | -2.15       |
|    explained_variance     | 0.673       |
|    learning_rate          | 3.43e-05    |
|    loss                   | 0.0062      |
|    n_updates              | 1730        |
|    policy_gradient_loss   | -0.0256     |
|    std                    | 0.709       |
|    value_loss             | 0.0457      |
-------------------------------------------
-----------------------------------------
| curriculum/             |             |
|    stage                | 0.33        |
| rollout/                |             |
|    ep_len_mean          | 595         |
|    ep_rew_mean          | 826         |
| time/                   |             |
|    fps                  | 138         |
|    iterations           | 175         |
|    time_elapsed         | 3884        |
|    total_timesteps      | 537600      |
| train/                  |             |
|    approx_kl            | 0.020179242 |
|    clip_fraction        | 0.135       |
|    clip_range           | 0.2         |
|    entropy_loss         | -2.15       |
|    explained_variance   | 0.684       |
|    learning_rate        | 3.27e-05    |
|    loss                 | 0.0177      |
|    n_updates            | 1740        |
|    policy_gradient_loss | -0.0228     |
|    std                  | 0.708       |
|    value_loss           | 0.0532      |
-----------------------------------------
Adaptive curriculum advanced to stage 0.66 at timestep 537,972
[Step   540672] SR=0.260 | FracGoal=0.436 | Ret=837.89 | Vis=0.71 | Prog=0.061 | CollEvt=14.41 | Stage=0.49
-------------------------------------------
| curriculum/               |             |
|    stage                  | 0.66        |
| research/                 |             |
|    collision_count        | 34.1        |
|    collision_event_count  | 14.4        |
|    curriculum_stage       | 0.495       |
|    episode_length         | 605         |
|    episode_return         | 838         |
|    fraction_at_goal       | 0.436       |
|    reward_collision       | -0.00549    |
|    reward_progress        | 0.0606      |
|    reward_zero_visibility | -0.00942    |
|    stray_count            | 0.2         |
|    success_rate           | 0.26        |
|    visibility_ratio       | 0.708       |
| rollout/                  |             |
|    ep_len_mean            | 605         |
|    ep_rew_mean            | 838         |
| time/                     |             |
|    fps                    | 138         |
|    iterations             | 176         |
|    time_elapsed           | 3902        |
|    total_timesteps        | 540672      |
| train/                    |             |
|    approx_kl              | 0.016003693 |
|    clip_fraction          | 0.127       |
|    clip_range             | 0.2         |
|    entropy_loss           | -2.15       |
|    explained_variance     | 0.856       |
|    learning_rate          | 3.12e-05    |
|    loss                   | -0.047      |
|    n_updates              | 1750        |
|    policy_gradient_loss   | -0.0239     |
|    std                    | 0.708       |
|    value_loss             | 0.0247      |
-------------------------------------------
----------------------------------------
| curriculum/             |            |
|    stage                | 0.66       |
| rollout/                |            |
|    ep_len_mean          | 614        |
|    ep_rew_mean          | 850        |
| time/                   |            |
|    fps                  | 138        |
|    iterations           | 177        |
|    time_elapsed         | 3918       |
|    total_timesteps      | 543744     |
| train/                  |            |
|    approx_kl            | 0.01894968 |
|    clip_fraction        | 0.122      |
|    clip_range           | 0.2        |
|    entropy_loss         | -2.15      |
|    explained_variance   | 0.895      |
|    learning_rate        | 2.97e-05   |
|    loss                 | -0.0516    |
|    n_updates            | 1760       |
|    policy_gradient_loss | -0.0241    |
|    std                  | 0.708      |
|    value_loss           | 0.0228     |
----------------------------------------
[Step   546816] SR=0.220 | FracGoal=0.406 | Ret=855.57 | Vis=0.69 | Prog=0.055 | CollEvt=14.82 | Stage=0.66
-------------------------------------------
| curriculum/               |             |
|    stage                  | 0.66        |
| research/                 |             |
|    collision_count        | 34.9        |
|    collision_event_count  | 14.8        |
|    curriculum_stage       | 0.66        |
|    episode_length         | 619         |
|    episode_return         | 856         |
|    fraction_at_goal       | 0.406       |
|    reward_collision       | -0.00578    |
|    reward_progress        | 0.0554      |
|    reward_zero_visibility | -0.00978    |
|    stray_count            | 0.22        |
|    success_rate           | 0.22        |
|    visibility_ratio       | 0.693       |
| rollout/                  |             |
|    ep_len_mean            | 619         |
|    ep_rew_mean            | 856         |
| time/                     |             |
|    fps                    | 138         |
|    iterations             | 178         |
|    time_elapsed           | 3941        |
|    total_timesteps        | 546816      |
| train/                    |             |
|    approx_kl              | 0.019707002 |
|    clip_fraction          | 0.144       |
|    clip_range             | 0.2         |
|    entropy_loss           | -2.15       |
|    explained_variance     | 0.783       |
|    learning_rate          | 2.81e-05    |
|    loss                   | -0.0336     |
|    n_updates              | 1770        |
|    policy_gradient_loss   | -0.0223     |
|    std                    | 0.708       |
|    value_loss             | 0.0606      |
-------------------------------------------
-----------------------------------------
| curriculum/             |             |
|    stage                | 0.66        |
| rollout/                |             |
|    ep_len_mean          | 623         |
|    ep_rew_mean          | 859         |
| time/                   |             |
|    fps                  | 139         |
|    iterations           | 179         |
|    time_elapsed         | 3953        |
|    total_timesteps      | 549888      |
| train/                  |             |
|    approx_kl            | 0.022999728 |
|    clip_fraction        | 0.151       |
|    clip_range           | 0.2         |
|    entropy_loss         | -2.15       |
|    explained_variance   | 0.878       |
|    learning_rate        | 2.66e-05    |
|    loss                 | -0.0451     |
|    n_updates            | 1780        |
|    policy_gradient_loss | -0.0243     |
|    std                  | 0.708       |
|    value_loss           | 0.0283      |
-----------------------------------------
[validation @ 550,176] SR=0.200 | FracGoal=0.319 | MeanDist=4.04 | best=0.434
[Step   552960] SR=0.190 | FracGoal=0.374 | Ret=859.66 | Vis=0.70 | Prog=0.054 | CollEvt=16.49 | Stage=0.66
------------------------------------------
| curriculum/               |            |
|    stage                  | 0.66       |
| research/                 |            |
|    collision_count        | 45.8       |
|    collision_event_count  | 16.5       |
|    curriculum_stage       | 0.66       |
|    episode_length         | 627        |
|    episode_return         | 860        |
|    fraction_at_goal       | 0.374      |
|    reward_collision       | -0.00662   |
|    reward_progress        | 0.0536     |
|    reward_zero_visibility | -0.00875   |
|    stray_count            | 0.24       |
|    success_rate           | 0.19       |
|    visibility_ratio       | 0.696      |
| rollout/                  |            |
|    ep_len_mean            | 627        |
|    ep_rew_mean            | 860        |
| time/                     |            |
|    fps                    | 138        |
|    iterations             | 180        |
|    time_elapsed           | 3997       |
|    total_timesteps        | 552960     |
| train/                    |            |
|    approx_kl              | 0.01654992 |
|    clip_fraction          | 0.136      |
|    clip_range             | 0.2        |
|    entropy_loss           | -2.15      |
|    explained_variance     | 0.884      |
|    learning_rate          | 2.51e-05   |
|    loss                   | -0.0542    |
|    n_updates              | 1790       |
|    policy_gradient_loss   | -0.0262    |
|    std                    | 0.708      |
|    value_loss             | 0.0102     |
| validation/               |            |
|    episode_length         | 637        |
|    fraction_at_goal       | 0.319      |
|    mean_dist_to_goal      | 4.04       |
|    success_rate           | 0.2        |
------------------------------------------
-----------------------------------------
| curriculum/             |             |
|    stage                | 0.66        |
| rollout/                |             |
|    ep_len_mean          | 623         |
|    ep_rew_mean          | 849         |
| time/                   |             |
|    fps                  | 138         |
|    iterations           | 181         |
|    time_elapsed         | 4016        |
|    total_timesteps      | 556032      |
| train/                  |             |
|    approx_kl            | 0.015361574 |
|    clip_fraction        | 0.127       |
|    clip_range           | 0.2         |
|    entropy_loss         | -2.15       |
|    explained_variance   | 0.904       |
|    learning_rate        | 2.35e-05    |
|    loss                 | -0.0486     |
|    n_updates            | 1800        |
|    policy_gradient_loss | -0.0266     |
|    std                  | 0.708       |
|    value_loss           | 0.0156      |
-----------------------------------------
[Step   559104] SR=0.200 | FracGoal=0.370 | Ret=845.29 | Vis=0.70 | Prog=0.054 | CollEvt=15.77 | Stage=0.66
-------------------------------------------
| curriculum/               |             |
|    stage                  | 0.66        |
| research/                 |             |
|    collision_count        | 44.8        |
|    collision_event_count  | 15.8        |
|    curriculum_stage       | 0.66        |
|    episode_length         | 623         |
|    episode_return         | 845         |
|    fraction_at_goal       | 0.37        |
|    reward_collision       | -0.00651    |
|    reward_progress        | 0.0541      |
|    reward_zero_visibility | -0.011      |
|    stray_count            | 0.3         |
|    success_rate           | 0.2         |
|    visibility_ratio       | 0.696       |
| rollout/                  |             |
|    ep_len_mean            | 623         |
|    ep_rew_mean            | 845         |
| time/                     |             |
|    fps                    | 138         |
|    iterations             | 182         |
|    time_elapsed           | 4029        |
|    total_timesteps        | 559104      |
| train/                    |             |
|    approx_kl              | 0.015575423 |
|    clip_fraction          | 0.106       |
|    clip_range             | 0.2         |
|    entropy_loss           | -2.15       |
|    explained_variance     | 0.829       |
|    learning_rate          | 2.2e-05     |
|    loss                   | -0.046      |
|    n_updates              | 1810        |
|    policy_gradient_loss   | -0.028      |
|    std                    | 0.708       |
|    value_loss             | 0.0338      |
-------------------------------------------
-----------------------------------------
| curriculum/             |             |
|    stage                | 0.66        |
| rollout/                |             |
|    ep_len_mean          | 617         |
|    ep_rew_mean          | 831         |
| time/                   |             |
|    fps                  | 138         |
|    iterations           | 183         |
|    time_elapsed         | 4047        |
|    total_timesteps      | 562176      |
| train/                  |             |
|    approx_kl            | 0.023778077 |
|    clip_fraction        | 0.118       |
|    clip_range           | 0.2         |
|    entropy_loss         | -2.15       |
|    explained_variance   | 0.863       |
|    learning_rate        | 2.04e-05    |
|    loss                 | -0.0389     |
|    n_updates            | 1820        |
|    policy_gradient_loss | -0.0235     |
|    std                  | 0.708       |
|    value_loss           | 0.0157      |
-----------------------------------------
[Step   565248] SR=0.200 | FracGoal=0.367 | Ret=833.31 | Vis=0.69 | Prog=0.056 | CollEvt=16.60 | Stage=0.66
-------------------------------------------
| curriculum/               |             |
|    stage                  | 0.66        |
| research/                 |             |
|    collision_count        | 52.5        |
|    collision_event_count  | 16.6        |
|    curriculum_stage       | 0.66        |
|    episode_length         | 617         |
|    episode_return         | 833         |
|    fraction_at_goal       | 0.367       |
|    reward_collision       | -0.0071     |
|    reward_progress        | 0.0561      |
|    reward_zero_visibility | -0.0119     |
|    stray_count            | 0.29        |
|    success_rate           | 0.2         |
|    visibility_ratio       | 0.693       |
| rollout/                  |             |
|    ep_len_mean            | 617         |
|    ep_rew_mean            | 833         |
| time/                     |             |
|    fps                    | 138         |
|    iterations             | 184         |
|    time_elapsed           | 4067        |
|    total_timesteps        | 565248      |
| train/                    |             |
|    approx_kl              | 0.014137674 |
|    clip_fraction          | 0.114       |
|    clip_range             | 0.2         |
|    entropy_loss           | -2.15       |
|    explained_variance     | 0.875       |
|    learning_rate          | 1.89e-05    |
|    loss                   | -0.0535     |
|    n_updates              | 1830        |
|    policy_gradient_loss   | -0.0241     |
|    std                    | 0.708       |
|    value_loss             | 0.0257      |
-------------------------------------------
-----------------------------------------
| curriculum/             |             |
|    stage                | 0.66        |
| rollout/                |             |
|    ep_len_mean          | 619         |
|    ep_rew_mean          | 839         |
| time/                   |             |
|    fps                  | 139         |
|    iterations           | 185         |
|    time_elapsed         | 4077        |
|    total_timesteps      | 568320      |
| train/                  |             |
|    approx_kl            | 0.010376424 |
|    clip_fraction        | 0.0757      |
|    clip_range           | 0.2         |
|    entropy_loss         | -2.15       |
|    explained_variance   | 0.891       |
|    learning_rate        | 1.74e-05    |
|    loss                 | -0.0442     |
|    n_updates            | 1840        |
|    policy_gradient_loss | -0.0199     |
|    std                  | 0.708       |
|    value_loss           | 0.017       |
-----------------------------------------
Adaptive curriculum fell back to stage 0.33 at timestep 568,392
[Step   571392] SR=0.200 | FracGoal=0.380 | Ret=847.94 | Vis=0.70 | Prog=0.054 | CollEvt=17.06 | Stage=0.49
-------------------------------------------
| curriculum/               |             |
|    stage                  | 0.33        |
| research/                 |             |
|    collision_count        | 54.4        |
|    collision_event_count  | 17.1        |
|    curriculum_stage       | 0.495       |
|    episode_length         | 625         |
|    episode_return         | 848         |
|    fraction_at_goal       | 0.38        |
|    reward_collision       | -0.00725    |
|    reward_progress        | 0.0544      |
|    reward_zero_visibility | -0.0109     |
|    stray_count            | 0.27        |
|    success_rate           | 0.2         |
|    visibility_ratio       | 0.698       |
| rollout/                  |             |
|    ep_len_mean            | 625         |
|    ep_rew_mean            | 848         |
| time/                     |             |
|    fps                    | 139         |
|    iterations             | 186         |
|    time_elapsed           | 4096        |
|    total_timesteps        | 571392      |
| train/                    |             |
|    approx_kl              | 0.012405765 |
|    clip_fraction          | 0.0981      |
|    clip_range             | 0.2         |
|    entropy_loss           | -2.15       |
|    explained_variance     | 0.707       |
|    learning_rate          | 1.58e-05    |
|    loss                   | -0.0468     |
|    n_updates              | 1850        |
|    policy_gradient_loss   | -0.0226     |
|    std                    | 0.707       |
|    value_loss             | 0.0548      |
-------------------------------------------
-----------------------------------------
| curriculum/             |             |
|    stage                | 0.33        |
| rollout/                |             |
|    ep_len_mean          | 625         |
|    ep_rew_mean          | 848         |
| time/                   |             |
|    fps                  | 139         |
|    iterations           | 187         |
|    time_elapsed         | 4119        |
|    total_timesteps      | 574464      |
| train/                  |             |
|    approx_kl            | 0.009917436 |
|    clip_fraction        | 0.0669      |
|    clip_range           | 0.2         |
|    entropy_loss         | -2.15       |
|    explained_variance   | 0.91        |
|    learning_rate        | 1.43e-05    |
|    loss                 | -0.0433     |
|    n_updates            | 1860        |
|    policy_gradient_loss | -0.0214     |
|    std                  | 0.707       |
|    value_loss           | 0.0109      |
-----------------------------------------
[validation @ 575,184] SR=0.133 | FracGoal=0.249 | MeanDist=4.43 | best=0.434
[Step   577536] SR=0.210 | FracGoal=0.398 | Ret=854.15 | Vis=0.71 | Prog=0.055 | CollEvt=17.39 | Stage=0.33
-------------------------------------------
| curriculum/               |             |
|    stage                  | 0.33        |
| research/                 |             |
|    collision_count        | 54.1        |
|    collision_event_count  | 17.4        |
|    curriculum_stage       | 0.33        |
|    episode_length         | 624         |
|    episode_return         | 854         |
|    fraction_at_goal       | 0.398       |
|    reward_collision       | -0.00733    |
|    reward_progress        | 0.0551      |
|    reward_zero_visibility | -0.0109     |
|    stray_count            | 0.25        |
|    success_rate           | 0.21        |
|    visibility_ratio       | 0.709       |
| rollout/                  |             |
|    ep_len_mean            | 624         |
|    ep_rew_mean            | 854         |
| time/                     |             |
|    fps                    | 138         |
|    iterations             | 188         |
|    time_elapsed           | 4167        |
|    total_timesteps        | 577536      |
| train/                    |             |
|    approx_kl              | 0.011081544 |
|    clip_fraction          | 0.0863      |
|    clip_range             | 0.2         |
|    entropy_loss           | -2.14       |
|    explained_variance     | 0.872       |
|    learning_rate          | 1.28e-05    |
|    loss                   | -0.044      |
|    n_updates              | 1870        |
|    policy_gradient_loss   | -0.0212     |
|    std                    | 0.707       |
|    value_loss             | 0.0111      |
| validation/               |             |
|    episode_length         | 666         |
|    fraction_at_goal       | 0.249       |
|    mean_dist_to_goal      | 4.43        |
|    success_rate           | 0.133       |
-------------------------------------------
-----------------------------------------
| curriculum/             |             |
|    stage                | 0.33        |
| rollout/                |             |
|    ep_len_mean          | 618         |
|    ep_rew_mean          | 849         |
| time/                   |             |
|    fps                  | 138         |
|    iterations           | 189         |
|    time_elapsed         | 4189        |
|    total_timesteps      | 580608      |
| train/                  |             |
|    approx_kl            | 0.008729817 |
|    clip_fraction        | 0.0543      |
|    clip_range           | 0.2         |
|    entropy_loss         | -2.14       |
|    explained_variance   | 0.751       |
|    learning_rate        | 1.12e-05    |
|    loss                 | 0.0281      |
|    n_updates            | 1880        |
|    policy_gradient_loss | -0.0176     |
|    std                  | 0.707       |
|    value_loss           | 0.0294      |
-----------------------------------------
[Step   583680] SR=0.250 | FracGoal=0.420 | Ret=834.72 | Vis=0.74 | Prog=0.064 | CollEvt=16.50 | Stage=0.33
-------------------------------------------
| curriculum/               |             |
|    stage                  | 0.33        |
| research/                 |             |
|    collision_count        | 53.1        |
|    collision_event_count  | 16.5        |
|    curriculum_stage       | 0.33        |
|    episode_length         | 602         |
|    episode_return         | 835         |
|    fraction_at_goal       | 0.42        |
|    reward_collision       | -0.00713    |
|    reward_progress        | 0.0636      |
|    reward_zero_visibility | -0.00723    |
|    stray_count            | 0.22        |
|    success_rate           | 0.25        |
|    visibility_ratio       | 0.736       |
| rollout/                  |             |
|    ep_len_mean            | 602         |
|    ep_rew_mean            | 835         |
| time/                     |             |
|    fps                    | 138         |
|    iterations             | 190         |
|    time_elapsed           | 4206        |
|    total_timesteps        | 583680      |
| train/                    |             |
|    approx_kl              | 0.010243921 |
|    clip_fraction          | 0.0741      |
|    clip_range             | 0.2         |
|    entropy_loss           | -2.14       |
|    explained_variance     | 0.816       |
|    learning_rate          | 9.7e-06     |
|    loss                   | -0.0361     |
|    n_updates              | 1890        |
|    policy_gradient_loss   | -0.0183     |
|    std                    | 0.707       |
|    value_loss             | 0.0287      |
-------------------------------------------
------------------------------------------
| curriculum/             |              |
|    stage                | 0.33         |
| rollout/                |              |
|    ep_len_mean          | 603          |
|    ep_rew_mean          | 840          |
| time/                   |              |
|    fps                  | 138          |
|    iterations           | 191          |
|    time_elapsed         | 4225         |
|    total_timesteps      | 586752       |
| train/                  |              |
|    approx_kl            | 0.0074946703 |
|    clip_fraction        | 0.0502       |
|    clip_range           | 0.2          |
|    entropy_loss         | -2.14        |
|    explained_variance   | 0.632        |
|    learning_rate        | 8.16e-06     |
|    loss                 | -0.0422      |
|    n_updates            | 1900         |
|    policy_gradient_loss | -0.0155      |
|    std                  | 0.707        |
|    value_loss           | 0.109        |
------------------------------------------
[Step   589824] SR=0.270 | FracGoal=0.426 | Ret=834.61 | Vis=0.74 | Prog=0.066 | CollEvt=16.80 | Stage=0.33
--------------------------------------------
| curriculum/               |              |
|    stage                  | 0.33         |
| research/                 |              |
|    collision_count        | 54.8         |
|    collision_event_count  | 16.8         |
|    curriculum_stage       | 0.33         |
|    episode_length         | 600          |
|    episode_return         | 835          |
|    fraction_at_goal       | 0.426        |
|    reward_collision       | -0.00722     |
|    reward_progress        | 0.0657       |
|    reward_zero_visibility | -0.00738     |
|    stray_count            | 0.2          |
|    success_rate           | 0.27         |
|    visibility_ratio       | 0.737        |
| rollout/                  |              |
|    ep_len_mean            | 600          |
|    ep_rew_mean            | 835          |
| time/                     |              |
|    fps                    | 138          |
|    iterations             | 192          |
|    time_elapsed           | 4249         |
|    total_timesteps        | 589824       |
| train/                    |              |
|    approx_kl              | 0.0065260725 |
|    clip_fraction          | 0.0408       |
|    clip_range             | 0.2          |
|    entropy_loss           | -2.14        |
|    explained_variance     | 0.653        |
|    learning_rate          | 6.62e-06     |
|    loss                   | -0.0232      |
|    n_updates              | 1910         |
|    policy_gradient_loss   | -0.0135      |
|    std                    | 0.707        |
|    value_loss             | 0.0905       |
--------------------------------------------
------------------------------------------
| curriculum/             |              |
|    stage                | 0.33         |
| rollout/                |              |
|    ep_len_mean          | 606          |
|    ep_rew_mean          | 843          |
| time/                   |              |
|    fps                  | 139          |
|    iterations           | 193          |
|    time_elapsed         | 4263         |
|    total_timesteps      | 592896       |
| train/                  |              |
|    approx_kl            | 0.0070036016 |
|    clip_fraction        | 0.0407       |
|    clip_range           | 0.2          |
|    entropy_loss         | -2.14        |
|    explained_variance   | 0.709        |
|    learning_rate        | 5.09e-06     |
|    loss                 | -0.0253      |
|    n_updates            | 1920         |
|    policy_gradient_loss | -0.0111      |
|    std                  | 0.707        |
|    value_loss           | 0.0511       |
------------------------------------------
Adaptive curriculum advanced to stage 0.66 at timestep 593,400
[Step   595968] SR=0.220 | FracGoal=0.407 | Ret=854.44 | Vis=0.74 | Prog=0.062 | CollEvt=15.57 | Stage=0.49
-------------------------------------------
| curriculum/               |             |
|    stage                  | 0.66        |
| research/                 |             |
|    collision_count        | 51.5        |
|    collision_event_count  | 15.6        |
|    curriculum_stage       | 0.495       |
|    episode_length         | 614         |
|    episode_return         | 854         |
|    fraction_at_goal       | 0.407       |
|    reward_collision       | -0.00666    |
|    reward_progress        | 0.0616      |
|    reward_zero_visibility | -0.00739    |
|    stray_count            | 0.17        |
|    success_rate           | 0.22        |
|    visibility_ratio       | 0.741       |
| rollout/                  |             |
|    ep_len_mean            | 614         |
|    ep_rew_mean            | 854         |
| time/                     |             |
|    fps                    | 139         |
|    iterations             | 194         |
|    time_elapsed           | 4280        |
|    total_timesteps        | 595968      |
| train/                    |             |
|    approx_kl              | 0.004973279 |
|    clip_fraction          | 0.0255      |
|    clip_range             | 0.2         |
|    entropy_loss           | -2.14       |
|    explained_variance     | 0.857       |
|    learning_rate          | 3.55e-06    |
|    loss                   | -0.0292     |
|    n_updates              | 1930        |
|    policy_gradient_loss   | -0.00947    |
|    std                    | 0.707       |
|    value_loss             | 0.0254      |
-------------------------------------------
------------------------------------------
| curriculum/             |              |
|    stage                | 0.66         |
| rollout/                |              |
|    ep_len_mean          | 616          |
|    ep_rew_mean          | 858          |
| time/                   |              |
|    fps                  | 139          |
|    iterations           | 195          |
|    time_elapsed         | 4302         |
|    total_timesteps      | 599040       |
| train/                  |              |
|    approx_kl            | 0.0022665183 |
|    clip_fraction        | 0.00498      |
|    clip_range           | 0.2          |
|    entropy_loss         | -2.14        |
|    explained_variance   | 0.916        |
|    learning_rate        | 2.02e-06     |
|    loss                 | -0.0172      |
|    n_updates            | 1940         |
|    policy_gradient_loss | -0.00624     |
|    std                  | 0.707        |
|    value_loss           | 0.0104       |
------------------------------------------
[validation @ 600,192] SR=0.267 | FracGoal=0.333 | MeanDist=3.97 | best=0.434
[Step   602112] SR=0.230 | FracGoal=0.421 | Ret=856.35 | Vis=0.75 | Prog=0.062 | CollEvt=15.34 | Stage=0.66
--------------------------------------------
| curriculum/               |              |
|    stage                  | 0.66         |
| research/                 |              |
|    collision_count        | 47.3         |
|    collision_event_count  | 15.3         |
|    curriculum_stage       | 0.66         |
|    episode_length         | 613          |
|    episode_return         | 856          |
|    fraction_at_goal       | 0.421        |
|    reward_collision       | -0.00649     |
|    reward_progress        | 0.0616       |
|    reward_zero_visibility | -0.00635     |
|    stray_count            | 0.24         |
|    success_rate           | 0.23         |
|    visibility_ratio       | 0.749        |
| rollout/                  |              |
|    ep_len_mean            | 613          |
|    ep_rew_mean            | 856          |
| time/                     |              |
|    fps                    | 138          |
|    iterations             | 196          |
|    time_elapsed           | 4350         |
|    total_timesteps        | 602112       |
| train/                    |              |
|    approx_kl              | 0.0002577937 |
|    clip_fraction          | 0            |
|    clip_range             | 0.2          |
|    entropy_loss           | -2.14        |
|    explained_variance     | 0.826        |
|    learning_rate          | 4.8e-07      |
|    loss                   | -0.0126      |
|    n_updates              | 1950         |
|    policy_gradient_loss   | -0.00145     |
|    std                    | 0.707        |
|    value_loss             | 0.0293       |
| validation/               |              |
|    episode_length         | 584          |
|    fraction_at_goal       | 0.333        |
|    mean_dist_to_goal      | 3.97         |
|    success_rate           | 0.267        |
--------------------------------------------

[warning] The curriculum finished at stage 0.66 (< 1.0). Earlier stages narrow the obstacle topologies and shrink the dynamics ranges, so this run trained on less randomization than the config asks for. Check curriculum.fraction_per_stage in this metadata file, then loosen training.curriculum.stages or train for longer.

Saved model to models/research_v3_gate045/recurrent/recurrent_seed0.zip
