
libgomp: Invalid value for environment variable OMP_NUM_THREADS

libgomp: Invalid value for environment variable OMP_NUM_THREADS

libgomp: Invalid value for environment variable OMP_NUM_THREADS

libgomp: Invalid value for environment variable OMP_NUM_THREADS

libgomp: Invalid value for environment variable OMP_NUM_THREADS

libgomp: Invalid value for environment variable OMP_NUM_THREADS

libgomp: Invalid value for environment variable OMP_NUM_THREADS

libgomp: Invalid value for environment variable OMP_NUM_THREADS

libgomp: Invalid value for environment variable OMP_NUM_THREADS

libgomp: Invalid value for environment variable OMP_NUM_THREADS

libgomp: Invalid value for environment variable OMP_NUM_THREADS

libgomp: Invalid value for environment variable OMP_NUM_THREADS

libgomp: Invalid value for environment variable OMP_NUM_THREADS
TensorBoard is not installed; continuing without tensorboard logging.
Using cpu device
========================================================================
  Shepherding RL v3 – Recurrent PPO
  Run name         : recurrent_seed1
  Seed             : 1
  Scenario         : train
  Parallel envs    : 12
  Total timesteps  : 600,000
========================================================================
---------------------------------
| curriculum/        |          |
|    stage           | 0        |
| time/              |          |
|    fps             | 2297     |
|    iterations      | 1        |
|    time_elapsed    | 1        |
|    total_timesteps | 3072     |
---------------------------------
-----------------------------------------
| curriculum/             |             |
|    stage                | 0           |
| time/                   |             |
|    fps                  | 142         |
|    iterations           | 2           |
|    time_elapsed         | 42          |
|    total_timesteps      | 6144        |
| train/                  |             |
|    approx_kl            | 0.006205596 |
|    clip_fraction        | 0.0376      |
|    clip_range           | 0.2         |
|    entropy_loss         | -2.83       |
|    explained_variance   | 0.0158      |
|    learning_rate        | 0.000298    |
|    loss                 | 0.118       |
|    n_updates            | 10          |
|    policy_gradient_loss | -0.00397    |
|    std                  | 0.994       |
|    value_loss           | 1.09        |
-----------------------------------------
----------------------------------------
| curriculum/             |            |
|    stage                | 0          |
| rollout/                |            |
|    ep_len_mean          | 700        |
|    ep_rew_mean          | 602        |
| time/                   |            |
|    fps                  | 193        |
|    iterations           | 3          |
|    time_elapsed         | 47         |
|    total_timesteps      | 9216       |
| train/                  |            |
|    approx_kl            | 0.01040205 |
|    clip_fraction        | 0.0973     |
|    clip_range           | 0.2        |
|    entropy_loss         | -2.82      |
|    explained_variance   | 0.552      |
|    learning_rate        | 0.000297   |
|    loss                 | 0.00136    |
|    n_updates            | 20         |
|    policy_gradient_loss | -0.0142    |
|    std                  | 0.985      |
|    value_loss           | 0.0771     |
----------------------------------------
[Step    12288] SR=0.000 | FracGoal=0.108 | Ret=601.77 | Vis=0.26 | Prog=0.017 | CollEvt=44.92 | Stage=0.00
-------------------------------------------
| curriculum/               |             |
|    stage                  | 0           |
| research/                 |             |
|    collision_count        | 89.1        |
|    collision_event_count  | 44.9        |
|    curriculum_stage       | 0           |
|    episode_length         | 700         |
|    episode_return         | 602         |
|    fraction_at_goal       | 0.108       |
|    reward_collision       | -0.0147     |
|    reward_progress        | 0.0175      |
|    reward_zero_visibility | -0.15       |
|    stray_count            | 0           |
|    success_rate           | 0           |
|    visibility_ratio       | 0.256       |
| rollout/                  |             |
|    ep_len_mean            | 700         |
|    ep_rew_mean            | 602         |
| time/                     |             |
|    fps                    | 151         |
|    iterations             | 4           |
|    time_elapsed           | 81          |
|    total_timesteps        | 12288       |
| train/                    |             |
|    approx_kl              | 0.017136306 |
|    clip_fraction          | 0.138       |
|    clip_range             | 0.2         |
|    entropy_loss           | -2.8        |
|    explained_variance     | 0.719       |
|    learning_rate          | 0.000295    |
|    loss                   | -0.0167     |
|    n_updates              | 30          |
|    policy_gradient_loss   | -0.0177     |
|    std                    | 0.974       |
|    value_loss             | 0.0522      |
-------------------------------------------
-----------------------------------------
| curriculum/             |             |
|    stage                | 0           |
| rollout/                |             |
|    ep_len_mean          | 700         |
|    ep_rew_mean          | 602         |
| time/                   |             |
|    fps                  | 177         |
|    iterations           | 5           |
|    time_elapsed         | 86          |
|    total_timesteps      | 15360       |
| train/                  |             |
|    approx_kl            | 0.012750411 |
|    clip_fraction        | 0.184       |
|    clip_range           | 0.2         |
|    entropy_loss         | -2.78       |
|    explained_variance   | 0.818       |
|    learning_rate        | 0.000294    |
|    loss                 | -0.0228     |
|    n_updates            | 40          |
|    policy_gradient_loss | -0.0183     |
|    std                  | 0.968       |
|    value_loss           | 0.0583      |
-----------------------------------------
[Step    18432] SR=0.000 | FracGoal=0.104 | Ret=630.17 | Vis=0.29 | Prog=0.018 | CollEvt=56.17 | Stage=0.00
-------------------------------------------
| curriculum/               |             |
|    stage                  | 0           |
| research/                 |             |
|    collision_count        | 127         |
|    collision_event_count  | 56.2        |
|    curriculum_stage       | 0           |
|    episode_length         | 700         |
|    episode_return         | 630         |
|    fraction_at_goal       | 0.104       |
|    reward_collision       | -0.0191     |
|    reward_progress        | 0.0177      |
|    reward_zero_visibility | -0.136      |
|    stray_count            | 0.0833      |
|    success_rate           | 0           |
|    visibility_ratio       | 0.285       |
| rollout/                  |             |
|    ep_len_mean            | 700         |
|    ep_rew_mean            | 630         |
| time/                     |             |
|    fps                    | 201         |
|    iterations             | 6           |
|    time_elapsed           | 91          |
|    total_timesteps        | 18432       |
| train/                    |             |
|    approx_kl              | 0.013588291 |
|    clip_fraction          | 0.142       |
|    clip_range             | 0.2         |
|    entropy_loss           | -2.77       |
|    explained_variance     | 0.834       |
|    learning_rate          | 0.000292    |
|    loss                   | -0.0294     |
|    n_updates              | 50          |
|    policy_gradient_loss   | -0.0175     |
|    std                    | 0.962       |
|    value_loss             | 0.0332      |
-------------------------------------------
-----------------------------------------
| curriculum/             |             |
|    stage                | 0           |
| rollout/                |             |
|    ep_len_mean          | 700         |
|    ep_rew_mean          | 630         |
| time/                   |             |
|    fps                  | 187         |
|    iterations           | 7           |
|    time_elapsed         | 114         |
|    total_timesteps      | 21504       |
| train/                  |             |
|    approx_kl            | 0.018828599 |
|    clip_fraction        | 0.182       |
|    clip_range           | 0.2         |
|    entropy_loss         | -2.76       |
|    explained_variance   | 0.86        |
|    learning_rate        | 0.000291    |
|    loss                 | -0.0384     |
|    n_updates            | 60          |
|    policy_gradient_loss | -0.023      |
|    std                  | 0.961       |
|    value_loss           | 0.0298      |
-----------------------------------------
[Step    24576] SR=0.000 | FracGoal=0.104 | Ret=630.17 | Vis=0.29 | Prog=0.018 | CollEvt=56.17 | Stage=0.00
-------------------------------------------
| curriculum/               |             |
|    stage                  | 0           |
| research/                 |             |
|    collision_count        | 127         |
|    collision_event_count  | 56.2        |
|    curriculum_stage       | 0           |
|    episode_length         | 700         |
|    episode_return         | 630         |
|    fraction_at_goal       | 0.104       |
|    reward_collision       | -0.0191     |
|    reward_progress        | 0.0177      |
|    reward_zero_visibility | -0.136      |
|    stray_count            | 0.0833      |
|    success_rate           | 0           |
|    visibility_ratio       | 0.285       |
| rollout/                  |             |
|    ep_len_mean            | 700         |
|    ep_rew_mean            | 630         |
| time/                     |             |
|    fps                    | 205         |
|    iterations             | 8           |
|    time_elapsed           | 119         |
|    total_timesteps        | 24576       |
| train/                    |             |
|    approx_kl              | 0.012969493 |
|    clip_fraction          | 0.203       |
|    clip_range             | 0.2         |
|    entropy_loss           | -2.76       |
|    explained_variance     | 0.708       |
|    learning_rate          | 0.000289    |
|    loss                   | -0.0371     |
|    n_updates              | 70          |
|    policy_gradient_loss   | -0.021      |
|    std                    | 0.96        |
|    value_loss             | 0.034       |
-------------------------------------------
[validation @ 25,008] SR=0.100 | FracGoal=0.100 | MeanDist=7.67 | best=0.100
-----------------------------------------
| curriculum/             |             |
|    stage                | 0           |
| rollout/                |             |
|    ep_len_mean          | 700         |
|    ep_rew_mean          | 642         |
| time/                   |             |
|    fps                  | 173         |
|    iterations           | 9           |
|    time_elapsed         | 159         |
|    total_timesteps      | 27648       |
| train/                  |             |
|    approx_kl            | 0.019714884 |
|    clip_fraction        | 0.194       |
|    clip_range           | 0.2         |
|    entropy_loss         | -2.76       |
|    explained_variance   | 0.854       |
|    learning_rate        | 0.000288    |
|    loss                 | -0.0295     |
|    n_updates            | 80          |
|    policy_gradient_loss | -0.0191     |
|    std                  | 0.959       |
|    value_loss           | 0.0272      |
| validation/             |             |
|    episode_length       | 660         |
|    fraction_at_goal     | 0.1         |
|    mean_dist_to_goal    | 7.67        |
|    success_rate         | 0.1         |
-----------------------------------------
[Step    30720] SR=0.027 | FracGoal=0.100 | Ret=638.53 | Vis=0.30 | Prog=0.019 | CollEvt=57.62 | Stage=0.00
-------------------------------------------
| curriculum/               |             |
|    stage                  | 0           |
| research/                 |             |
|    collision_count        | 138         |
|    collision_event_count  | 57.6        |
|    curriculum_stage       | 0           |
|    episode_length         | 691         |
|    episode_return         | 639         |
|    fraction_at_goal       | 0.1         |
|    reward_collision       | -0.0202     |
|    reward_progress        | 0.0192      |
|    reward_zero_visibility | -0.125      |
|    stray_count            | 0.189       |
|    success_rate           | 0.027       |
|    visibility_ratio       | 0.303       |
| rollout/                  |             |
|    ep_len_mean            | 691         |
|    ep_rew_mean            | 639         |
| time/                     |             |
|    fps                    | 160         |
|    iterations             | 10          |
|    time_elapsed           | 191         |
|    total_timesteps        | 30720       |
| train/                    |             |
|    approx_kl              | 0.021737497 |
|    clip_fraction          | 0.227       |
|    clip_range             | 0.2         |
|    entropy_loss           | -2.75       |
|    explained_variance     | 0.721       |
|    learning_rate          | 0.000286    |
|    loss                   | -0.0334     |
|    n_updates              | 90          |
|    policy_gradient_loss   | -0.0223     |
|    std                    | 0.954       |
|    value_loss             | 0.0405      |
-------------------------------------------
-----------------------------------------
| curriculum/             |             |
|    stage                | 0           |
| rollout/                |             |
|    ep_len_mean          | 683         |
|    ep_rew_mean          | 667         |
| time/                   |             |
|    fps                  | 170         |
|    iterations           | 11          |
|    time_elapsed         | 198         |
|    total_timesteps      | 33792       |
| train/                  |             |
|    approx_kl            | 0.020054907 |
|    clip_fraction        | 0.217       |
|    clip_range           | 0.2         |
|    entropy_loss         | -2.74       |
|    explained_variance   | 0.637       |
|    learning_rate        | 0.000285    |
|    loss                 | -0.0375     |
|    n_updates            | 100         |
|    policy_gradient_loss | -0.0212     |
|    std                  | 0.952       |
|    value_loss           | 0.0459      |
-----------------------------------------
[Step    36864] SR=0.061 | FracGoal=0.133 | Ret=667.17 | Vis=0.36 | Prog=0.027 | CollEvt=55.96 | Stage=0.00
-------------------------------------------
| curriculum/               |             |
|    stage                  | 0           |
| research/                 |             |
|    collision_count        | 139         |
|    collision_event_count  | 56          |
|    curriculum_stage       | 0           |
|    episode_length         | 683         |
|    episode_return         | 667         |
|    fraction_at_goal       | 0.133       |
|    reward_collision       | -0.02       |
|    reward_progress        | 0.0268      |
|    reward_zero_visibility | -0.111      |
|    stray_count            | 0.204       |
|    success_rate           | 0.0612      |
|    visibility_ratio       | 0.36        |
| rollout/                  |             |
|    ep_len_mean            | 683         |
|    ep_rew_mean            | 667         |
| time/                     |             |
|    fps                    | 158         |
|    iterations             | 12          |
|    time_elapsed           | 232         |
|    total_timesteps        | 36864       |
| train/                    |             |
|    approx_kl              | 0.018946093 |
|    clip_fraction          | 0.203       |
|    clip_range             | 0.2         |
|    entropy_loss           | -2.74       |
|    explained_variance     | 0.675       |
|    learning_rate          | 0.000283    |
|    loss                   | -0.0294     |
|    n_updates              | 110         |
|    policy_gradient_loss   | -0.0231     |
|    std                    | 0.948       |
|    value_loss             | 0.0509      |
-------------------------------------------
----------------------------------------
| curriculum/             |            |
|    stage                | 0          |
| rollout/                |            |
|    ep_len_mean          | 659        |
|    ep_rew_mean          | 659        |
| time/                   |            |
|    fps                  | 168        |
|    iterations           | 13         |
|    time_elapsed         | 236        |
|    total_timesteps      | 39936      |
| train/                  |            |
|    approx_kl            | 0.02252704 |
|    clip_fraction        | 0.206      |
|    clip_range           | 0.2        |
|    entropy_loss         | -2.73      |
|    explained_variance   | 0.8        |
|    learning_rate        | 0.000282   |
|    loss                 | -0.0395    |
|    n_updates            | 120        |
|    policy_gradient_loss | -0.0229    |
|    std                  | 0.943      |
|    value_loss           | 0.0364     |
----------------------------------------
[Step    43008] SR=0.161 | FracGoal=0.234 | Ret=669.06 | Vis=0.43 | Prog=0.035 | CollEvt=52.45 | Stage=0.00
-------------------------------------------
| curriculum/               |             |
|    stage                  | 0           |
| research/                 |             |
|    collision_count        | 142         |
|    collision_event_count  | 52.5        |
|    curriculum_stage       | 0           |
|    episode_length         | 652         |
|    episode_return         | 669         |
|    fraction_at_goal       | 0.234       |
|    reward_collision       | -0.0198     |
|    reward_progress        | 0.0347      |
|    reward_zero_visibility | -0.0921     |
|    stray_count            | 0.161       |
|    success_rate           | 0.161       |
|    visibility_ratio       | 0.428       |
| rollout/                  |             |
|    ep_len_mean            | 652         |
|    ep_rew_mean            | 669         |
| time/                     |             |
|    fps                    | 169         |
|    iterations             | 14          |
|    time_elapsed           | 253         |
|    total_timesteps        | 43008       |
| train/                    |             |
|    approx_kl              | 0.015763592 |
|    clip_fraction          | 0.16        |
|    clip_range             | 0.2         |
|    entropy_loss           | -2.72       |
|    explained_variance     | 0.627       |
|    learning_rate          | 0.00028     |
|    loss                   | -0.0314     |
|    n_updates              | 130         |
|    policy_gradient_loss   | -0.0196     |
|    std                    | 0.94        |
|    value_loss             | 0.0723      |
-------------------------------------------
-----------------------------------------
| curriculum/             |             |
|    stage                | 0           |
| rollout/                |             |
|    ep_len_mean          | 631         |
|    ep_rew_mean          | 657         |
| time/                   |             |
|    fps                  | 167         |
|    iterations           | 15          |
|    time_elapsed         | 275         |
|    total_timesteps      | 46080       |
| train/                  |             |
|    approx_kl            | 0.022744857 |
|    clip_fraction        | 0.229       |
|    clip_range           | 0.2         |
|    entropy_loss         | -2.71       |
|    explained_variance   | 0.755       |
|    learning_rate        | 0.000278    |
|    loss                 | -0.0481     |
|    n_updates            | 140         |
|    policy_gradient_loss | -0.0253     |
|    std                  | 0.937       |
|    value_loss           | 0.0485      |
-----------------------------------------
[Step    49152] SR=0.194 | FracGoal=0.269 | Ret=672.19 | Vis=0.45 | Prog=0.038 | CollEvt=49.35 | Stage=0.00
-------------------------------------------
| curriculum/               |             |
|    stage                  | 0           |
| research/                 |             |
|    collision_count        | 134         |
|    collision_event_count  | 49.3        |
|    curriculum_stage       | 0           |
|    episode_length         | 636         |
|    episode_return         | 672         |
|    fraction_at_goal       | 0.269       |
|    reward_collision       | -0.019      |
|    reward_progress        | 0.0384      |
|    reward_zero_visibility | -0.086      |
|    stray_count            | 0.139       |
|    success_rate           | 0.194       |
|    visibility_ratio       | 0.454       |
| rollout/                  |             |
|    ep_len_mean            | 636         |
|    ep_rew_mean            | 672         |
| time/                     |             |
|    fps                    | 166         |
|    iterations             | 16          |
|    time_elapsed           | 294         |
|    total_timesteps        | 49152       |
| train/                    |             |
|    approx_kl              | 0.032148868 |
|    clip_fraction          | 0.22        |
|    clip_range             | 0.2         |
|    entropy_loss           | -2.7        |
|    explained_variance     | 0.689       |
|    learning_rate          | 0.000277    |
|    loss                   | -0.00141    |
|    n_updates              | 150         |
|    policy_gradient_loss   | -0.0192     |
|    std                    | 0.929       |
|    value_loss             | 0.0571      |
-------------------------------------------
[validation @ 50,016] SR=0.133 | FracGoal=0.211 | MeanDist=6.32 | best=0.211
----------------------------------------
| curriculum/             |            |
|    stage                | 0          |
| rollout/                |            |
|    ep_len_mean          | 638        |
|    ep_rew_mean          | 678        |
| time/                   |            |
|    fps                  | 149        |
|    iterations           | 17         |
|    time_elapsed         | 349        |
|    total_timesteps      | 52224      |
| train/                  |            |
|    approx_kl            | 0.02929917 |
|    clip_fraction        | 0.24       |
|    clip_range           | 0.2        |
|    entropy_loss         | -2.69      |
|    explained_variance   | 0.748      |
|    learning_rate        | 0.000275   |
|    loss                 | -0.0458    |
|    n_updates            | 160        |
|    policy_gradient_loss | -0.0264    |
|    std                  | 0.923      |
|    value_loss           | 0.0261     |
| validation/             |            |
|    episode_length       | 632        |
|    fraction_at_goal     | 0.211      |
|    mean_dist_to_goal    | 6.32       |
|    success_rate         | 0.133      |
----------------------------------------
[Step    55296] SR=0.217 | FracGoal=0.295 | Ret=671.38 | Vis=0.48 | Prog=0.044 | CollEvt=47.58 | Stage=0.00
-------------------------------------------
| curriculum/               |             |
|    stage                  | 0           |
| research/                 |             |
|    collision_count        | 132         |
|    collision_event_count  | 47.6        |
|    curriculum_stage       | 0           |
|    episode_length         | 623         |
|    episode_return         | 671         |
|    fraction_at_goal       | 0.295       |
|    reward_collision       | -0.0187     |
|    reward_progress        | 0.0441      |
|    reward_zero_visibility | -0.0792     |
|    stray_count            | 0.169       |
|    success_rate           | 0.217       |
|    visibility_ratio       | 0.483       |
| rollout/                  |             |
|    ep_len_mean            | 623         |
|    ep_rew_mean            | 671         |
| time/                     |             |
|    fps                    | 153         |
|    iterations             | 18          |
|    time_elapsed           | 360         |
|    total_timesteps        | 55296       |
| train/                    |             |
|    approx_kl              | 0.029115401 |
|    clip_fraction          | 0.255       |
|    clip_range             | 0.2         |
|    entropy_loss           | -2.67       |
|    explained_variance     | 0.48        |
|    learning_rate          | 0.000274    |
|    loss                   | -0.05       |
|    n_updates              | 170         |
|    policy_gradient_loss   | -0.0223     |
|    std                    | 0.92        |
|    value_loss             | 0.0289      |
-------------------------------------------
-----------------------------------------
| curriculum/             |             |
|    stage                | 0           |
| rollout/                |             |
|    ep_len_mean          | 618         |
|    ep_rew_mean          | 676         |
| time/                   |             |
|    fps                  | 151         |
|    iterations           | 19          |
|    time_elapsed         | 384         |
|    total_timesteps      | 58368       |
| train/                  |             |
|    approx_kl            | 0.029862491 |
|    clip_fraction        | 0.218       |
|    clip_range           | 0.2         |
|    entropy_loss         | -2.67       |
|    explained_variance   | 0.523       |
|    learning_rate        | 0.000272    |
|    loss                 | 0.00775     |
|    n_updates            | 180         |
|    policy_gradient_loss | -0.0181     |
|    std                  | 0.917       |
|    value_loss           | 0.0796      |
-----------------------------------------
[Step    61440] SR=0.277 | FracGoal=0.350 | Ret=665.17 | Vis=0.51 | Prog=0.051 | CollEvt=45.88 | Stage=0.00
-------------------------------------------
| curriculum/               |             |
|    stage                  | 0           |
| research/                 |             |
|    collision_count        | 132         |
|    collision_event_count  | 45.9        |
|    curriculum_stage       | 0           |
|    episode_length         | 602         |
|    episode_return         | 665         |
|    fraction_at_goal       | 0.35        |
|    reward_collision       | -0.0186     |
|    reward_progress        | 0.0515      |
|    reward_zero_visibility | -0.0726     |
|    stray_count            | 0.149       |
|    success_rate           | 0.277       |
|    visibility_ratio       | 0.513       |
| rollout/                  |             |
|    ep_len_mean            | 602         |
|    ep_rew_mean            | 665         |
| time/                     |             |
|    fps                    | 150         |
|    iterations             | 20          |
|    time_elapsed           | 408         |
|    total_timesteps        | 61440       |
| train/                    |             |
|    approx_kl              | 0.037321106 |
|    clip_fraction          | 0.237       |
|    clip_range             | 0.2         |
|    entropy_loss           | -2.66       |
|    explained_variance     | 0.673       |
|    learning_rate          | 0.000271    |
|    loss                   | -0.0489     |
|    n_updates              | 190         |
|    policy_gradient_loss   | -0.0268     |
|    std                    | 0.913       |
|    value_loss             | 0.0575      |
-------------------------------------------
-----------------------------------------
| curriculum/             |             |
|    stage                | 0           |
| rollout/                |             |
|    ep_len_mean          | 583         |
|    ep_rew_mean          | 670         |
| time/                   |             |
|    fps                  | 150         |
|    iterations           | 21          |
|    time_elapsed         | 428         |
|    total_timesteps      | 64512       |
| train/                  |             |
|    approx_kl            | 0.032369267 |
|    clip_fraction        | 0.237       |
|    clip_range           | 0.2         |
|    entropy_loss         | -2.66       |
|    explained_variance   | 0.708       |
|    learning_rate        | 0.000269    |
|    loss                 | -0.0362     |
|    n_updates            | 200         |
|    policy_gradient_loss | -0.0181     |
|    std                  | 0.912       |
|    value_loss           | 0.0516      |
-----------------------------------------
[Step    67584] SR=0.390 | FracGoal=0.440 | Ret=650.63 | Vis=0.60 | Prog=0.072 | CollEvt=43.06 | Stage=0.00
-------------------------------------------
| curriculum/               |             |
|    stage                  | 0           |
| research/                 |             |
|    collision_count        | 133         |
|    collision_event_count  | 43.1        |
|    curriculum_stage       | 0           |
|    episode_length         | 548         |
|    episode_return         | 651         |
|    fraction_at_goal       | 0.44        |
|    reward_collision       | -0.0187     |
|    reward_progress        | 0.0721      |
|    reward_zero_visibility | -0.0502     |
|    stray_count            | 0.12        |
|    success_rate           | 0.39        |
|    visibility_ratio       | 0.597       |
| rollout/                  |             |
|    ep_len_mean            | 548         |
|    ep_rew_mean            | 651         |
| time/                     |             |
|    fps                    | 147         |
|    iterations             | 22          |
|    time_elapsed           | 458         |
|    total_timesteps        | 67584       |
| train/                    |             |
|    approx_kl              | 0.029345255 |
|    clip_fraction          | 0.22        |
|    clip_range             | 0.2         |
|    entropy_loss           | -2.65       |
|    explained_variance     | 0.7         |
|    learning_rate          | 0.000268    |
|    loss                   | -0.0457     |
|    n_updates              | 210         |
|    policy_gradient_loss   | -0.0249     |
|    std                    | 0.908       |
|    value_loss             | 0.0731      |
-------------------------------------------
----------------------------------------
| curriculum/             |            |
|    stage                | 0          |
| rollout/                |            |
|    ep_len_mean          | 537        |
|    ep_rew_mean          | 643        |
| time/                   |            |
|    fps                  | 145        |
|    iterations           | 23         |
|    time_elapsed         | 484        |
|    total_timesteps      | 70656      |
| train/                  |            |
|    approx_kl            | 0.02936137 |
|    clip_fraction        | 0.202      |
|    clip_range           | 0.2        |
|    entropy_loss         | -2.64      |
|    explained_variance   | 0.637      |
|    learning_rate        | 0.000266   |
|    loss                 | -0.0139    |
|    n_updates            | 220        |
|    policy_gradient_loss | -0.0216    |
|    std                  | 0.908      |
|    value_loss           | 0.0755     |
----------------------------------------
[Step    73728] SR=0.460 | FracGoal=0.518 | Ret=644.60 | Vis=0.65 | Prog=0.083 | CollEvt=37.35 | Stage=0.00
-------------------------------------------
| curriculum/               |             |
|    stage                  | 0           |
| research/                 |             |
|    collision_count        | 120         |
|    collision_event_count  | 37.3        |
|    curriculum_stage       | 0           |
|    episode_length         | 518         |
|    episode_return         | 645         |
|    fraction_at_goal       | 0.518       |
|    reward_collision       | -0.0171     |
|    reward_progress        | 0.0834      |
|    reward_zero_visibility | -0.037      |
|    stray_count            | 0.13        |
|    success_rate           | 0.46        |
|    visibility_ratio       | 0.648       |
| rollout/                  |             |
|    ep_len_mean            | 518         |
|    ep_rew_mean            | 645         |
| time/                     |             |
|    fps                    | 146         |
|    iterations             | 24          |
|    time_elapsed           | 503         |
|    total_timesteps        | 73728       |
| train/                    |             |
|    approx_kl              | 0.040496152 |
|    clip_fraction          | 0.289       |
|    clip_range             | 0.2         |
|    entropy_loss           | -2.64       |
|    explained_variance     | 0.889       |
|    learning_rate          | 0.000265    |
|    loss                   | -0.0393     |
|    n_updates              | 230         |
|    policy_gradient_loss   | -0.0136     |
|    std                    | 0.905       |
|    value_loss             | 0.0516      |
-------------------------------------------
[validation @ 75,024] SR=0.233 | FracGoal=0.327 | MeanDist=5.37 | best=0.327
-----------------------------------------
| curriculum/             |             |
|    stage                | 0           |
| rollout/                |             |
|    ep_len_mean          | 499         |
|    ep_rew_mean          | 644         |
| time/                   |             |
|    fps                  | 136         |
|    iterations           | 25          |
|    time_elapsed         | 562         |
|    total_timesteps      | 76800       |
| train/                  |             |
|    approx_kl            | 0.029748619 |
|    clip_fraction        | 0.209       |
|    clip_range           | 0.2         |
|    entropy_loss         | -2.63       |
|    explained_variance   | 0.848       |
|    learning_rate        | 0.000263    |
|    loss                 | -0.0435     |
|    n_updates            | 240         |
|    policy_gradient_loss | -0.0263     |
|    std                  | 0.9         |
|    value_loss           | 0.0432      |
| validation/             |             |
|    episode_length       | 593         |
|    fraction_at_goal     | 0.327       |
|    mean_dist_to_goal    | 5.37        |
|    success_rate         | 0.233       |
-----------------------------------------
[Step    79872] SR=0.540 | FracGoal=0.606 | Ret=635.88 | Vis=0.70 | Prog=0.095 | CollEvt=33.37 | Stage=0.00
-------------------------------------------
| curriculum/               |             |
|    stage                  | 0           |
| research/                 |             |
|    collision_count        | 112         |
|    collision_event_count  | 33.4        |
|    curriculum_stage       | 0           |
|    episode_length         | 487         |
|    episode_return         | 636         |
|    fraction_at_goal       | 0.606       |
|    reward_collision       | -0.0161     |
|    reward_progress        | 0.0948      |
|    reward_zero_visibility | -0.0253     |
|    stray_count            | 0.08        |
|    success_rate           | 0.54        |
|    visibility_ratio       | 0.698       |
| rollout/                  |             |
|    ep_len_mean            | 487         |
|    ep_rew_mean            | 636         |
| time/                     |             |
|    fps                    | 135         |
|    iterations             | 26          |
|    time_elapsed           | 590         |
|    total_timesteps        | 79872       |
| train/                    |             |
|    approx_kl              | 0.023790311 |
|    clip_fraction          | 0.219       |
|    clip_range             | 0.2         |
|    entropy_loss           | -2.63       |
|    explained_variance     | 0.725       |
|    learning_rate          | 0.000262    |
|    loss                   | -0.057      |
|    n_updates              | 250         |
|    policy_gradient_loss   | -0.0236     |
|    std                    | 0.9         |
|    value_loss             | 0.063       |
-------------------------------------------
Adaptive curriculum advanced to stage 0.33 at timestep 80,004
-----------------------------------------
| curriculum/             |             |
|    stage                | 0.33        |
| rollout/                |             |
|    ep_len_mean          | 457         |
|    ep_rew_mean          | 617         |
| time/                   |             |
|    fps                  | 136         |
|    iterations           | 27          |
|    time_elapsed         | 609         |
|    total_timesteps      | 82944       |
| train/                  |             |
|    approx_kl            | 0.040029578 |
|    clip_fraction        | 0.223       |
|    clip_range           | 0.2         |
|    entropy_loss         | -2.62       |
|    explained_variance   | 0.77        |
|    learning_rate        | 0.00026     |
|    loss                 | -0.02       |
|    n_updates            | 260         |
|    policy_gradient_loss | -0.0253     |
|    std                  | 0.896       |
|    value_loss           | 0.0484      |
-----------------------------------------
[Step    86016] SR=0.570 | FracGoal=0.639 | Ret=618.96 | Vis=0.72 | Prog=0.103 | CollEvt=30.44 | Stage=0.33
-------------------------------------------
| curriculum/               |             |
|    stage                  | 0.33        |
| research/                 |             |
|    collision_count        | 107         |
|    collision_event_count  | 30.4        |
|    curriculum_stage       | 0.33        |
|    episode_length         | 459         |
|    episode_return         | 619         |
|    fraction_at_goal       | 0.639       |
|    reward_collision       | -0.0155     |
|    reward_progress        | 0.103       |
|    reward_zero_visibility | -0.0207     |
|    stray_count            | 0.05        |
|    success_rate           | 0.57        |
|    visibility_ratio       | 0.716       |
| rollout/                  |             |
|    ep_len_mean            | 459         |
|    ep_rew_mean            | 619         |
| time/                     |             |
|    fps                    | 134         |
|    iterations             | 28          |
|    time_elapsed           | 637         |
|    total_timesteps        | 86016       |
| train/                    |             |
|    approx_kl              | 0.039824456 |
|    clip_fraction          | 0.239       |
|    clip_range             | 0.2         |
|    entropy_loss           | -2.61       |
|    explained_variance     | 0.803       |
|    learning_rate          | 0.000259    |
|    loss                   | -0.0281     |
|    n_updates              | 270         |
|    policy_gradient_loss   | -0.0221     |
|    std                    | 0.892       |
|    value_loss             | 0.0519      |
-------------------------------------------
----------------------------------------
| curriculum/             |            |
|    stage                | 0.33       |
| rollout/                |            |
|    ep_len_mean          | 462        |
|    ep_rew_mean          | 625        |
| time/                   |            |
|    fps                  | 135        |
|    iterations           | 29         |
|    time_elapsed         | 659        |
|    total_timesteps      | 89088      |
| train/                  |            |
|    approx_kl            | 0.03808882 |
|    clip_fraction        | 0.262      |
|    clip_range           | 0.2        |
|    entropy_loss         | -2.61      |
|    explained_variance   | 0.867      |
|    learning_rate        | 0.000257   |
|    loss                 | -0.0262    |
|    n_updates            | 280        |
|    policy_gradient_loss | -0.0301    |
|    std                  | 0.889      |
|    value_loss           | 0.0278     |
----------------------------------------
[Step    92160] SR=0.550 | FracGoal=0.632 | Ret=639.27 | Vis=0.71 | Prog=0.102 | CollEvt=29.89 | Stage=0.33
-------------------------------------------
| curriculum/               |             |
|    stage                  | 0.33        |
| research/                 |             |
|    collision_count        | 106         |
|    collision_event_count  | 29.9        |
|    curriculum_stage       | 0.33        |
|    episode_length         | 471         |
|    episode_return         | 639         |
|    fraction_at_goal       | 0.632       |
|    reward_collision       | -0.0153     |
|    reward_progress        | 0.102       |
|    reward_zero_visibility | -0.0225     |
|    stray_count            | 0.07        |
|    success_rate           | 0.55        |
|    visibility_ratio       | 0.714       |
| rollout/                  |             |
|    ep_len_mean            | 471         |
|    ep_rew_mean            | 639         |
| time/                     |             |
|    fps                    | 135         |
|    iterations             | 30          |
|    time_elapsed           | 677         |
|    total_timesteps        | 92160       |
| train/                    |             |
|    approx_kl              | 0.027153667 |
|    clip_fraction          | 0.258       |
|    clip_range             | 0.2         |
|    entropy_loss           | -2.6        |
|    explained_variance     | 0.883       |
|    learning_rate          | 0.000255    |
|    loss                   | -0.0622     |
|    n_updates              | 290         |
|    policy_gradient_loss   | -0.0219     |
|    std                    | 0.887       |
|    value_loss             | 0.0252      |
-------------------------------------------
-----------------------------------------
| curriculum/             |             |
|    stage                | 0.33        |
| rollout/                |             |
|    ep_len_mean          | 445         |
|    ep_rew_mean          | 612         |
| time/                   |             |
|    fps                  | 135         |
|    iterations           | 31          |
|    time_elapsed         | 704         |
|    total_timesteps      | 95232       |
| train/                  |             |
|    approx_kl            | 0.031534992 |
|    clip_fraction        | 0.24        |
|    clip_range           | 0.2         |
|    entropy_loss         | -2.6        |
|    explained_variance   | 0.831       |
|    learning_rate        | 0.000254    |
|    loss                 | -0.032      |
|    n_updates            | 300         |
|    policy_gradient_loss | -0.0257     |
|    std                  | 0.885       |
|    value_loss           | 0.0294      |
-----------------------------------------
[Step    98304] SR=0.600 | FracGoal=0.677 | Ret=615.81 | Vis=0.72 | Prog=0.107 | CollEvt=27.38 | Stage=0.33
-------------------------------------------
| curriculum/               |             |
|    stage                  | 0.33        |
| research/                 |             |
|    collision_count        | 105         |
|    collision_event_count  | 27.4        |
|    curriculum_stage       | 0.33        |
|    episode_length         | 449         |
|    episode_return         | 616         |
|    fraction_at_goal       | 0.677       |
|    reward_collision       | -0.0148     |
|    reward_progress        | 0.107       |
|    reward_zero_visibility | -0.0223     |
|    stray_count            | 0.07        |
|    success_rate           | 0.6         |
|    visibility_ratio       | 0.715       |
| rollout/                  |             |
|    ep_len_mean            | 449         |
|    ep_rew_mean            | 616         |
| time/                     |             |
|    fps                    | 135         |
|    iterations             | 32          |
|    time_elapsed           | 726         |
|    total_timesteps        | 98304       |
| train/                    |             |
|    approx_kl              | 0.025300168 |
|    clip_fraction          | 0.228       |
|    clip_range             | 0.2         |
|    entropy_loss           | -2.6        |
|    explained_variance     | 0.757       |
|    learning_rate          | 0.000252    |
|    loss                   | -0.0295     |
|    n_updates              | 310         |
|    policy_gradient_loss   | -0.0224     |
|    std                    | 0.886       |
|    value_loss             | 0.0426      |
-------------------------------------------
[validation @ 100,032] SR=0.333 | FracGoal=0.358 | MeanDist=6.15 | best=0.358
-----------------------------------------
| curriculum/             |             |
|    stage                | 0.33        |
| rollout/                |             |
|    ep_len_mean          | 455         |
|    ep_rew_mean          | 623         |
| time/                   |             |
|    fps                  | 131         |
|    iterations           | 33          |
|    time_elapsed         | 773         |
|    total_timesteps      | 101376      |
| train/                  |             |
|    approx_kl            | 0.026106738 |
|    clip_fraction        | 0.223       |
|    clip_range           | 0.2         |
|    entropy_loss         | -2.59       |
|    explained_variance   | 0.743       |
|    learning_rate        | 0.000251    |
|    loss                 | -0.0288     |
|    n_updates            | 320         |
|    policy_gradient_loss | -0.0195     |
|    std                  | 0.881       |
|    value_loss           | 0.0245      |
| validation/             |             |
|    episode_length       | 551         |
|    fraction_at_goal     | 0.358       |
|    mean_dist_to_goal    | 6.15        |
|    success_rate         | 0.333       |
-----------------------------------------
[Step   104448] SR=0.590 | FracGoal=0.671 | Ret=616.55 | Vis=0.72 | Prog=0.110 | CollEvt=27.31 | Stage=0.33
-------------------------------------------
| curriculum/               |             |
|    stage                  | 0.33        |
| research/                 |             |
|    collision_count        | 119         |
|    collision_event_count  | 27.3        |
|    curriculum_stage       | 0.33        |
|    episode_length         | 449         |
|    episode_return         | 617         |
|    fraction_at_goal       | 0.671       |
|    reward_collision       | -0.015      |
|    reward_progress        | 0.11        |
|    reward_zero_visibility | -0.0225     |
|    stray_count            | 0.06        |
|    success_rate           | 0.59        |
|    visibility_ratio       | 0.715       |
| rollout/                  |             |
|    ep_len_mean            | 449         |
|    ep_rew_mean            | 617         |
| time/                     |             |
|    fps                    | 130         |
|    iterations             | 34          |
|    time_elapsed           | 798         |
|    total_timesteps        | 104448      |
| train/                    |             |
|    approx_kl              | 0.025606994 |
|    clip_fraction          | 0.243       |
|    clip_range             | 0.2         |
|    entropy_loss           | -2.58       |
|    explained_variance     | 0.813       |
|    learning_rate          | 0.000249    |
|    loss                   | -0.0194     |
|    n_updates              | 330         |
|    policy_gradient_loss   | -0.0191     |
|    std                    | 0.877       |
|    value_loss             | 0.0211      |
-------------------------------------------
-----------------------------------------
| curriculum/             |             |
|    stage                | 0.33        |
| rollout/                |             |
|    ep_len_mean          | 447         |
|    ep_rew_mean          | 612         |
| time/                   |             |
|    fps                  | 131         |
|    iterations           | 35          |
|    time_elapsed         | 818         |
|    total_timesteps      | 107520      |
| train/                  |             |
|    approx_kl            | 0.035232298 |
|    clip_fraction        | 0.229       |
|    clip_range           | 0.2         |
|    entropy_loss         | -2.57       |
|    explained_variance   | 0.775       |
|    learning_rate        | 0.000248    |
|    loss                 | -0.0582     |
|    n_updates            | 340         |
|    policy_gradient_loss | -0.0267     |
|    std                  | 0.869       |
|    value_loss           | 0.0494      |
-----------------------------------------
[Step   110592] SR=0.570 | FracGoal=0.661 | Ret=622.01 | Vis=0.69 | Prog=0.108 | CollEvt=25.82 | Stage=0.33
-------------------------------------------
| curriculum/               |             |
|    stage                  | 0.33        |
| research/                 |             |
|    collision_count        | 129         |
|    collision_event_count  | 25.8        |
|    curriculum_stage       | 0.33        |
|    episode_length         | 457         |
|    episode_return         | 622         |
|    fraction_at_goal       | 0.661       |
|    reward_collision       | -0.0149     |
|    reward_progress        | 0.108       |
|    reward_zero_visibility | -0.0306     |
|    stray_count            | 0.08        |
|    success_rate           | 0.57        |
|    visibility_ratio       | 0.691       |
| rollout/                  |             |
|    ep_len_mean            | 457         |
|    ep_rew_mean            | 622         |
| time/                     |             |
|    fps                    | 132         |
|    iterations             | 36          |
|    time_elapsed           | 835         |
|    total_timesteps        | 110592      |
| train/                    |             |
|    approx_kl              | 0.024820842 |
|    clip_fraction          | 0.211       |
|    clip_range             | 0.2         |
|    entropy_loss           | -2.56       |
|    explained_variance     | 0.806       |
|    learning_rate          | 0.000246    |
|    loss                   | -0.0291     |
|    n_updates              | 350         |
|    policy_gradient_loss   | -0.0177     |
|    std                    | 0.869       |
|    value_loss             | 0.026       |
-------------------------------------------
-----------------------------------------
| curriculum/             |             |
|    stage                | 0.33        |
| rollout/                |             |
|    ep_len_mean          | 466         |
|    ep_rew_mean          | 632         |
| time/                   |             |
|    fps                  | 132         |
|    iterations           | 37          |
|    time_elapsed         | 860         |
|    total_timesteps      | 113664      |
| train/                  |             |
|    approx_kl            | 0.042403836 |
|    clip_fraction        | 0.241       |
|    clip_range           | 0.2         |
|    entropy_loss         | -2.56       |
|    explained_variance   | 0.841       |
|    learning_rate        | 0.000245    |
|    loss                 | -0.0535     |
|    n_updates            | 360         |
|    policy_gradient_loss | -0.0266     |
|    std                  | 0.872       |
|    value_loss           | 0.0216      |
-----------------------------------------
[Step   116736] SR=0.560 | FracGoal=0.651 | Ret=635.66 | Vis=0.69 | Prog=0.102 | CollEvt=26.07 | Stage=0.33
------------------------------------------
| curriculum/               |            |
|    stage                  | 0.33       |
| research/                 |            |
|    collision_count        | 134        |
|    collision_event_count  | 26.1       |
|    curriculum_stage       | 0.33       |
|    episode_length         | 469        |
|    episode_return         | 636        |
|    fraction_at_goal       | 0.651      |
|    reward_collision       | -0.0151    |
|    reward_progress        | 0.102      |
|    reward_zero_visibility | -0.0303    |
|    stray_count            | 0.08       |
|    success_rate           | 0.56       |
|    visibility_ratio       | 0.69       |
| rollout/                  |            |
|    ep_len_mean            | 469        |
|    ep_rew_mean            | 636        |
| time/                     |            |
|    fps                    | 132        |
|    iterations             | 38         |
|    time_elapsed           | 882        |
|    total_timesteps        | 116736     |
| train/                    |            |
|    approx_kl              | 0.02727665 |
|    clip_fraction          | 0.216      |
|    clip_range             | 0.2        |
|    entropy_loss           | -2.57      |
|    explained_variance     | 0.786      |
|    learning_rate          | 0.000243   |
|    loss                   | -0.0504    |
|    n_updates              | 370        |
|    policy_gradient_loss   | -0.0296    |
|    std                    | 0.872      |
|    value_loss             | 0.0316     |
------------------------------------------
-----------------------------------------
| curriculum/             |             |
|    stage                | 0.33        |
| rollout/                |             |
|    ep_len_mean          | 483         |
|    ep_rew_mean          | 648         |
| time/                   |             |
|    fps                  | 132         |
|    iterations           | 39          |
|    time_elapsed         | 903         |
|    total_timesteps      | 119808      |
| train/                  |             |
|    approx_kl            | 0.025404803 |
|    clip_fraction        | 0.214       |
|    clip_range           | 0.2         |
|    entropy_loss         | -2.57       |
|    explained_variance   | 0.745       |
|    learning_rate        | 0.000242    |
|    loss                 | -0.0583     |
|    n_updates            | 380         |
|    policy_gradient_loss | -0.0246     |
|    std                  | 0.875       |
|    value_loss           | 0.041       |
-----------------------------------------
[Step   122880] SR=0.530 | FracGoal=0.616 | Ret=646.72 | Vis=0.67 | Prog=0.097 | CollEvt=26.67 | Stage=0.33
-------------------------------------------
| curriculum/               |             |
|    stage                  | 0.33        |
| research/                 |             |
|    collision_count        | 147         |
|    collision_event_count  | 26.7        |
|    curriculum_stage       | 0.33        |
|    episode_length         | 485         |
|    episode_return         | 647         |
|    fraction_at_goal       | 0.616       |
|    reward_collision       | -0.0156     |
|    reward_progress        | 0.0966      |
|    reward_zero_visibility | -0.0365     |
|    stray_count            | 0.09        |
|    success_rate           | 0.53        |
|    visibility_ratio       | 0.669       |
| rollout/                  |             |
|    ep_len_mean            | 485         |
|    ep_rew_mean            | 647         |
| time/                     |             |
|    fps                    | 133         |
|    iterations             | 40          |
|    time_elapsed           | 920         |
|    total_timesteps        | 122880      |
| train/                    |             |
|    approx_kl              | 0.027487988 |
|    clip_fraction          | 0.234       |
|    clip_range             | 0.2         |
|    entropy_loss           | -2.57       |
|    explained_variance     | 0.882       |
|    learning_rate          | 0.00024     |
|    loss                   | -0.0463     |
|    n_updates              | 390         |
|    policy_gradient_loss   | -0.027      |
|    std                    | 0.869       |
|    value_loss             | 0.0321      |
-------------------------------------------
[validation @ 125,040] SR=0.200 | FracGoal=0.278 | MeanDist=6.04 | best=0.358
----------------------------------------
| curriculum/             |            |
|    stage                | 0.33       |
| rollout/                |            |
|    ep_len_mean          | 488        |
|    ep_rew_mean          | 653        |
| time/                   |            |
|    fps                  | 130        |
|    iterations           | 41         |
|    time_elapsed         | 965        |
|    total_timesteps      | 125952     |
| train/                  |            |
|    approx_kl            | 0.04079949 |
|    clip_fraction        | 0.222      |
|    clip_range           | 0.2        |
|    entropy_loss         | -2.55      |
|    explained_variance   | 0.8        |
|    learning_rate        | 0.000239   |
|    loss                 | -0.0363    |
|    n_updates            | 400        |
|    policy_gradient_loss | -0.0219    |
|    std                  | 0.864      |
|    value_loss           | 0.0235     |
| validation/             |            |
|    episode_length       | 606        |
|    fraction_at_goal     | 0.278      |
|    mean_dist_to_goal    | 6.04       |
|    success_rate         | 0.2        |
----------------------------------------
[Step   129024] SR=0.500 | FracGoal=0.590 | Ret=659.05 | Vis=0.68 | Prog=0.096 | CollEvt=26.11 | Stage=0.33
-------------------------------------------
| curriculum/               |             |
|    stage                  | 0.33        |
| research/                 |             |
|    collision_count        | 154         |
|    collision_event_count  | 26.1        |
|    curriculum_stage       | 0.33        |
|    episode_length         | 494         |
|    episode_return         | 659         |
|    fraction_at_goal       | 0.59        |
|    reward_collision       | -0.0156     |
|    reward_progress        | 0.0958      |
|    reward_zero_visibility | -0.0356     |
|    stray_count            | 0.1         |
|    success_rate           | 0.5         |
|    visibility_ratio       | 0.681       |
| rollout/                  |             |
|    ep_len_mean            | 494         |
|    ep_rew_mean            | 659         |
| time/                     |             |
|    fps                    | 130         |
|    iterations             | 42          |
|    time_elapsed           | 985         |
|    total_timesteps        | 129024      |
| train/                    |             |
|    approx_kl              | 0.032918114 |
|    clip_fraction          | 0.24        |
|    clip_range             | 0.2         |
|    entropy_loss           | -2.54       |
|    explained_variance     | 0.78        |
|    learning_rate          | 0.000237    |
|    loss                   | -0.0272     |
|    n_updates              | 410         |
|    policy_gradient_loss   | -0.0177     |
|    std                    | 0.86        |
|    value_loss             | 0.0427      |
-------------------------------------------
----------------------------------------
| curriculum/             |            |
|    stage                | 0.33       |
| rollout/                |            |
|    ep_len_mean          | 508        |
|    ep_rew_mean          | 677        |
| time/                   |            |
|    fps                  | 130        |
|    iterations           | 43         |
|    time_elapsed         | 1008       |
|    total_timesteps      | 132096     |
| train/                  |            |
|    approx_kl            | 0.03212192 |
|    clip_fraction        | 0.258      |
|    clip_range           | 0.2        |
|    entropy_loss         | -2.53      |
|    explained_variance   | 0.756      |
|    learning_rate        | 0.000235   |
|    loss                 | -0.044     |
|    n_updates            | 420        |
|    policy_gradient_loss | -0.0198    |
|    std                  | 0.857      |
|    value_loss           | 0.0285     |
----------------------------------------
[Step   135168] SR=0.460 | FracGoal=0.554 | Ret=676.22 | Vis=0.70 | Prog=0.099 | CollEvt=27.07 | Stage=0.33
-------------------------------------------
| curriculum/               |             |
|    stage                  | 0.33        |
| research/                 |             |
|    collision_count        | 155         |
|    collision_event_count  | 27.1        |
|    curriculum_stage       | 0.33        |
|    episode_length         | 509         |
|    episode_return         | 676         |
|    fraction_at_goal       | 0.554       |
|    reward_collision       | -0.0159     |
|    reward_progress        | 0.0988      |
|    reward_zero_visibility | -0.0339     |
|    stray_count            | 0.11        |
|    success_rate           | 0.46        |
|    visibility_ratio       | 0.695       |
| rollout/                  |             |
|    ep_len_mean            | 509         |
|    ep_rew_mean            | 676         |
| time/                     |             |
|    fps                    | 131         |
|    iterations             | 44          |
|    time_elapsed           | 1026        |
|    total_timesteps        | 135168      |
| train/                    |             |
|    approx_kl              | 0.036712017 |
|    clip_fraction          | 0.261       |
|    clip_range             | 0.2         |
|    entropy_loss           | -2.52       |
|    explained_variance     | 0.898       |
|    learning_rate          | 0.000234    |
|    loss                   | 0.0153      |
|    n_updates              | 430         |
|    policy_gradient_loss   | -0.0158     |
|    std                    | 0.852       |
|    value_loss             | 0.0211      |
-------------------------------------------
-----------------------------------------
| curriculum/             |             |
|    stage                | 0.33        |
| rollout/                |             |
|    ep_len_mean          | 507         |
|    ep_rew_mean          | 675         |
| time/                   |             |
|    fps                  | 130         |
|    iterations           | 45          |
|    time_elapsed         | 1056        |
|    total_timesteps      | 138240      |
| train/                  |             |
|    approx_kl            | 0.029494205 |
|    clip_fraction        | 0.248       |
|    clip_range           | 0.2         |
|    entropy_loss         | -2.51       |
|    explained_variance   | 0.744       |
|    learning_rate        | 0.000232    |
|    loss                 | -0.0475     |
|    n_updates            | 440         |
|    policy_gradient_loss | -0.0241     |
|    std                  | 0.848       |
|    value_loss           | 0.0421      |
-----------------------------------------
[Step   141312] SR=0.470 | FracGoal=0.559 | Ret=681.24 | Vis=0.71 | Prog=0.097 | CollEvt=28.24 | Stage=0.33
-------------------------------------------
| curriculum/               |             |
|    stage                  | 0.33        |
| research/                 |             |
|    collision_count        | 161         |
|    collision_event_count  | 28.2        |
|    curriculum_stage       | 0.33        |
|    episode_length         | 510         |
|    episode_return         | 681         |
|    fraction_at_goal       | 0.559       |
|    reward_collision       | -0.0161     |
|    reward_progress        | 0.0975      |
|    reward_zero_visibility | -0.0304     |
|    stray_count            | 0.11        |
|    success_rate           | 0.47        |
|    visibility_ratio       | 0.706       |
| rollout/                  |             |
|    ep_len_mean            | 510         |
|    ep_rew_mean            | 681         |
| time/                     |             |
|    fps                    | 131         |
|    iterations             | 46          |
|    time_elapsed           | 1077        |
|    total_timesteps        | 141312      |
| train/                    |             |
|    approx_kl              | 0.035600014 |
|    clip_fraction          | 0.239       |
|    clip_range             | 0.2         |
|    entropy_loss           | -2.51       |
|    explained_variance     | 0.659       |
|    learning_rate          | 0.000231    |
|    loss                   | -0.0425     |
|    n_updates              | 450         |
|    policy_gradient_loss   | -0.0299     |
|    std                    | 0.848       |
|    value_loss             | 0.0471      |
-------------------------------------------
-----------------------------------------
| curriculum/             |             |
|    stage                | 0.33        |
| rollout/                |             |
|    ep_len_mean          | 512         |
|    ep_rew_mean          | 688         |
| time/                   |             |
|    fps                  | 131         |
|    iterations           | 47          |
|    time_elapsed         | 1097        |
|    total_timesteps      | 144384      |
| train/                  |             |
|    approx_kl            | 0.031228978 |
|    clip_fraction        | 0.226       |
|    clip_range           | 0.2         |
|    entropy_loss         | -2.5        |
|    explained_variance   | 0.731       |
|    learning_rate        | 0.000229    |
|    loss                 | -0.0607     |
|    n_updates            | 460         |
|    policy_gradient_loss | -0.0313     |
|    std                  | 0.84        |
|    value_loss           | 0.0375      |
-----------------------------------------
[Step   147456] SR=0.460 | FracGoal=0.566 | Ret=693.56 | Vis=0.72 | Prog=0.095 | CollEvt=29.53 | Stage=0.33
------------------------------------------
| curriculum/               |            |
|    stage                  | 0.33       |
| research/                 |            |
|    collision_count        | 157        |
|    collision_event_count  | 29.5       |
|    curriculum_stage       | 0.33       |
|    episode_length         | 516        |
|    episode_return         | 694        |
|    fraction_at_goal       | 0.566      |
|    reward_collision       | -0.0162    |
|    reward_progress        | 0.0951     |
|    reward_zero_visibility | -0.0256    |
|    stray_count            | 0.12       |
|    success_rate           | 0.46       |
|    visibility_ratio       | 0.719      |
| rollout/                  |            |
|    ep_len_mean            | 516        |
|    ep_rew_mean            | 694        |
| time/                     |            |
|    fps                    | 131        |
|    iterations             | 48         |
|    time_elapsed           | 1122       |
|    total_timesteps        | 147456     |
| train/                    |            |
|    approx_kl              | 0.03128875 |
|    clip_fraction          | 0.246      |
|    clip_range             | 0.2        |
|    entropy_loss           | -2.49      |
|    explained_variance     | 0.624      |
|    learning_rate          | 0.000228   |
|    loss                   | -0.049     |
|    n_updates              | 470        |
|    policy_gradient_loss   | -0.0278    |
|    std                    | 0.837      |
|    value_loss             | 0.0361     |
------------------------------------------
[validation @ 150,048] SR=0.233 | FracGoal=0.294 | MeanDist=5.83 | best=0.358
-----------------------------------------
| curriculum/             |             |
|    stage                | 0.33        |
| rollout/                |             |
|    ep_len_mean          | 523         |
|    ep_rew_mean          | 703         |
| time/                   |             |
|    fps                  | 127         |
|    iterations           | 49          |
|    time_elapsed         | 1181        |
|    total_timesteps      | 150528      |
| train/                  |             |
|    approx_kl            | 0.035265334 |
|    clip_fraction        | 0.257       |
|    clip_range           | 0.2         |
|    entropy_loss         | -2.48       |
|    explained_variance   | 0.772       |
|    learning_rate        | 0.000226    |
|    loss                 | -0.0398     |
|    n_updates            | 480         |
|    policy_gradient_loss | -0.025      |
|    std                  | 0.836       |
|    value_loss           | 0.0228      |
| validation/             |             |
|    episode_length       | 591         |
|    fraction_at_goal     | 0.294       |
|    mean_dist_to_goal    | 5.83        |
|    success_rate         | 0.233       |
-----------------------------------------
[Step   153600] SR=0.450 | FracGoal=0.564 | Ret=707.48 | Vis=0.73 | Prog=0.093 | CollEvt=29.04 | Stage=0.33
-------------------------------------------
| curriculum/               |             |
|    stage                  | 0.33        |
| research/                 |             |
|    collision_count        | 152         |
|    collision_event_count  | 29          |
|    curriculum_stage       | 0.33        |
|    episode_length         | 520         |
|    episode_return         | 707         |
|    fraction_at_goal       | 0.564       |
|    reward_collision       | -0.0158     |
|    reward_progress        | 0.0935      |
|    reward_zero_visibility | -0.0221     |
|    stray_count            | 0.15        |
|    success_rate           | 0.45        |
|    visibility_ratio       | 0.725       |
| rollout/                  |             |
|    ep_len_mean            | 520         |
|    ep_rew_mean            | 707         |
| time/                     |             |
|    fps                    | 128         |
|    iterations             | 50          |
|    time_elapsed           | 1196        |
|    total_timesteps        | 153600      |
| train/                    |             |
|    approx_kl              | 0.038755566 |
|    clip_fraction          | 0.303       |
|    clip_range             | 0.2         |
|    entropy_loss           | -2.48       |
|    explained_variance     | 0.81        |
|    learning_rate          | 0.000225    |
|    loss                   | -0.0539     |
|    n_updates              | 490         |
|    policy_gradient_loss   | -0.0212     |
|    std                    | 0.836       |
|    value_loss             | 0.0186      |
-------------------------------------------
-----------------------------------------
| curriculum/             |             |
|    stage                | 0.33        |
| rollout/                |             |
|    ep_len_mean          | 519         |
|    ep_rew_mean          | 707         |
| time/                   |             |
|    fps                  | 127         |
|    iterations           | 51          |
|    time_elapsed         | 1224        |
|    total_timesteps      | 156672      |
| train/                  |             |
|    approx_kl            | 0.038964186 |
|    clip_fraction        | 0.255       |
|    clip_range           | 0.2         |
|    entropy_loss         | -2.48       |
|    explained_variance   | 0.744       |
|    learning_rate        | 0.000223    |
|    loss                 | -0.0351     |
|    n_updates            | 500         |
|    policy_gradient_loss | -0.0196     |
|    std                  | 0.834       |
|    value_loss           | 0.039       |
-----------------------------------------
[Step   159744] SR=0.460 | FracGoal=0.577 | Ret=706.09 | Vis=0.74 | Prog=0.098 | CollEvt=29.14 | Stage=0.33
-----------------------------------------
| curriculum/               |           |
|    stage                  | 0.33      |
| research/                 |           |
|    collision_count        | 144       |
|    collision_event_count  | 29.1      |
|    curriculum_stage       | 0.33      |
|    episode_length         | 514       |
|    episode_return         | 706       |
|    fraction_at_goal       | 0.577     |
|    reward_collision       | -0.0157   |
|    reward_progress        | 0.0981    |
|    reward_zero_visibility | -0.0181   |
|    stray_count            | 0.13      |
|    success_rate           | 0.46      |
|    visibility_ratio       | 0.736     |
| rollout/                  |           |
|    ep_len_mean            | 514       |
|    ep_rew_mean            | 706       |
| time/                     |           |
|    fps                    | 128       |
|    iterations             | 52        |
|    time_elapsed           | 1245      |
|    total_timesteps        | 159744    |
| train/                    |           |
|    approx_kl              | 0.0359156 |
|    clip_fraction          | 0.213     |
|    clip_range             | 0.2       |
|    entropy_loss           | -2.47     |
|    explained_variance     | 0.676     |
|    learning_rate          | 0.000222  |
|    loss                   | -0.0553   |
|    n_updates              | 510       |
|    policy_gradient_loss   | -0.0304   |
|    std                    | 0.832     |
|    value_loss             | 0.0481    |
-----------------------------------------
-----------------------------------------
| curriculum/             |             |
|    stage                | 0.33        |
| rollout/                |             |
|    ep_len_mean          | 521         |
|    ep_rew_mean          | 719         |
| time/                   |             |
|    fps                  | 129         |
|    iterations           | 53          |
|    time_elapsed         | 1257        |
|    total_timesteps      | 162816      |
| train/                  |             |
|    approx_kl            | 0.039199308 |
|    clip_fraction        | 0.263       |
|    clip_range           | 0.2         |
|    entropy_loss         | -2.47       |
|    explained_variance   | 0.764       |
|    learning_rate        | 0.00022     |
|    loss                 | -0.0416     |
|    n_updates            | 520         |
|    policy_gradient_loss | -0.0203     |
|    std                  | 0.83        |
|    value_loss           | 0.0327      |
-----------------------------------------
[Step   165888] SR=0.430 | FracGoal=0.560 | Ret=727.67 | Vis=0.76 | Prog=0.096 | CollEvt=28.09 | Stage=0.33
------------------------------------------
| curriculum/               |            |
|    stage                  | 0.33       |
| research/                 |            |
|    collision_count        | 140        |
|    collision_event_count  | 28.1       |
|    curriculum_stage       | 0.33       |
|    episode_length         | 525        |
|    episode_return         | 728        |
|    fraction_at_goal       | 0.56       |
|    reward_collision       | -0.015     |
|    reward_progress        | 0.0958     |
|    reward_zero_visibility | -0.0119    |
|    stray_count            | 0.18       |
|    success_rate           | 0.43       |
|    visibility_ratio       | 0.758      |
| rollout/                  |            |
|    ep_len_mean            | 525        |
|    ep_rew_mean            | 728        |
| time/                     |            |
|    fps                    | 130        |
|    iterations             | 54         |
|    time_elapsed           | 1270       |
|    total_timesteps        | 165888     |
| train/                    |            |
|    approx_kl              | 0.05838467 |
|    clip_fraction          | 0.282      |
|    clip_range             | 0.2        |
|    entropy_loss           | -2.46      |
|    explained_variance     | 0.79       |
|    learning_rate          | 0.000219   |
|    loss                   | -0.0337    |
|    n_updates              | 530        |
|    policy_gradient_loss   | -0.0239    |
|    std                    | 0.829      |
|    value_loss             | 0.00853    |
------------------------------------------
-----------------------------------------
| curriculum/             |             |
|    stage                | 0.33        |
| rollout/                |             |
|    ep_len_mean          | 518         |
|    ep_rew_mean          | 722         |
| time/                   |             |
|    fps                  | 130         |
|    iterations           | 55          |
|    time_elapsed         | 1294        |
|    total_timesteps      | 168960      |
| train/                  |             |
|    approx_kl            | 0.043105707 |
|    clip_fraction        | 0.247       |
|    clip_range           | 0.2         |
|    entropy_loss         | -2.46       |
|    explained_variance   | 0.731       |
|    learning_rate        | 0.000217    |
|    loss                 | -0.0523     |
|    n_updates            | 540         |
|    policy_gradient_loss | -0.026      |
|    std                  | 0.829       |
|    value_loss           | 0.0279      |
-----------------------------------------
[Step   172032] SR=0.430 | FracGoal=0.565 | Ret=724.57 | Vis=0.78 | Prog=0.100 | CollEvt=27.57 | Stage=0.33
-------------------------------------------
| curriculum/               |             |
|    stage                  | 0.33        |
| research/                 |             |
|    collision_count        | 137         |
|    collision_event_count  | 27.6        |
|    curriculum_stage       | 0.33        |
|    episode_length         | 517         |
|    episode_return         | 725         |
|    fraction_at_goal       | 0.565       |
|    reward_collision       | -0.0149     |
|    reward_progress        | 0.1         |
|    reward_zero_visibility | -0.00846    |
|    stray_count            | 0.18        |
|    success_rate           | 0.43        |
|    visibility_ratio       | 0.78        |
| rollout/                  |             |
|    ep_len_mean            | 517         |
|    ep_rew_mean            | 725         |
| time/                     |             |
|    fps                    | 131         |
|    iterations             | 56          |
|    time_elapsed           | 1311        |
|    total_timesteps        | 172032      |
| train/                    |             |
|    approx_kl              | 0.035918184 |
|    clip_fraction          | 0.247       |
|    clip_range             | 0.2         |
|    entropy_loss           | -2.47       |
|    explained_variance     | 0.56        |
|    learning_rate          | 0.000216    |
|    loss                   | -0.0552     |
|    n_updates              | 550         |
|    policy_gradient_loss   | -0.0257     |
|    std                    | 0.832       |
|    value_loss             | 0.0353      |
-------------------------------------------
[validation @ 175,056] SR=0.233 | FracGoal=0.273 | MeanDist=6.29 | best=0.358
-----------------------------------------
| curriculum/             |             |
|    stage                | 0.33        |
| rollout/                |             |
|    ep_len_mean          | 513         |
|    ep_rew_mean          | 724         |
| time/                   |             |
|    fps                  | 128         |
|    iterations           | 57          |
|    time_elapsed         | 1367        |
|    total_timesteps      | 175104      |
| train/                  |             |
|    approx_kl            | 0.029886179 |
|    clip_fraction        | 0.258       |
|    clip_range           | 0.2         |
|    entropy_loss         | -2.47       |
|    explained_variance   | 0.758       |
|    learning_rate        | 0.000214    |
|    loss                 | -0.0509     |
|    n_updates            | 560         |
|    policy_gradient_loss | -0.021      |
|    std                  | 0.836       |
|    value_loss           | 0.0314      |
| validation/             |             |
|    episode_length       | 608         |
|    fraction_at_goal     | 0.273       |
|    mean_dist_to_goal    | 6.29        |
|    success_rate         | 0.233       |
-----------------------------------------
[Step   178176] SR=0.440 | FracGoal=0.575 | Ret=716.07 | Vis=0.80 | Prog=0.103 | CollEvt=27.06 | Stage=0.33
-------------------------------------------
| curriculum/               |             |
|    stage                  | 0.33        |
| research/                 |             |
|    collision_count        | 130         |
|    collision_event_count  | 27.1        |
|    curriculum_stage       | 0.33        |
|    episode_length         | 505         |
|    episode_return         | 716         |
|    fraction_at_goal       | 0.575       |
|    reward_collision       | -0.0146     |
|    reward_progress        | 0.103       |
|    reward_zero_visibility | -0.00308    |
|    stray_count            | 0.19        |
|    success_rate           | 0.44        |
|    visibility_ratio       | 0.802       |
| rollout/                  |             |
|    ep_len_mean            | 505         |
|    ep_rew_mean            | 716         |
| time/                     |             |
|    fps                    | 128         |
|    iterations             | 58          |
|    time_elapsed           | 1390        |
|    total_timesteps        | 178176      |
| train/                    |             |
|    approx_kl              | 0.048699364 |
|    clip_fraction          | 0.288       |
|    clip_range             | 0.2         |
|    entropy_loss           | -2.48       |
|    explained_variance     | 0.802       |
|    learning_rate          | 0.000212    |
|    loss                   | -0.0245     |
|    n_updates              | 570         |
|    policy_gradient_loss   | -0.0281     |
|    std                    | 0.836       |
|    value_loss             | 0.0328      |
-------------------------------------------
Adaptive curriculum advanced to stage 0.66 at timestep 180,000
-----------------------------------------
| curriculum/             |             |
|    stage                | 0.66        |
| rollout/                |             |
|    ep_len_mean          | 495         |
|    ep_rew_mean          | 702         |
| time/                   |             |
|    fps                  | 128         |
|    iterations           | 59          |
|    time_elapsed         | 1414        |
|    total_timesteps      | 181248      |
| train/                  |             |
|    approx_kl            | 0.035164915 |
|    clip_fraction        | 0.257       |
|    clip_range           | 0.2         |
|    entropy_loss         | -2.48       |
|    explained_variance   | 0.697       |
|    learning_rate        | 0.000211    |
|    loss                 | -0.0249     |
|    n_updates            | 580         |
|    policy_gradient_loss | -0.0205     |
|    std                  | 0.834       |
|    value_loss           | 0.0444      |
-----------------------------------------
[Step   184320] SR=0.470 | FracGoal=0.595 | Ret=699.96 | Vis=0.80 | Prog=0.102 | CollEvt=25.52 | Stage=0.59
------------------------------------------
| curriculum/               |            |
|    stage                  | 0.66       |
| research/                 |            |
|    collision_count        | 131        |
|    collision_event_count  | 25.5       |
|    curriculum_stage       | 0.594      |
|    episode_length         | 493        |
|    episode_return         | 700        |
|    fraction_at_goal       | 0.595      |
|    reward_collision       | -0.0143    |
|    reward_progress        | 0.102      |
|    reward_zero_visibility | -0.00308   |
|    stray_count            | 0.18       |
|    success_rate           | 0.47       |
|    visibility_ratio       | 0.801      |
| rollout/                  |            |
|    ep_len_mean            | 493        |
|    ep_rew_mean            | 700        |
| time/                     |            |
|    fps                    | 128        |
|    iterations             | 60         |
|    time_elapsed           | 1437       |
|    total_timesteps        | 184320     |
| train/                    |            |
|    approx_kl              | 0.04863637 |
|    clip_fraction          | 0.26       |
|    clip_range             | 0.2        |
|    entropy_loss           | -2.47      |
|    explained_variance     | 0.648      |
|    learning_rate          | 0.000209   |
|    loss                   | -0.0755    |
|    n_updates              | 590        |
|    policy_gradient_loss   | -0.0367    |
|    std                    | 0.831      |
|    value_loss             | 0.0359     |
------------------------------------------
--------------------------------------
| curriculum/             |          |
|    stage                | 0.66     |
| rollout/                |          |
|    ep_len_mean          | 506      |
|    ep_rew_mean          | 714      |
| time/                   |          |
|    fps                  | 128      |
|    iterations           | 61       |
|    time_elapsed         | 1460     |
|    total_timesteps      | 187392   |
| train/                  |          |
|    approx_kl            | 0.056614 |
|    clip_fraction        | 0.272    |
|    clip_range           | 0.2      |
|    entropy_loss         | -2.47    |
|    explained_variance   | 0.603    |
|    learning_rate        | 0.000208 |
|    loss                 | -0.0429  |
|    n_updates            | 600      |
|    policy_gradient_loss | -0.0239  |
|    std                  | 0.83     |
|    value_loss           | 0.0756   |
--------------------------------------
[Step   190464] SR=0.450 | FracGoal=0.581 | Ret=712.78 | Vis=0.80 | Prog=0.098 | CollEvt=27.48 | Stage=0.66
-------------------------------------------
| curriculum/               |             |
|    stage                  | 0.66        |
| research/                 |             |
|    collision_count        | 139         |
|    collision_event_count  | 27.5        |
|    curriculum_stage       | 0.66        |
|    episode_length         | 506         |
|    episode_return         | 713         |
|    fraction_at_goal       | 0.581       |
|    reward_collision       | -0.0149     |
|    reward_progress        | 0.098       |
|    reward_zero_visibility | -0.00304    |
|    stray_count            | 0.22        |
|    success_rate           | 0.45        |
|    visibility_ratio       | 0.796       |
| rollout/                  |             |
|    ep_len_mean            | 506         |
|    ep_rew_mean            | 713         |
| time/                     |             |
|    fps                    | 128         |
|    iterations             | 62          |
|    time_elapsed           | 1482        |
|    total_timesteps        | 190464      |
| train/                    |             |
|    approx_kl              | 0.069917984 |
|    clip_fraction          | 0.358       |
|    clip_range             | 0.2         |
|    entropy_loss           | -2.46       |
|    explained_variance     | 0.706       |
|    learning_rate          | 0.000206    |
|    loss                   | -0.0675     |
|    n_updates              | 610         |
|    policy_gradient_loss   | -0.0129     |
|    std                    | 0.829       |
|    value_loss             | 0.0357      |
-------------------------------------------
----------------------------------------
| curriculum/             |            |
|    stage                | 0.66       |
| rollout/                |            |
|    ep_len_mean          | 503        |
|    ep_rew_mean          | 695        |
| time/                   |            |
|    fps                  | 129        |
|    iterations           | 63         |
|    time_elapsed         | 1495       |
|    total_timesteps      | 193536     |
| train/                  |            |
|    approx_kl            | 0.03834149 |
|    clip_fraction        | 0.326      |
|    clip_range           | 0.2        |
|    entropy_loss         | -2.46      |
|    explained_variance   | 0.679      |
|    learning_rate        | 0.000205   |
|    loss                 | -0.0234    |
|    n_updates            | 620        |
|    policy_gradient_loss | -0.016     |
|    std                  | 0.828      |
|    value_loss           | 0.0242     |
----------------------------------------
[Step   196608] SR=0.410 | FracGoal=0.525 | Ret=703.63 | Vis=0.79 | Prog=0.096 | CollEvt=24.72 | Stage=0.66
-------------------------------------------
| curriculum/               |             |
|    stage                  | 0.66        |
| research/                 |             |
|    collision_count        | 131         |
|    collision_event_count  | 24.7        |
|    curriculum_stage       | 0.66        |
|    episode_length         | 515         |
|    episode_return         | 704         |
|    fraction_at_goal       | 0.525       |
|    reward_collision       | -0.0137     |
|    reward_progress        | 0.0963      |
|    reward_zero_visibility | -0.00491    |
|    stray_count            | 0.23        |
|    success_rate           | 0.41        |
|    visibility_ratio       | 0.793       |
| rollout/                  |             |
|    ep_len_mean            | 515         |
|    ep_rew_mean            | 704         |
| time/                     |             |
|    fps                    | 129         |
|    iterations             | 64          |
|    time_elapsed           | 1520        |
|    total_timesteps        | 196608      |
| train/                    |             |
|    approx_kl              | 0.056576483 |
|    clip_fraction          | 0.34        |
|    clip_range             | 0.2         |
|    entropy_loss           | -2.46       |
|    explained_variance     | 0.691       |
|    learning_rate          | 0.000203    |
|    loss                   | -0.0634     |
|    n_updates              | 630         |
|    policy_gradient_loss   | -0.0166     |
|    std                    | 0.83        |
|    value_loss             | 0.0307      |
-------------------------------------------
-----------------------------------------
| curriculum/             |             |
|    stage                | 0.66        |
| rollout/                |             |
|    ep_len_mean          | 519         |
|    ep_rew_mean          | 702         |
| time/                   |             |
|    fps                  | 129         |
|    iterations           | 65          |
|    time_elapsed         | 1536        |
|    total_timesteps      | 199680      |
| train/                  |             |
|    approx_kl            | 0.053899527 |
|    clip_fraction        | 0.324       |
|    clip_range           | 0.2         |
|    entropy_loss         | -2.46       |
|    explained_variance   | 0.703       |
|    learning_rate        | 0.000202    |
|    loss                 | -0.0588     |
|    n_updates            | 640         |
|    policy_gradient_loss | -0.0226     |
|    std                  | 0.828       |
|    value_loss           | 0.0186      |
-----------------------------------------
[validation @ 200,064] SR=0.133 | FracGoal=0.168 | MeanDist=5.99 | best=0.358
[Step   202752] SR=0.400 | FracGoal=0.500 | Ret=696.34 | Vis=0.78 | Prog=0.093 | CollEvt=23.77 | Stage=0.66
-----------------------------------------
| curriculum/               |           |
|    stage                  | 0.66      |
| research/                 |           |
|    collision_count        | 119       |
|    collision_event_count  | 23.8      |
|    curriculum_stage       | 0.66      |
|    episode_length         | 521       |
|    episode_return         | 696       |
|    fraction_at_goal       | 0.5       |
|    reward_collision       | -0.013    |
|    reward_progress        | 0.0926    |
|    reward_zero_visibility | -0.00791  |
|    stray_count            | 0.24      |
|    success_rate           | 0.4       |
|    visibility_ratio       | 0.78      |
| rollout/                  |           |
|    ep_len_mean            | 521       |
|    ep_rew_mean            | 696       |
| time/                     |           |
|    fps                    | 127       |
|    iterations             | 66        |
|    time_elapsed           | 1591      |
|    total_timesteps        | 202752    |
| train/                    |           |
|    approx_kl              | 0.0555087 |
|    clip_fraction          | 0.312     |
|    clip_range             | 0.2       |
|    entropy_loss           | -2.46     |
|    explained_variance     | 0.621     |
|    learning_rate          | 0.0002    |
|    loss                   | -0.0525   |
|    n_updates              | 650       |
|    policy_gradient_loss   | -0.0181   |
|    std                    | 0.83      |
|    value_loss             | 0.0389    |
| validation/               |           |
|    episode_length         | 656       |
|    fraction_at_goal       | 0.168     |
|    mean_dist_to_goal      | 5.99      |
|    success_rate           | 0.133     |
-----------------------------------------
----------------------------------------
| curriculum/             |            |
|    stage                | 0.66       |
| rollout/                |            |
|    ep_len_mean          | 512        |
|    ep_rew_mean          | 676        |
| time/                   |            |
|    fps                  | 127        |
|    iterations           | 67         |
|    time_elapsed         | 1611       |
|    total_timesteps      | 205824     |
| train/                  |            |
|    approx_kl            | 0.03584032 |
|    clip_fraction        | 0.298      |
|    clip_range           | 0.2        |
|    entropy_loss         | -2.46      |
|    explained_variance   | 0.775      |
|    learning_rate        | 0.000199   |
|    loss                 | -0.0595    |
|    n_updates            | 660        |
|    policy_gradient_loss | -0.0191    |
|    std                  | 0.828      |
|    value_loss           | 0.0153     |
----------------------------------------
[Step   208896] SR=0.390 | FracGoal=0.485 | Ret=679.79 | Vis=0.78 | Prog=0.094 | CollEvt=23.22 | Stage=0.66
------------------------------------------
| curriculum/               |            |
|    stage                  | 0.66       |
| research/                 |            |
|    collision_count        | 112        |
|    collision_event_count  | 23.2       |
|    curriculum_stage       | 0.66       |
|    episode_length         | 523        |
|    episode_return         | 680        |
|    fraction_at_goal       | 0.485      |
|    reward_collision       | -0.0125    |
|    reward_progress        | 0.0943     |
|    reward_zero_visibility | -0.0108    |
|    stray_count            | 0.3        |
|    success_rate           | 0.39       |
|    visibility_ratio       | 0.779      |
| rollout/                  |            |
|    ep_len_mean            | 523        |
|    ep_rew_mean            | 680        |
| time/                     |            |
|    fps                    | 128        |
|    iterations             | 68         |
|    time_elapsed           | 1629       |
|    total_timesteps        | 208896     |
| train/                    |            |
|    approx_kl              | 0.04835999 |
|    clip_fraction          | 0.263      |
|    clip_range             | 0.2        |
|    entropy_loss           | -2.46      |
|    explained_variance     | 0.727      |
|    learning_rate          | 0.000197   |
|    loss                   | 0.11       |
|    n_updates              | 670        |
|    policy_gradient_loss   | -0.0238    |
|    std                    | 0.824      |
|    value_loss             | 0.0345     |
------------------------------------------
Adaptive curriculum fell back to stage 0.33 at timestep 209,412
-----------------------------------------
| curriculum/             |             |
|    stage                | 0.33        |
| rollout/                |             |
|    ep_len_mean          | 532         |
|    ep_rew_mean          | 687         |
| time/                   |             |
|    fps                  | 128         |
|    iterations           | 69          |
|    time_elapsed         | 1650        |
|    total_timesteps      | 211968      |
| train/                  |             |
|    approx_kl            | 0.038712688 |
|    clip_fraction        | 0.276       |
|    clip_range           | 0.2         |
|    entropy_loss         | -2.45       |
|    explained_variance   | 0.84        |
|    learning_rate        | 0.000196    |
|    loss                 | -0.0321     |
|    n_updates            | 680         |
|    policy_gradient_loss | -0.0267     |
|    std                  | 0.823       |
|    value_loss           | 0.0143      |
-----------------------------------------
[Step   215040] SR=0.350 | FracGoal=0.443 | Ret=686.06 | Vis=0.77 | Prog=0.090 | CollEvt=23.62 | Stage=0.46
------------------------------------------
| curriculum/               |            |
|    stage                  | 0.33       |
| research/                 |            |
|    collision_count        | 123        |
|    collision_event_count  | 23.6       |
|    curriculum_stage       | 0.462      |
|    episode_length         | 537        |
|    episode_return         | 686        |
|    fraction_at_goal       | 0.443      |
|    reward_collision       | -0.0128    |
|    reward_progress        | 0.0904     |
|    reward_zero_visibility | -0.0109    |
|    stray_count            | 0.31       |
|    success_rate           | 0.35       |
|    visibility_ratio       | 0.775      |
| rollout/                  |            |
|    ep_len_mean            | 537        |
|    ep_rew_mean            | 686        |
| time/                     |            |
|    fps                    | 129        |
|    iterations             | 70         |
|    time_elapsed           | 1666       |
|    total_timesteps        | 215040     |
| train/                    |            |
|    approx_kl              | 0.05073718 |
|    clip_fraction          | 0.302      |
|    clip_range             | 0.2        |
|    entropy_loss           | -2.44      |
|    explained_variance     | 0.817      |
|    learning_rate          | 0.000194   |
|    loss                   | -0.0728    |
|    n_updates              | 690        |
|    policy_gradient_loss   | -0.0275    |
|    std                    | 0.819      |
|    value_loss             | 0.0183     |
------------------------------------------
----------------------------------------
| curriculum/             |            |
|    stage                | 0.33       |
| rollout/                |            |
|    ep_len_mean          | 545        |
|    ep_rew_mean          | 687        |
| time/                   |            |
|    fps                  | 129        |
|    iterations           | 71         |
|    time_elapsed         | 1682       |
|    total_timesteps      | 218112     |
| train/                  |            |
|    approx_kl            | 0.04661879 |
|    clip_fraction        | 0.251      |
|    clip_range           | 0.2        |
|    entropy_loss         | -2.43      |
|    explained_variance   | 0.918      |
|    learning_rate        | 0.000192   |
|    loss                 | -0.0391    |
|    n_updates            | 700        |
|    policy_gradient_loss | -0.0244    |
|    std                  | 0.815      |
|    value_loss           | 0.0114     |
----------------------------------------
[Step   221184] SR=0.330 | FracGoal=0.414 | Ret=687.58 | Vis=0.76 | Prog=0.084 | CollEvt=24.08 | Stage=0.33
-------------------------------------------
| curriculum/               |             |
|    stage                  | 0.33        |
| research/                 |             |
|    collision_count        | 128         |
|    collision_event_count  | 24.1        |
|    curriculum_stage       | 0.33        |
|    episode_length         | 546         |
|    episode_return         | 688         |
|    fraction_at_goal       | 0.414       |
|    reward_collision       | -0.013      |
|    reward_progress        | 0.0841      |
|    reward_zero_visibility | -0.0153     |
|    stray_count            | 0.28        |
|    success_rate           | 0.33        |
|    visibility_ratio       | 0.757       |
| rollout/                  |             |
|    ep_len_mean            | 546         |
|    ep_rew_mean            | 688         |
| time/                     |             |
|    fps                    | 129         |
|    iterations             | 72          |
|    time_elapsed           | 1706        |
|    total_timesteps        | 221184      |
| train/                    |             |
|    approx_kl              | 0.037873454 |
|    clip_fraction          | 0.3         |
|    clip_range             | 0.2         |
|    entropy_loss           | -2.42       |
|    explained_variance     | 0.9         |
|    learning_rate          | 0.000191    |
|    loss                   | -0.0491     |
|    n_updates              | 710         |
|    policy_gradient_loss   | -0.0153     |
|    std                    | 0.811       |
|    value_loss             | 0.00696     |
-------------------------------------------
----------------------------------------
| curriculum/             |            |
|    stage                | 0.33       |
| rollout/                |            |
|    ep_len_mean          | 549        |
|    ep_rew_mean          | 691        |
| time/                   |            |
|    fps                  | 129        |
|    iterations           | 73         |
|    time_elapsed         | 1725       |
|    total_timesteps      | 224256     |
| train/                  |            |
|    approx_kl            | 0.04040749 |
|    clip_fraction        | 0.248      |
|    clip_range           | 0.2        |
|    entropy_loss         | -2.42      |
|    explained_variance   | 0.603      |
|    learning_rate        | 0.000189   |
|    loss                 | -0.0456    |
|    n_updates            | 720        |
|    policy_gradient_loss | -0.0235    |
|    std                  | 0.81       |
|    value_loss           | 0.0199     |
----------------------------------------
[validation @ 225,072] SR=0.133 | FracGoal=0.248 | MeanDist=5.56 | best=0.358
[Step   227328] SR=0.360 | FracGoal=0.439 | Ret=684.49 | Vis=0.76 | Prog=0.085 | CollEvt=23.26 | Stage=0.33
-------------------------------------------
| curriculum/               |             |
|    stage                  | 0.33        |
| research/                 |             |
|    collision_count        | 125         |
|    collision_event_count  | 23.3        |
|    curriculum_stage       | 0.33        |
|    episode_length         | 543         |
|    episode_return         | 684         |
|    fraction_at_goal       | 0.439       |
|    reward_collision       | -0.0127     |
|    reward_progress        | 0.0851      |
|    reward_zero_visibility | -0.0153     |
|    stray_count            | 0.24        |
|    success_rate           | 0.36        |
|    visibility_ratio       | 0.755       |
| rollout/                  |             |
|    ep_len_mean            | 543         |
|    ep_rew_mean            | 684         |
| time/                     |             |
|    fps                    | 126         |
|    iterations             | 74          |
|    time_elapsed           | 1791        |
|    total_timesteps        | 227328      |
| train/                    |             |
|    approx_kl              | 0.039493393 |
|    clip_fraction          | 0.262       |
|    clip_range             | 0.2         |
|    entropy_loss           | -2.41       |
|    explained_variance     | 0.556       |
|    learning_rate          | 0.000188    |
|    loss                   | -0.0512     |
|    n_updates              | 730         |
|    policy_gradient_loss   | -0.0222     |
|    std                    | 0.808       |
|    value_loss             | 0.0455      |
| validation/               |             |
|    episode_length         | 668         |
|    fraction_at_goal       | 0.248       |
|    mean_dist_to_goal      | 5.56        |
|    success_rate           | 0.133       |
-------------------------------------------
-----------------------------------------
| curriculum/             |             |
|    stage                | 0.33        |
| rollout/                |             |
|    ep_len_mean          | 553         |
|    ep_rew_mean          | 696         |
| time/                   |             |
|    fps                  | 127         |
|    iterations           | 75          |
|    time_elapsed         | 1813        |
|    total_timesteps      | 230400      |
| train/                  |             |
|    approx_kl            | 0.030882757 |
|    clip_fraction        | 0.249       |
|    clip_range           | 0.2         |
|    entropy_loss         | -2.41       |
|    explained_variance   | 0.792       |
|    learning_rate        | 0.000186    |
|    loss                 | -0.0646     |
|    n_updates            | 740         |
|    policy_gradient_loss | -0.025      |
|    std                  | 0.809       |
|    value_loss           | 0.0352      |
-----------------------------------------
[Step   233472] SR=0.320 | FracGoal=0.406 | Ret=714.03 | Vis=0.74 | Prog=0.074 | CollEvt=24.64 | Stage=0.33
-------------------------------------------
| curriculum/               |             |
|    stage                  | 0.33        |
| research/                 |             |
|    collision_count        | 137         |
|    collision_event_count  | 24.6        |
|    curriculum_stage       | 0.33        |
|    episode_length         | 568         |
|    episode_return         | 714         |
|    fraction_at_goal       | 0.406       |
|    reward_collision       | -0.0133     |
|    reward_progress        | 0.0742      |
|    reward_zero_visibility | -0.0161     |
|    stray_count            | 0.26        |
|    success_rate           | 0.32        |
|    visibility_ratio       | 0.743       |
| rollout/                  |             |
|    ep_len_mean            | 568         |
|    ep_rew_mean            | 714         |
| time/                     |             |
|    fps                    | 127         |
|    iterations             | 76          |
|    time_elapsed           | 1831        |
|    total_timesteps        | 233472      |
| train/                    |             |
|    approx_kl              | 0.059449058 |
|    clip_fraction          | 0.283       |
|    clip_range             | 0.2         |
|    entropy_loss           | -2.41       |
|    explained_variance     | 0.825       |
|    learning_rate          | 0.000185    |
|    loss                   | -0.0529     |
|    n_updates              | 750         |
|    policy_gradient_loss   | -0.0199     |
|    std                    | 0.807       |
|    value_loss             | 0.0225      |
-------------------------------------------
----------------------------------------
| curriculum/             |            |
|    stage                | 0.33       |
| rollout/                |            |
|    ep_len_mean          | 567        |
|    ep_rew_mean          | 714        |
| time/                   |            |
|    fps                  | 128        |
|    iterations           | 77         |
|    time_elapsed         | 1846       |
|    total_timesteps      | 236544     |
| train/                  |            |
|    approx_kl            | 0.04027655 |
|    clip_fraction        | 0.257      |
|    clip_range           | 0.2        |
|    entropy_loss         | -2.41      |
|    explained_variance   | 0.702      |
|    learning_rate        | 0.000183   |
|    loss                 | -0.0443    |
|    n_updates            | 760        |
|    policy_gradient_loss | -0.0242    |
|    std                  | 0.806      |
|    value_loss           | 0.0246     |
----------------------------------------
[Step   239616] SR=0.310 | FracGoal=0.398 | Ret=717.18 | Vis=0.74 | Prog=0.074 | CollEvt=24.61 | Stage=0.33
------------------------------------------
| curriculum/               |            |
|    stage                  | 0.33       |
| research/                 |            |
|    collision_count        | 139        |
|    collision_event_count  | 24.6       |
|    curriculum_stage       | 0.33       |
|    episode_length         | 572        |
|    episode_return         | 717        |
|    fraction_at_goal       | 0.398      |
|    reward_collision       | -0.0132    |
|    reward_progress        | 0.0744     |
|    reward_zero_visibility | -0.0161    |
|    stray_count            | 0.27       |
|    success_rate           | 0.31       |
|    visibility_ratio       | 0.741      |
| rollout/                  |            |
|    ep_len_mean            | 572        |
|    ep_rew_mean            | 717        |
| time/                     |            |
|    fps                    | 128        |
|    iterations             | 78         |
|    time_elapsed           | 1865       |
|    total_timesteps        | 239616     |
| train/                    |            |
|    approx_kl              | 0.03737016 |
|    clip_fraction          | 0.276      |
|    clip_range             | 0.2        |
|    entropy_loss           | -2.4       |
|    explained_variance     | 0.834      |
|    learning_rate          | 0.000182   |
|    loss                   | -0.0433    |
|    n_updates              | 770        |
|    policy_gradient_loss   | -0.025     |
|    std                    | 0.802      |
|    value_loss             | 0.017      |
------------------------------------------
-----------------------------------------
| curriculum/             |             |
|    stage                | 0.33        |
| rollout/                |             |
|    ep_len_mean          | 583         |
|    ep_rew_mean          | 732         |
| time/                   |             |
|    fps                  | 128         |
|    iterations           | 79          |
|    time_elapsed         | 1885        |
|    total_timesteps      | 242688      |
| train/                  |             |
|    approx_kl            | 0.046959486 |
|    clip_fraction        | 0.264       |
|    clip_range           | 0.2         |
|    entropy_loss         | -2.4        |
|    explained_variance   | 0.664       |
|    learning_rate        | 0.00018     |
|    loss                 | -0.0526     |
|    n_updates            | 780         |
|    policy_gradient_loss | -0.0257     |
|    std                  | 0.802       |
|    value_loss           | 0.0195      |
-----------------------------------------
[Step   245760] SR=0.280 | FracGoal=0.370 | Ret=741.27 | Vis=0.74 | Prog=0.069 | CollEvt=24.09 | Stage=0.33
-------------------------------------------
| curriculum/               |             |
|    stage                  | 0.33        |
| research/                 |             |
|    collision_count        | 142         |
|    collision_event_count  | 24.1        |
|    curriculum_stage       | 0.33        |
|    episode_length         | 589         |
|    episode_return         | 741         |
|    fraction_at_goal       | 0.37        |
|    reward_collision       | -0.013      |
|    reward_progress        | 0.0686      |
|    reward_zero_visibility | -0.0171     |
|    stray_count            | 0.24        |
|    success_rate           | 0.28        |
|    visibility_ratio       | 0.739       |
| rollout/                  |             |
|    ep_len_mean            | 589         |
|    ep_rew_mean            | 741         |
| time/                     |             |
|    fps                    | 129         |
|    iterations             | 80          |
|    time_elapsed           | 1903        |
|    total_timesteps        | 245760      |
| train/                    |             |
|    approx_kl              | 0.053506114 |
|    clip_fraction          | 0.266       |
|    clip_range             | 0.2         |
|    entropy_loss           | -2.39       |
|    explained_variance     | 0.698       |
|    learning_rate          | 0.000179    |
|    loss                   | -0.0803     |
|    n_updates              | 790         |
|    policy_gradient_loss   | -0.0379     |
|    std                    | 0.8         |
|    value_loss             | 0.0197      |
-------------------------------------------
-----------------------------------------
| curriculum/             |             |
|    stage                | 0.33        |
| rollout/                |             |
|    ep_len_mean          | 578         |
|    ep_rew_mean          | 737         |
| time/                   |             |
|    fps                  | 129         |
|    iterations           | 81          |
|    time_elapsed         | 1920        |
|    total_timesteps      | 248832      |
| train/                  |             |
|    approx_kl            | 0.042248897 |
|    clip_fraction        | 0.303       |
|    clip_range           | 0.2         |
|    entropy_loss         | -2.39       |
|    explained_variance   | 0.839       |
|    learning_rate        | 0.000177    |
|    loss                 | -0.0723     |
|    n_updates            | 800         |
|    policy_gradient_loss | -0.0288     |
|    std                  | 0.798       |
|    value_loss           | 0.00809     |
-----------------------------------------
[validation @ 250,080] SR=0.233 | FracGoal=0.344 | MeanDist=4.84 | best=0.358
[Step   251904] SR=0.320 | FracGoal=0.405 | Ret=743.40 | Vis=0.75 | Prog=0.074 | CollEvt=23.20 | Stage=0.33
-----------------------------------------
| curriculum/               |           |
|    stage                  | 0.33      |
| research/                 |           |
|    collision_count        | 143       |
|    collision_event_count  | 23.2      |
|    curriculum_stage       | 0.33      |
|    episode_length         | 577       |
|    episode_return         | 743       |
|    fraction_at_goal       | 0.405     |
|    reward_collision       | -0.0131   |
|    reward_progress        | 0.0737    |
|    reward_zero_visibility | -0.0148   |
|    stray_count            | 0.24      |
|    success_rate           | 0.32      |
|    visibility_ratio       | 0.754     |
| rollout/                  |           |
|    ep_len_mean            | 577       |
|    ep_rew_mean            | 743       |
| time/                     |           |
|    fps                    | 127       |
|    iterations             | 82        |
|    time_elapsed           | 1979      |
|    total_timesteps        | 251904    |
| train/                    |           |
|    approx_kl              | 0.0401441 |
|    clip_fraction          | 0.277     |
|    clip_range             | 0.2       |
|    entropy_loss           | -2.39     |
|    explained_variance     | 0.654     |
|    learning_rate          | 0.000176  |
|    loss                   | -0.0402   |
|    n_updates              | 810       |
|    policy_gradient_loss   | -0.0295   |
|    std                    | 0.798     |
|    value_loss             | 0.0419    |
| validation/               |           |
|    episode_length         | 596       |
|    fraction_at_goal       | 0.344     |
|    mean_dist_to_goal      | 4.84      |
|    success_rate           | 0.233     |
-----------------------------------------
----------------------------------------
| curriculum/             |            |
|    stage                | 0.33       |
| rollout/                |            |
|    ep_len_mean          | 577        |
|    ep_rew_mean          | 743        |
| time/                   |            |
|    fps                  | 127        |
|    iterations           | 83         |
|    time_elapsed         | 2002       |
|    total_timesteps      | 254976     |
| train/                  |            |
|    approx_kl            | 0.04246492 |
|    clip_fraction        | 0.239      |
|    clip_range           | 0.2        |
|    entropy_loss         | -2.38      |
|    explained_variance   | 0.602      |
|    learning_rate        | 0.000174   |
|    loss                 | -0.055     |
|    n_updates            | 820        |
|    policy_gradient_loss | -0.0301    |
|    std                  | 0.795      |
|    value_loss           | 0.0587     |
----------------------------------------
[Step   258048] SR=0.310 | FracGoal=0.403 | Ret=759.08 | Vis=0.76 | Prog=0.073 | CollEvt=23.67 | Stage=0.33
-------------------------------------------
| curriculum/               |             |
|    stage                  | 0.33        |
| research/                 |             |
|    collision_count        | 156         |
|    collision_event_count  | 23.7        |
|    curriculum_stage       | 0.33        |
|    episode_length         | 580         |
|    episode_return         | 759         |
|    fraction_at_goal       | 0.403       |
|    reward_collision       | -0.0139     |
|    reward_progress        | 0.0734      |
|    reward_zero_visibility | -0.0116     |
|    stray_count            | 0.29        |
|    success_rate           | 0.31        |
|    visibility_ratio       | 0.764       |
| rollout/                  |             |
|    ep_len_mean            | 580         |
|    ep_rew_mean            | 759         |
| time/                     |             |
|    fps                    | 128         |
|    iterations             | 84          |
|    time_elapsed           | 2012        |
|    total_timesteps        | 258048      |
| train/                    |             |
|    approx_kl              | 0.045783177 |
|    clip_fraction          | 0.256       |
|    clip_range             | 0.2         |
|    entropy_loss           | -2.38       |
|    explained_variance     | 0.85        |
|    learning_rate          | 0.000173    |
|    loss                   | -0.0662     |
|    n_updates              | 830         |
|    policy_gradient_loss   | -0.0256     |
|    std                    | 0.793       |
|    value_loss             | 0.00923     |
-------------------------------------------
-----------------------------------------
| curriculum/             |             |
|    stage                | 0.33        |
| rollout/                |             |
|    ep_len_mean          | 571         |
|    ep_rew_mean          | 755         |
| time/                   |             |
|    fps                  | 128         |
|    iterations           | 85          |
|    time_elapsed         | 2036        |
|    total_timesteps      | 261120      |
| train/                  |             |
|    approx_kl            | 0.047236122 |
|    clip_fraction        | 0.274       |
|    clip_range           | 0.2         |
|    entropy_loss         | -2.37       |
|    explained_variance   | 0.859       |
|    learning_rate        | 0.000171    |
|    loss                 | -0.0309     |
|    n_updates            | 840         |
|    policy_gradient_loss | -0.0326     |
|    std                  | 0.791       |
|    value_loss           | 0.0101      |
-----------------------------------------
[Step   264192] SR=0.340 | FracGoal=0.437 | Ret=770.60 | Vis=0.76 | Prog=0.073 | CollEvt=23.44 | Stage=0.33
------------------------------------------
| curriculum/               |            |
|    stage                  | 0.33       |
| research/                 |            |
|    collision_count        | 164        |
|    collision_event_count  | 23.4       |
|    curriculum_stage       | 0.33       |
|    episode_length         | 579        |
|    episode_return         | 771        |
|    fraction_at_goal       | 0.437      |
|    reward_collision       | -0.0143    |
|    reward_progress        | 0.0727     |
|    reward_zero_visibility | -0.0129    |
|    stray_count            | 0.26       |
|    success_rate           | 0.34       |
|    visibility_ratio       | 0.762      |
| rollout/                  |            |
|    ep_len_mean            | 579        |
|    ep_rew_mean            | 771        |
| time/                     |            |
|    fps                    | 128        |
|    iterations             | 86         |
|    time_elapsed           | 2056       |
|    total_timesteps        | 264192     |
| train/                    |            |
|    approx_kl              | 0.05423686 |
|    clip_fraction          | 0.28       |
|    clip_range             | 0.2        |
|    entropy_loss           | -2.37      |
|    explained_variance     | 0.601      |
|    learning_rate          | 0.000169   |
|    loss                   | -0.0396    |
|    n_updates              | 850        |
|    policy_gradient_loss   | -0.0314    |
|    std                    | 0.793      |
|    value_loss             | 0.0408     |
------------------------------------------
----------------------------------------
| curriculum/             |            |
|    stage                | 0.33       |
| rollout/                |            |
|    ep_len_mean          | 574        |
|    ep_rew_mean          | 779        |
| time/                   |            |
|    fps                  | 129        |
|    iterations           | 87         |
|    time_elapsed         | 2071       |
|    total_timesteps      | 267264     |
| train/                  |            |
|    approx_kl            | 0.04730122 |
|    clip_fraction        | 0.272      |
|    clip_range           | 0.2        |
|    entropy_loss         | -2.37      |
|    explained_variance   | 0.621      |
|    learning_rate        | 0.000168   |
|    loss                 | -0.0476    |
|    n_updates            | 860        |
|    policy_gradient_loss | -0.0272    |
|    std                  | 0.792      |
|    value_loss           | 0.0401     |
----------------------------------------
Adaptive curriculum advanced to stage 0.66 at timestep 269,676
[Step   270336] SR=0.420 | FracGoal=0.519 | Ret=757.88 | Vis=0.81 | Prog=0.084 | CollEvt=19.76 | Stage=0.40
-------------------------------------------
| curriculum/               |             |
|    stage                  | 0.66        |
| research/                 |             |
|    collision_count        | 149         |
|    collision_event_count  | 19.8        |
|    curriculum_stage       | 0.396       |
|    episode_length         | 544         |
|    episode_return         | 758         |
|    fraction_at_goal       | 0.519       |
|    reward_collision       | -0.0135     |
|    reward_progress        | 0.084       |
|    reward_zero_visibility | -0.00439    |
|    stray_count            | 0.2         |
|    success_rate           | 0.42        |
|    visibility_ratio       | 0.806       |
| rollout/                  |             |
|    ep_len_mean            | 544         |
|    ep_rew_mean            | 758         |
| time/                     |             |
|    fps                    | 129         |
|    iterations             | 88          |
|    time_elapsed           | 2093        |
|    total_timesteps        | 270336      |
| train/                    |             |
|    approx_kl              | 0.036522456 |
|    clip_fraction          | 0.255       |
|    clip_range             | 0.2         |
|    entropy_loss           | -2.37       |
|    explained_variance     | 0.826       |
|    learning_rate          | 0.000166    |
|    loss                   | -0.022      |
|    n_updates              | 870         |
|    policy_gradient_loss   | -0.025      |
|    std                    | 0.79        |
|    value_loss             | 0.0248      |
-------------------------------------------
-----------------------------------------
| curriculum/             |             |
|    stage                | 0.66        |
| rollout/                |             |
|    ep_len_mean          | 533         |
|    ep_rew_mean          | 746         |
| time/                   |             |
|    fps                  | 128         |
|    iterations           | 89          |
|    time_elapsed         | 2121        |
|    total_timesteps      | 273408      |
| train/                  |             |
|    approx_kl            | 0.039297745 |
|    clip_fraction        | 0.225       |
|    clip_range           | 0.2         |
|    entropy_loss         | -2.37       |
|    explained_variance   | 0.664       |
|    learning_rate        | 0.000165    |
|    loss                 | -0.0277     |
|    n_updates            | 880         |
|    policy_gradient_loss | -0.0266     |
|    std                  | 0.79        |
|    value_loss           | 0.0653      |
-----------------------------------------
[validation @ 275,088] SR=0.267 | FracGoal=0.375 | MeanDist=4.21 | best=0.375
[Step   276480] SR=0.430 | FracGoal=0.549 | Ret=749.18 | Vis=0.81 | Prog=0.092 | CollEvt=18.56 | Stage=0.66
-------------------------------------------
| curriculum/               |             |
|    stage                  | 0.66        |
| research/                 |             |
|    collision_count        | 143         |
|    collision_event_count  | 18.6        |
|    curriculum_stage       | 0.66        |
|    episode_length         | 535         |
|    episode_return         | 749         |
|    fraction_at_goal       | 0.549       |
|    reward_collision       | -0.0129     |
|    reward_progress        | 0.0915      |
|    reward_zero_visibility | -0.00424    |
|    stray_count            | 0.2         |
|    success_rate           | 0.43        |
|    visibility_ratio       | 0.814       |
| rollout/                  |             |
|    ep_len_mean            | 535         |
|    ep_rew_mean            | 749         |
| time/                     |             |
|    fps                    | 127         |
|    iterations             | 90          |
|    time_elapsed           | 2170        |
|    total_timesteps        | 276480      |
| train/                    |             |
|    approx_kl              | 0.058417227 |
|    clip_fraction          | 0.269       |
|    clip_range             | 0.2         |
|    entropy_loss           | -2.37       |
|    explained_variance     | 0.66        |
|    learning_rate          | 0.000163    |
|    loss                   | -0.0514     |
|    n_updates              | 890         |
|    policy_gradient_loss   | -0.0284     |
|    std                    | 0.79        |
|    value_loss             | 0.0372      |
| validation/               |             |
|    episode_length         | 599         |
|    fraction_at_goal       | 0.375       |
|    mean_dist_to_goal      | 4.21        |
|    success_rate           | 0.267       |
-------------------------------------------
----------------------------------------
| curriculum/             |            |
|    stage                | 0.66       |
| rollout/                |            |
|    ep_len_mean          | 537        |
|    ep_rew_mean          | 754        |
| time/                   |            |
|    fps                  | 127        |
|    iterations           | 91         |
|    time_elapsed         | 2194       |
|    total_timesteps      | 279552     |
| train/                  |            |
|    approx_kl            | 0.06085411 |
|    clip_fraction        | 0.311      |
|    clip_range           | 0.2        |
|    entropy_loss         | -2.36      |
|    explained_variance   | 0.709      |
|    learning_rate        | 0.000162   |
|    loss                 | -0.0194    |
|    n_updates            | 900        |
|    policy_gradient_loss | -0.0312    |
|    std                  | 0.788      |
|    value_loss           | 0.0309     |
----------------------------------------
[Step   282624] SR=0.410 | FracGoal=0.529 | Ret=753.25 | Vis=0.81 | Prog=0.087 | CollEvt=19.45 | Stage=0.66
-------------------------------------------
| curriculum/               |             |
|    stage                  | 0.66        |
| research/                 |             |
|    collision_count        | 141         |
|    collision_event_count  | 19.5        |
|    curriculum_stage       | 0.66        |
|    episode_length         | 541         |
|    episode_return         | 753         |
|    fraction_at_goal       | 0.529       |
|    reward_collision       | -0.0131     |
|    reward_progress        | 0.0874      |
|    reward_zero_visibility | -0.0045     |
|    stray_count            | 0.21        |
|    success_rate           | 0.41        |
|    visibility_ratio       | 0.807       |
| rollout/                  |             |
|    ep_len_mean            | 541         |
|    ep_rew_mean            | 753         |
| time/                     |             |
|    fps                    | 127         |
|    iterations             | 92          |
|    time_elapsed           | 2213        |
|    total_timesteps        | 282624      |
| train/                    |             |
|    approx_kl              | 0.061679818 |
|    clip_fraction          | 0.297       |
|    clip_range             | 0.2         |
|    entropy_loss           | -2.36       |
|    explained_variance     | 0.656       |
|    learning_rate          | 0.00016     |
|    loss                   | -0.0474     |
|    n_updates              | 910         |
|    policy_gradient_loss   | -0.0307     |
|    std                    | 0.789       |
|    value_loss             | 0.0223      |
-------------------------------------------
---------------------------------------
| curriculum/             |           |
|    stage                | 0.66      |
| rollout/                |           |
|    ep_len_mean          | 539       |
|    ep_rew_mean          | 749       |
| time/                   |           |
|    fps                  | 127       |
|    iterations           | 93        |
|    time_elapsed         | 2234      |
|    total_timesteps      | 285696    |
| train/                  |           |
|    approx_kl            | 0.0686053 |
|    clip_fraction        | 0.372     |
|    clip_range           | 0.2       |
|    entropy_loss         | -2.36     |
|    explained_variance   | 0.673     |
|    learning_rate        | 0.000159  |
|    loss                 | -0.0668   |
|    n_updates            | 920       |
|    policy_gradient_loss | -0.027    |
|    std                  | 0.789     |
|    value_loss           | 0.0306    |
---------------------------------------
[Step   288768] SR=0.410 | FracGoal=0.521 | Ret=754.05 | Vis=0.81 | Prog=0.083 | CollEvt=20.04 | Stage=0.66
------------------------------------------
| curriculum/               |            |
|    stage                  | 0.66       |
| research/                 |            |
|    collision_count        | 135        |
|    collision_event_count  | 20         |
|    curriculum_stage       | 0.66       |
|    episode_length         | 546        |
|    episode_return         | 754        |
|    fraction_at_goal       | 0.521      |
|    reward_collision       | -0.0131    |
|    reward_progress        | 0.0835     |
|    reward_zero_visibility | -0.00374   |
|    stray_count            | 0.31       |
|    success_rate           | 0.41       |
|    visibility_ratio       | 0.814      |
| rollout/                  |            |
|    ep_len_mean            | 546        |
|    ep_rew_mean            | 754        |
| time/                     |            |
|    fps                    | 128        |
|    iterations             | 94         |
|    time_elapsed           | 2251       |
|    total_timesteps        | 288768     |
| train/                    |            |
|    approx_kl              | 0.06205261 |
|    clip_fraction          | 0.334      |
|    clip_range             | 0.2        |
|    entropy_loss           | -2.36      |
|    explained_variance     | 0.602      |
|    learning_rate          | 0.000157   |
|    loss                   | -0.0595    |
|    n_updates              | 930        |
|    policy_gradient_loss   | -0.0276    |
|    std                    | 0.789      |
|    value_loss             | 0.0278     |
------------------------------------------
-----------------------------------------
| curriculum/             |             |
|    stage                | 0.66        |
| rollout/                |             |
|    ep_len_mean          | 549         |
|    ep_rew_mean          | 749         |
| time/                   |             |
|    fps                  | 128         |
|    iterations           | 95          |
|    time_elapsed         | 2270        |
|    total_timesteps      | 291840      |
| train/                  |             |
|    approx_kl            | 0.058059376 |
|    clip_fraction        | 0.301       |
|    clip_range           | 0.2         |
|    entropy_loss         | -2.36       |
|    explained_variance   | 0.659       |
|    learning_rate        | 0.000156    |
|    loss                 | -0.0401     |
|    n_updates            | 940         |
|    policy_gradient_loss | -0.0301     |
|    std                  | 0.787       |
|    value_loss           | 0.0252      |
-----------------------------------------
[Step   294912] SR=0.430 | FracGoal=0.540 | Ret=740.74 | Vis=0.82 | Prog=0.088 | CollEvt=21.04 | Stage=0.66
-------------------------------------------
| curriculum/               |             |
|    stage                  | 0.66        |
| research/                 |             |
|    collision_count        | 132         |
|    collision_event_count  | 21          |
|    curriculum_stage       | 0.66        |
|    episode_length         | 543         |
|    episode_return         | 741         |
|    fraction_at_goal       | 0.54        |
|    reward_collision       | -0.013      |
|    reward_progress        | 0.0876      |
|    reward_zero_visibility | -0.00406    |
|    stray_count            | 0.35        |
|    success_rate           | 0.43        |
|    visibility_ratio       | 0.816       |
| rollout/                  |             |
|    ep_len_mean            | 543         |
|    ep_rew_mean            | 741         |
| time/                     |             |
|    fps                    | 128         |
|    iterations             | 96          |
|    time_elapsed           | 2288        |
|    total_timesteps        | 294912      |
| train/                    |             |
|    approx_kl              | 0.044630595 |
|    clip_fraction          | 0.284       |
|    clip_range             | 0.2         |
|    entropy_loss           | -2.36       |
|    explained_variance     | 0.772       |
|    learning_rate          | 0.000154    |
|    loss                   | -0.0315     |
|    n_updates              | 950         |
|    policy_gradient_loss   | -0.0265     |
|    std                    | 0.786       |
|    value_loss             | 0.0165      |
-------------------------------------------
-----------------------------------------
| curriculum/             |             |
|    stage                | 0.66        |
| rollout/                |             |
|    ep_len_mean          | 544         |
|    ep_rew_mean          | 740         |
| time/                   |             |
|    fps                  | 128         |
|    iterations           | 97          |
|    time_elapsed         | 2311        |
|    total_timesteps      | 297984      |
| train/                  |             |
|    approx_kl            | 0.058049906 |
|    clip_fraction        | 0.303       |
|    clip_range           | 0.2         |
|    entropy_loss         | -2.36       |
|    explained_variance   | 0.65        |
|    learning_rate        | 0.000153    |
|    loss                 | -0.0601     |
|    n_updates            | 960         |
|    policy_gradient_loss | -0.0325     |
|    std                  | 0.785       |
|    value_loss           | 0.0416      |
-----------------------------------------
[validation @ 300,096] SR=0.133 | FracGoal=0.270 | MeanDist=4.21 | best=0.375
[Step   301056] SR=0.420 | FracGoal=0.528 | Ret=737.94 | Vis=0.82 | Prog=0.087 | CollEvt=20.98 | Stage=0.66
------------------------------------------
| curriculum/               |            |
|    stage                  | 0.66       |
| research/                 |            |
|    collision_count        | 136        |
|    collision_event_count  | 21         |
|    curriculum_stage       | 0.66       |
|    episode_length         | 545        |
|    episode_return         | 738        |
|    fraction_at_goal       | 0.528      |
|    reward_collision       | -0.0132    |
|    reward_progress        | 0.0866     |
|    reward_zero_visibility | -0.00283   |
|    stray_count            | 0.46       |
|    success_rate           | 0.42       |
|    visibility_ratio       | 0.825      |
| rollout/                  |            |
|    ep_len_mean            | 545        |
|    ep_rew_mean            | 738        |
| time/                     |            |
|    fps                    | 127        |
|    iterations             | 98         |
|    time_elapsed           | 2363       |
|    total_timesteps        | 301056     |
| train/                    |            |
|    approx_kl              | 0.08969569 |
|    clip_fraction          | 0.342      |
|    clip_range             | 0.2        |
|    entropy_loss           | -2.35      |
|    explained_variance     | 0.791      |
|    learning_rate          | 0.000151   |
|    loss                   | 0.0274     |
|    n_updates              | 970        |
|    policy_gradient_loss   | -0.0277    |
|    std                    | 0.784      |
|    value_loss             | 0.0145     |
| validation/               |            |
|    episode_length         | 640        |
|    fraction_at_goal       | 0.27       |
|    mean_dist_to_goal      | 4.21       |
|    success_rate           | 0.133      |
------------------------------------------
----------------------------------------
| curriculum/             |            |
|    stage                | 0.66       |
| rollout/                |            |
|    ep_len_mean          | 546        |
|    ep_rew_mean          | 734        |
| time/                   |            |
|    fps                  | 127        |
|    iterations           | 99         |
|    time_elapsed         | 2386       |
|    total_timesteps      | 304128     |
| train/                  |            |
|    approx_kl            | 0.04712607 |
|    clip_fraction        | 0.325      |
|    clip_range           | 0.2        |
|    entropy_loss         | -2.35      |
|    explained_variance   | 0.709      |
|    learning_rate        | 0.000149   |
|    loss                 | -0.0379    |
|    n_updates            | 980        |
|    policy_gradient_loss | -0.0308    |
|    std                  | 0.782      |
|    value_loss           | 0.0297     |
----------------------------------------
[Step   307200] SR=0.410 | FracGoal=0.517 | Ret=723.85 | Vis=0.83 | Prog=0.088 | CollEvt=20.49 | Stage=0.66
------------------------------------------
| curriculum/               |            |
|    stage                  | 0.66       |
| research/                 |            |
|    collision_count        | 133        |
|    collision_event_count  | 20.5       |
|    curriculum_stage       | 0.66       |
|    episode_length         | 541        |
|    episode_return         | 724        |
|    fraction_at_goal       | 0.517      |
|    reward_collision       | -0.0129    |
|    reward_progress        | 0.0884     |
|    reward_zero_visibility | -0.00268   |
|    stray_count            | 0.6        |
|    success_rate           | 0.41       |
|    visibility_ratio       | 0.829      |
| rollout/                  |            |
|    ep_len_mean            | 541        |
|    ep_rew_mean            | 724        |
| time/                     |            |
|    fps                    | 127        |
|    iterations             | 100        |
|    time_elapsed           | 2416       |
|    total_timesteps        | 307200     |
| train/                    |            |
|    approx_kl              | 0.05037946 |
|    clip_fraction          | 0.301      |
|    clip_range             | 0.2        |
|    entropy_loss           | -2.35      |
|    explained_variance     | 0.604      |
|    learning_rate          | 0.000148   |
|    loss                   | -0.0557    |
|    n_updates              | 990        |
|    policy_gradient_loss   | -0.0322    |
|    std                    | 0.781      |
|    value_loss             | 0.0349     |
------------------------------------------
-----------------------------------------
| curriculum/             |             |
|    stage                | 0.66        |
| rollout/                |             |
|    ep_len_mean          | 539         |
|    ep_rew_mean          | 723         |
| time/                   |             |
|    fps                  | 127         |
|    iterations           | 101         |
|    time_elapsed         | 2429        |
|    total_timesteps      | 310272      |
| train/                  |             |
|    approx_kl            | 0.062013447 |
|    clip_fraction        | 0.328       |
|    clip_range           | 0.2         |
|    entropy_loss         | -2.34       |
|    explained_variance   | 0.717       |
|    learning_rate        | 0.000146    |
|    loss                 | -0.0495     |
|    n_updates            | 1000        |
|    policy_gradient_loss | -0.0213     |
|    std                  | 0.78        |
|    value_loss           | 0.0194      |
-----------------------------------------
[Step   313344] SR=0.420 | FracGoal=0.521 | Ret=707.71 | Vis=0.82 | Prog=0.094 | CollEvt=18.71 | Stage=0.66
------------------------------------------
| curriculum/               |            |
|    stage                  | 0.66       |
| research/                 |            |
|    collision_count        | 107        |
|    collision_event_count  | 18.7       |
|    curriculum_stage       | 0.66       |
|    episode_length         | 530        |
|    episode_return         | 708        |
|    fraction_at_goal       | 0.521      |
|    reward_collision       | -0.0113    |
|    reward_progress        | 0.0944     |
|    reward_zero_visibility | -0.00665   |
|    stray_count            | 0.55       |
|    success_rate           | 0.42       |
|    visibility_ratio       | 0.817      |
| rollout/                  |            |
|    ep_len_mean            | 530        |
|    ep_rew_mean            | 708        |
| time/                     |            |
|    fps                    | 127        |
|    iterations             | 102        |
|    time_elapsed           | 2454       |
|    total_timesteps        | 313344     |
| train/                    |            |
|    approx_kl              | 0.05374695 |
|    clip_fraction          | 0.301      |
|    clip_range             | 0.2        |
|    entropy_loss           | -2.34      |
|    explained_variance     | 0.839      |
|    learning_rate          | 0.000145   |
|    loss                   | -0.0115    |
|    n_updates              | 1010       |
|    policy_gradient_loss   | -0.0146    |
|    std                    | 0.78       |
|    value_loss             | 0.0232     |
------------------------------------------
----------------------------------------
| curriculum/             |            |
|    stage                | 0.66       |
| rollout/                |            |
|    ep_len_mean          | 541        |
|    ep_rew_mean          | 722        |
| time/                   |            |
|    fps                  | 127        |
|    iterations           | 103        |
|    time_elapsed         | 2485       |
|    total_timesteps      | 316416     |
| train/                  |            |
|    approx_kl            | 0.06495531 |
|    clip_fraction        | 0.276      |
|    clip_range           | 0.2        |
|    entropy_loss         | -2.34      |
|    explained_variance   | 0.702      |
|    learning_rate        | 0.000143   |
|    loss                 | -0.0584    |
|    n_updates            | 1020       |
|    policy_gradient_loss | -0.0231    |
|    std                  | 0.779      |
|    value_loss           | 0.0258     |
----------------------------------------
[Step   319488] SR=0.390 | FracGoal=0.496 | Ret=727.16 | Vis=0.83 | Prog=0.087 | CollEvt=18.93 | Stage=0.66
------------------------------------------
| curriculum/               |            |
|    stage                  | 0.66       |
| research/                 |            |
|    collision_count        | 115        |
|    collision_event_count  | 18.9       |
|    curriculum_stage       | 0.66       |
|    episode_length         | 546        |
|    episode_return         | 727        |
|    fraction_at_goal       | 0.496      |
|    reward_collision       | -0.0115    |
|    reward_progress        | 0.0867     |
|    reward_zero_visibility | -0.00502   |
|    stray_count            | 0.61       |
|    success_rate           | 0.39       |
|    visibility_ratio       | 0.829      |
| rollout/                  |            |
|    ep_len_mean            | 546        |
|    ep_rew_mean            | 727        |
| time/                     |            |
|    fps                    | 127        |
|    iterations             | 104        |
|    time_elapsed           | 2502       |
|    total_timesteps        | 319488     |
| train/                    |            |
|    approx_kl              | 0.06605736 |
|    clip_fraction          | 0.285      |
|    clip_range             | 0.2        |
|    entropy_loss           | -2.33      |
|    explained_variance     | 0.76       |
|    learning_rate          | 0.000142   |
|    loss                   | -0.0429    |
|    n_updates              | 1030       |
|    policy_gradient_loss   | -0.0251    |
|    std                    | 0.777      |
|    value_loss             | 0.0319     |
------------------------------------------
-----------------------------------------
| curriculum/             |             |
|    stage                | 0.66        |
| rollout/                |             |
|    ep_len_mean          | 551         |
|    ep_rew_mean          | 730         |
| time/                   |             |
|    fps                  | 128         |
|    iterations           | 105         |
|    time_elapsed         | 2518        |
|    total_timesteps      | 322560      |
| train/                  |             |
|    approx_kl            | 0.039079487 |
|    clip_fraction        | 0.293       |
|    clip_range           | 0.2         |
|    entropy_loss         | -2.33       |
|    explained_variance   | 0.779       |
|    learning_rate        | 0.00014     |
|    loss                 | -0.0797     |
|    n_updates            | 1040        |
|    policy_gradient_loss | -0.0292     |
|    std                  | 0.775       |
|    value_loss           | 0.0119      |
-----------------------------------------
[validation @ 325,104] SR=0.167 | FracGoal=0.260 | MeanDist=4.59 | best=0.375
[Step   325632] SR=0.380 | FracGoal=0.475 | Ret=726.42 | Vis=0.82 | Prog=0.084 | CollEvt=20.10 | Stage=0.66
------------------------------------------
| curriculum/               |            |
|    stage                  | 0.66       |
| research/                 |            |
|    collision_count        | 111        |
|    collision_event_count  | 20.1       |
|    curriculum_stage       | 0.66       |
|    episode_length         | 551        |
|    episode_return         | 726        |
|    fraction_at_goal       | 0.475      |
|    reward_collision       | -0.0115    |
|    reward_progress        | 0.0838     |
|    reward_zero_visibility | -0.00711   |
|    stray_count            | 0.76       |
|    success_rate           | 0.38       |
|    visibility_ratio       | 0.824      |
| rollout/                  |            |
|    ep_len_mean            | 551        |
|    ep_rew_mean            | 726        |
| time/                     |            |
|    fps                    | 126        |
|    iterations             | 106        |
|    time_elapsed           | 2578       |
|    total_timesteps        | 325632     |
| train/                    |            |
|    approx_kl              | 0.05835353 |
|    clip_fraction          | 0.273      |
|    clip_range             | 0.2        |
|    entropy_loss           | -2.32      |
|    explained_variance     | 0.738      |
|    learning_rate          | 0.000139   |
|    loss                   | -0.0504    |
|    n_updates              | 1050       |
|    policy_gradient_loss   | -0.0309    |
|    std                    | 0.772      |
|    value_loss             | 0.0221     |
| validation/               |            |
|    episode_length         | 645        |
|    fraction_at_goal       | 0.26       |
|    mean_dist_to_goal      | 4.59       |
|    success_rate           | 0.167      |
------------------------------------------
-----------------------------------------
| curriculum/             |             |
|    stage                | 0.66        |
| rollout/                |             |
|    ep_len_mean          | 579         |
|    ep_rew_mean          | 759         |
| time/                   |             |
|    fps                  | 126         |
|    iterations           | 107         |
|    time_elapsed         | 2597        |
|    total_timesteps      | 328704      |
| train/                  |             |
|    approx_kl            | 0.047027543 |
|    clip_fraction        | 0.279       |
|    clip_range           | 0.2         |
|    entropy_loss         | -2.32       |
|    explained_variance   | 0.78        |
|    learning_rate        | 0.000137    |
|    loss                 | -0.0673     |
|    n_updates            | 1060        |
|    policy_gradient_loss | -0.0259     |
|    std                  | 0.772       |
|    value_loss           | 0.0117      |
-----------------------------------------
[Step   331776] SR=0.320 | FracGoal=0.416 | Ret=765.00 | Vis=0.82 | Prog=0.068 | CollEvt=21.87 | Stage=0.66
------------------------------------------
| curriculum/               |            |
|    stage                  | 0.66       |
| research/                 |            |
|    collision_count        | 127        |
|    collision_event_count  | 21.9       |
|    curriculum_stage       | 0.66       |
|    episode_length         | 586        |
|    episode_return         | 765        |
|    fraction_at_goal       | 0.416      |
|    reward_collision       | -0.0121    |
|    reward_progress        | 0.0678     |
|    reward_zero_visibility | -0.00714   |
|    stray_count            | 0.79       |
|    success_rate           | 0.32       |
|    visibility_ratio       | 0.825      |
| rollout/                  |            |
|    ep_len_mean            | 586        |
|    ep_rew_mean            | 765        |
| time/                     |            |
|    fps                    | 126        |
|    iterations             | 108        |
|    time_elapsed           | 2620       |
|    total_timesteps        | 331776     |
| train/                    |            |
|    approx_kl              | 0.05518937 |
|    clip_fraction          | 0.293      |
|    clip_range             | 0.2        |
|    entropy_loss           | -2.32      |
|    explained_variance     | 0.705      |
|    learning_rate          | 0.000136   |
|    loss                   | -0.0236    |
|    n_updates              | 1070       |
|    policy_gradient_loss   | -0.024     |
|    std                    | 0.771      |
|    value_loss             | 0.0219     |
------------------------------------------
-----------------------------------------
| curriculum/             |             |
|    stage                | 0.66        |
| rollout/                |             |
|    ep_len_mean          | 586         |
|    ep_rew_mean          | 762         |
| time/                   |             |
|    fps                  | 127         |
|    iterations           | 109         |
|    time_elapsed         | 2636        |
|    total_timesteps      | 334848      |
| train/                  |             |
|    approx_kl            | 0.058146097 |
|    clip_fraction        | 0.277       |
|    clip_range           | 0.2         |
|    entropy_loss         | -2.31       |
|    explained_variance   | 0.849       |
|    learning_rate        | 0.000134    |
|    loss                 | -0.0468     |
|    n_updates            | 1080        |
|    policy_gradient_loss | -0.0264     |
|    std                  | 0.768       |
|    value_loss           | 0.0155      |
-----------------------------------------
[Step   337920] SR=0.300 | FracGoal=0.392 | Ret=774.62 | Vis=0.81 | Prog=0.065 | CollEvt=22.00 | Stage=0.66
-------------------------------------------
| curriculum/               |             |
|    stage                  | 0.66        |
| research/                 |             |
|    collision_count        | 127         |
|    collision_event_count  | 22          |
|    curriculum_stage       | 0.66        |
|    episode_length         | 595         |
|    episode_return         | 775         |
|    fraction_at_goal       | 0.392       |
|    reward_collision       | -0.012      |
|    reward_progress        | 0.0655      |
|    reward_zero_visibility | -0.00863    |
|    stray_count            | 0.82        |
|    success_rate           | 0.3         |
|    visibility_ratio       | 0.815       |
| rollout/                  |             |
|    ep_len_mean            | 595         |
|    ep_rew_mean            | 775         |
| time/                     |             |
|    fps                    | 126         |
|    iterations             | 110         |
|    time_elapsed           | 2660        |
|    total_timesteps        | 337920      |
| train/                    |             |
|    approx_kl              | 0.051532894 |
|    clip_fraction          | 0.303       |
|    clip_range             | 0.2         |
|    entropy_loss           | -2.31       |
|    explained_variance     | 0.693       |
|    learning_rate          | 0.000133    |
|    loss                   | -0.049      |
|    n_updates              | 1090        |
|    policy_gradient_loss   | -0.0237     |
|    std                    | 0.767       |
|    value_loss             | 0.0372      |
-------------------------------------------
----------------------------------------
| curriculum/             |            |
|    stage                | 0.66       |
| rollout/                |            |
|    ep_len_mean          | 587        |
|    ep_rew_mean          | 768        |
| time/                   |            |
|    fps                  | 127        |
|    iterations           | 111        |
|    time_elapsed         | 2680       |
|    total_timesteps      | 340992     |
| train/                  |            |
|    approx_kl            | 0.04874328 |
|    clip_fraction        | 0.294      |
|    clip_range           | 0.2        |
|    entropy_loss         | -2.3       |
|    explained_variance   | 0.761      |
|    learning_rate        | 0.000131   |
|    loss                 | -0.0726    |
|    n_updates            | 1100       |
|    policy_gradient_loss | -0.0331    |
|    std                  | 0.764      |
|    value_loss           | 0.0171     |
----------------------------------------
[Step   344064] SR=0.310 | FracGoal=0.411 | Ret=761.02 | Vis=0.82 | Prog=0.070 | CollEvt=20.31 | Stage=0.66
-------------------------------------------
| curriculum/               |             |
|    stage                  | 0.66        |
| research/                 |             |
|    collision_count        | 121         |
|    collision_event_count  | 20.3        |
|    curriculum_stage       | 0.66        |
|    episode_length         | 584         |
|    episode_return         | 761         |
|    fraction_at_goal       | 0.411       |
|    reward_collision       | -0.0115     |
|    reward_progress        | 0.0701      |
|    reward_zero_visibility | -0.0086     |
|    stray_count            | 0.86        |
|    success_rate           | 0.31        |
|    visibility_ratio       | 0.825       |
| rollout/                  |             |
|    ep_len_mean            | 584         |
|    ep_rew_mean            | 761         |
| time/                     |             |
|    fps                    | 127         |
|    iterations             | 112         |
|    time_elapsed           | 2702        |
|    total_timesteps        | 344064      |
| train/                    |             |
|    approx_kl              | 0.055492837 |
|    clip_fraction          | 0.279       |
|    clip_range             | 0.2         |
|    entropy_loss           | -2.29       |
|    explained_variance     | 0.8         |
|    learning_rate          | 0.00013     |
|    loss                   | -0.0642     |
|    n_updates              | 1110        |
|    policy_gradient_loss   | -0.0313     |
|    std                    | 0.76        |
|    value_loss             | 0.0236      |
-------------------------------------------
----------------------------------------
| curriculum/             |            |
|    stage                | 0.66       |
| rollout/                |            |
|    ep_len_mean          | 572        |
|    ep_rew_mean          | 748        |
| time/                   |            |
|    fps                  | 127        |
|    iterations           | 113        |
|    time_elapsed         | 2727       |
|    total_timesteps      | 347136     |
| train/                  |            |
|    approx_kl            | 0.05501689 |
|    clip_fraction        | 0.306      |
|    clip_range           | 0.2        |
|    entropy_loss         | -2.29      |
|    explained_variance   | 0.813      |
|    learning_rate        | 0.000128   |
|    loss                 | -0.0431    |
|    n_updates            | 1120       |
|    policy_gradient_loss | -0.0292    |
|    std                  | 0.761      |
|    value_loss           | 0.0396     |
----------------------------------------
[validation @ 350,112] SR=0.167 | FracGoal=0.263 | MeanDist=4.68 | best=0.375
[Step   350208] SR=0.320 | FracGoal=0.429 | Ret=756.02 | Vis=0.82 | Prog=0.074 | CollEvt=17.59 | Stage=0.66
------------------------------------------
| curriculum/               |            |
|    stage                  | 0.66       |
| research/                 |            |
|    collision_count        | 110        |
|    collision_event_count  | 17.6       |
|    curriculum_stage       | 0.66       |
|    episode_length         | 571        |
|    episode_return         | 756        |
|    fraction_at_goal       | 0.429      |
|    reward_collision       | -0.0104    |
|    reward_progress        | 0.0743     |
|    reward_zero_visibility | -0.0104    |
|    stray_count            | 0.82       |
|    success_rate           | 0.32       |
|    visibility_ratio       | 0.824      |
| rollout/                  |            |
|    ep_len_mean            | 571        |
|    ep_rew_mean            | 756        |
| time/                     |            |
|    fps                    | 125        |
|    iterations             | 114        |
|    time_elapsed           | 2788       |
|    total_timesteps        | 350208     |
| train/                    |            |
|    approx_kl              | 0.05199584 |
|    clip_fraction          | 0.293      |
|    clip_range             | 0.2        |
|    entropy_loss           | -2.29      |
|    explained_variance     | 0.731      |
|    learning_rate          | 0.000126   |
|    loss                   | -0.0524    |
|    n_updates              | 1130       |
|    policy_gradient_loss   | -0.0198    |
|    std                    | 0.76       |
|    value_loss             | 0.035      |
| validation/               |            |
|    episode_length         | 642        |
|    fraction_at_goal       | 0.263      |
|    mean_dist_to_goal      | 4.68       |
|    success_rate           | 0.167      |
------------------------------------------
----------------------------------------
| curriculum/             |            |
|    stage                | 0.66       |
| rollout/                |            |
|    ep_len_mean          | 575        |
|    ep_rew_mean          | 766        |
| time/                   |            |
|    fps                  | 125        |
|    iterations           | 115        |
|    time_elapsed         | 2807       |
|    total_timesteps      | 353280     |
| train/                  |            |
|    approx_kl            | 0.04199522 |
|    clip_fraction        | 0.244      |
|    clip_range           | 0.2        |
|    entropy_loss         | -2.29      |
|    explained_variance   | 0.759      |
|    learning_rate        | 0.000125   |
|    loss                 | -0.0539    |
|    n_updates            | 1140       |
|    policy_gradient_loss | -0.0307    |
|    std                  | 0.76       |
|    value_loss           | 0.0329     |
----------------------------------------
[Step   356352] SR=0.340 | FracGoal=0.448 | Ret=756.70 | Vis=0.83 | Prog=0.070 | CollEvt=18.14 | Stage=0.66
-------------------------------------------
| curriculum/               |             |
|    stage                  | 0.66        |
| research/                 |             |
|    collision_count        | 106         |
|    collision_event_count  | 18.1        |
|    curriculum_stage       | 0.66        |
|    episode_length         | 566         |
|    episode_return         | 757         |
|    fraction_at_goal       | 0.448       |
|    reward_collision       | -0.0107     |
|    reward_progress        | 0.0697      |
|    reward_zero_visibility | -0.0103     |
|    stray_count            | 0.73        |
|    success_rate           | 0.34        |
|    visibility_ratio       | 0.833       |
| rollout/                  |             |
|    ep_len_mean            | 566         |
|    ep_rew_mean            | 757         |
| time/                     |             |
|    fps                    | 125         |
|    iterations             | 116         |
|    time_elapsed           | 2829        |
|    total_timesteps        | 356352      |
| train/                    |             |
|    approx_kl              | 0.053740785 |
|    clip_fraction          | 0.28        |
|    clip_range             | 0.2         |
|    entropy_loss           | -2.29       |
|    explained_variance     | 0.746       |
|    learning_rate          | 0.000123    |
|    loss                   | -0.0269     |
|    n_updates              | 1150        |
|    policy_gradient_loss   | -0.0336     |
|    std                    | 0.756       |
|    value_loss             | 0.0344      |
-------------------------------------------
-----------------------------------------
| curriculum/             |             |
|    stage                | 0.66        |
| rollout/                |             |
|    ep_len_mean          | 568         |
|    ep_rew_mean          | 757         |
| time/                   |             |
|    fps                  | 126         |
|    iterations           | 117         |
|    time_elapsed         | 2847        |
|    total_timesteps      | 359424      |
| train/                  |             |
|    approx_kl            | 0.050644204 |
|    clip_fraction        | 0.295       |
|    clip_range           | 0.2         |
|    entropy_loss         | -2.28       |
|    explained_variance   | 0.802       |
|    learning_rate        | 0.000122    |
|    loss                 | -0.0638     |
|    n_updates            | 1160        |
|    policy_gradient_loss | -0.033      |
|    std                  | 0.756       |
|    value_loss           | 0.0191      |
-----------------------------------------
[Step   362496] SR=0.330 | FracGoal=0.435 | Ret=765.35 | Vis=0.82 | Prog=0.069 | CollEvt=18.67 | Stage=0.66
------------------------------------------
| curriculum/               |            |
|    stage                  | 0.66       |
| research/                 |            |
|    collision_count        | 111        |
|    collision_event_count  | 18.7       |
|    curriculum_stage       | 0.66       |
|    episode_length         | 571        |
|    episode_return         | 765        |
|    fraction_at_goal       | 0.435      |
|    reward_collision       | -0.0111    |
|    reward_progress        | 0.069      |
|    reward_zero_visibility | -0.0123    |
|    stray_count            | 0.59       |
|    success_rate           | 0.33       |
|    visibility_ratio       | 0.823      |
| rollout/                  |            |
|    ep_len_mean            | 571        |
|    ep_rew_mean            | 765        |
| time/                     |            |
|    fps                    | 126        |
|    iterations             | 118        |
|    time_elapsed           | 2859       |
|    total_timesteps        | 362496     |
| train/                    |            |
|    approx_kl              | 0.07026932 |
|    clip_fraction          | 0.313      |
|    clip_range             | 0.2        |
|    entropy_loss           | -2.28      |
|    explained_variance     | 0.81       |
|    learning_rate          | 0.00012    |
|    loss                   | -0.0315    |
|    n_updates              | 1170       |
|    policy_gradient_loss   | -0.0274    |
|    std                    | 0.755      |
|    value_loss             | 0.0144     |
------------------------------------------
-----------------------------------------
| curriculum/             |             |
|    stage                | 0.66        |
| rollout/                |             |
|    ep_len_mean          | 570         |
|    ep_rew_mean          | 765         |
| time/                   |             |
|    fps                  | 126         |
|    iterations           | 119         |
|    time_elapsed         | 2880        |
|    total_timesteps      | 365568      |
| train/                  |             |
|    approx_kl            | 0.065826826 |
|    clip_fraction        | 0.294       |
|    clip_range           | 0.2         |
|    entropy_loss         | -2.28       |
|    explained_variance   | 0.762       |
|    learning_rate        | 0.000119    |
|    loss                 | -0.0536     |
|    n_updates            | 1180        |
|    policy_gradient_loss | -0.0363     |
|    std                  | 0.754       |
|    value_loss           | 0.0223      |
-----------------------------------------
[Step   368640] SR=0.350 | FracGoal=0.466 | Ret=764.03 | Vis=0.85 | Prog=0.074 | CollEvt=18.93 | Stage=0.66
------------------------------------------
| curriculum/               |            |
|    stage                  | 0.66       |
| research/                 |            |
|    collision_count        | 110        |
|    collision_event_count  | 18.9       |
|    curriculum_stage       | 0.66       |
|    episode_length         | 564        |
|    episode_return         | 764        |
|    fraction_at_goal       | 0.466      |
|    reward_collision       | -0.0111    |
|    reward_progress        | 0.0739     |
|    reward_zero_visibility | -0.00875   |
|    stray_count            | 0.63       |
|    success_rate           | 0.35       |
|    visibility_ratio       | 0.847      |
| rollout/                  |            |
|    ep_len_mean            | 564        |
|    ep_rew_mean            | 764        |
| time/                     |            |
|    fps                    | 126        |
|    iterations             | 120        |
|    time_elapsed           | 2906       |
|    total_timesteps        | 368640     |
| train/                    |            |
|    approx_kl              | 0.03868307 |
|    clip_fraction          | 0.26       |
|    clip_range             | 0.2        |
|    entropy_loss           | -2.27      |
|    explained_variance     | 0.638      |
|    learning_rate          | 0.000117   |
|    loss                   | -0.0502    |
|    n_updates              | 1190       |
|    policy_gradient_loss   | -0.0296    |
|    std                    | 0.751      |
|    value_loss             | 0.0398     |
------------------------------------------
---------------------------------------
| curriculum/             |           |
|    stage                | 0.66      |
| rollout/                |           |
|    ep_len_mean          | 574       |
|    ep_rew_mean          | 778       |
| time/                   |           |
|    fps                  | 127       |
|    iterations           | 121       |
|    time_elapsed         | 2923      |
|    total_timesteps      | 371712    |
| train/                  |           |
|    approx_kl            | 0.0585752 |
|    clip_fraction        | 0.291     |
|    clip_range           | 0.2       |
|    entropy_loss         | -2.26     |
|    explained_variance   | 0.675     |
|    learning_rate        | 0.000116  |
|    loss                 | -0.046    |
|    n_updates            | 1200      |
|    policy_gradient_loss | -0.0268   |
|    std                  | 0.75      |
|    value_loss           | 0.031     |
---------------------------------------
[Step   374784] SR=0.310 | FracGoal=0.442 | Ret=784.08 | Vis=0.84 | Prog=0.066 | CollEvt=19.05 | Stage=0.66
-------------------------------------------
| curriculum/               |             |
|    stage                  | 0.66        |
| research/                 |             |
|    collision_count        | 111         |
|    collision_event_count  | 19          |
|    curriculum_stage       | 0.66        |
|    episode_length         | 581         |
|    episode_return         | 784         |
|    fraction_at_goal       | 0.442       |
|    reward_collision       | -0.011      |
|    reward_progress        | 0.0661      |
|    reward_zero_visibility | -0.00866    |
|    stray_count            | 0.67        |
|    success_rate           | 0.31        |
|    visibility_ratio       | 0.836       |
| rollout/                  |             |
|    ep_len_mean            | 581         |
|    ep_rew_mean            | 784         |
| time/                     |             |
|    fps                    | 127         |
|    iterations             | 122         |
|    time_elapsed           | 2944        |
|    total_timesteps        | 374784      |
| train/                    |             |
|    approx_kl              | 0.036287785 |
|    clip_fraction          | 0.236       |
|    clip_range             | 0.2         |
|    entropy_loss           | -2.26       |
|    explained_variance     | 0.815       |
|    learning_rate          | 0.000114    |
|    loss                   | -0.0433     |
|    n_updates              | 1210        |
|    policy_gradient_loss   | -0.0291     |
|    std                    | 0.748       |
|    value_loss             | 0.0244      |
-------------------------------------------
[validation @ 375,120] SR=0.167 | FracGoal=0.323 | MeanDist=3.98 | best=0.375
----------------------------------------
| curriculum/             |            |
|    stage                | 0.66       |
| rollout/                |            |
|    ep_len_mean          | 580        |
|    ep_rew_mean          | 786        |
| time/                   |            |
|    fps                  | 125        |
|    iterations           | 123        |
|    time_elapsed         | 3002       |
|    total_timesteps      | 377856     |
| train/                  |            |
|    approx_kl            | 0.04222238 |
|    clip_fraction        | 0.26       |
|    clip_range           | 0.2        |
|    entropy_loss         | -2.25      |
|    explained_variance   | 0.819      |
|    learning_rate        | 0.000113   |
|    loss                 | -0.0558    |
|    n_updates            | 1220       |
|    policy_gradient_loss | -0.0331    |
|    std                  | 0.746      |
|    value_loss           | 0.0133     |
| validation/             |            |
|    episode_length       | 615        |
|    fraction_at_goal     | 0.323      |
|    mean_dist_to_goal    | 3.98       |
|    success_rate         | 0.167      |
----------------------------------------
[Step   380928] SR=0.310 | FracGoal=0.447 | Ret=796.64 | Vis=0.83 | Prog=0.064 | CollEvt=18.27 | Stage=0.66
-------------------------------------------
| curriculum/               |             |
|    stage                  | 0.66        |
| research/                 |             |
|    collision_count        | 107         |
|    collision_event_count  | 18.3        |
|    curriculum_stage       | 0.66        |
|    episode_length         | 586         |
|    episode_return         | 797         |
|    fraction_at_goal       | 0.447       |
|    reward_collision       | -0.0105     |
|    reward_progress        | 0.0645      |
|    reward_zero_visibility | -0.00707    |
|    stray_count            | 0.63        |
|    success_rate           | 0.31        |
|    visibility_ratio       | 0.827       |
| rollout/                  |             |
|    ep_len_mean            | 586         |
|    ep_rew_mean            | 797         |
| time/                     |             |
|    fps                    | 126         |
|    iterations             | 124         |
|    time_elapsed           | 3017        |
|    total_timesteps        | 380928      |
| train/                    |             |
|    approx_kl              | 0.039620798 |
|    clip_fraction          | 0.276       |
|    clip_range             | 0.2         |
|    entropy_loss           | -2.25       |
|    explained_variance     | 0.793       |
|    learning_rate          | 0.000111    |
|    loss                   | -0.0316     |
|    n_updates              | 1230        |
|    policy_gradient_loss   | -0.0317     |
|    std                    | 0.743       |
|    value_loss             | 0.0208      |
-------------------------------------------
----------------------------------------
| curriculum/             |            |
|    stage                | 0.66       |
| rollout/                |            |
|    ep_len_mean          | 586        |
|    ep_rew_mean          | 799        |
| time/                   |            |
|    fps                  | 126        |
|    iterations           | 125        |
|    time_elapsed         | 3036       |
|    total_timesteps      | 384000     |
| train/                  |            |
|    approx_kl            | 0.04726387 |
|    clip_fraction        | 0.281      |
|    clip_range           | 0.2        |
|    entropy_loss         | -2.24      |
|    explained_variance   | 0.82       |
|    learning_rate        | 0.00011    |
|    loss                 | -0.0506    |
|    n_updates            | 1240       |
|    policy_gradient_loss | -0.0343    |
|    std                  | 0.741      |
|    value_loss           | 0.0199     |
----------------------------------------
[Step   387072] SR=0.310 | FracGoal=0.453 | Ret=801.21 | Vis=0.83 | Prog=0.065 | CollEvt=18.06 | Stage=0.66
-------------------------------------------
| curriculum/               |             |
|    stage                  | 0.66        |
| research/                 |             |
|    collision_count        | 105         |
|    collision_event_count  | 18.1        |
|    curriculum_stage       | 0.66        |
|    episode_length         | 585         |
|    episode_return         | 801         |
|    fraction_at_goal       | 0.453       |
|    reward_collision       | -0.0104     |
|    reward_progress        | 0.065       |
|    reward_zero_visibility | -0.00662    |
|    stray_count            | 0.55        |
|    success_rate           | 0.31        |
|    visibility_ratio       | 0.828       |
| rollout/                  |             |
|    ep_len_mean            | 585         |
|    ep_rew_mean            | 801         |
| time/                     |             |
|    fps                    | 126         |
|    iterations             | 126         |
|    time_elapsed           | 3055        |
|    total_timesteps        | 387072      |
| train/                    |             |
|    approx_kl              | 0.048439346 |
|    clip_fraction          | 0.275       |
|    clip_range             | 0.2         |
|    entropy_loss           | -2.24       |
|    explained_variance     | 0.793       |
|    learning_rate          | 0.000108    |
|    loss                   | -0.0304     |
|    n_updates              | 1250        |
|    policy_gradient_loss   | -0.0315     |
|    std                    | 0.74        |
|    value_loss             | 0.00966     |
-------------------------------------------
----------------------------------------
| curriculum/             |            |
|    stage                | 0.66       |
| rollout/                |            |
|    ep_len_mean          | 580        |
|    ep_rew_mean          | 794        |
| time/                   |            |
|    fps                  | 126        |
|    iterations           | 127        |
|    time_elapsed         | 3081       |
|    total_timesteps      | 390144     |
| train/                  |            |
|    approx_kl            | 0.05068303 |
|    clip_fraction        | 0.275      |
|    clip_range           | 0.2        |
|    entropy_loss         | -2.23      |
|    explained_variance   | 0.742      |
|    learning_rate        | 0.000106   |
|    loss                 | -0.0527    |
|    n_updates            | 1260       |
|    policy_gradient_loss | -0.0297    |
|    std                  | 0.74       |
|    value_loss           | 0.0197     |
----------------------------------------
[Step   393216] SR=0.340 | FracGoal=0.498 | Ret=786.48 | Vis=0.84 | Prog=0.074 | CollEvt=17.52 | Stage=0.66
-------------------------------------------
| curriculum/               |             |
|    stage                  | 0.66        |
| research/                 |             |
|    collision_count        | 94          |
|    collision_event_count  | 17.5        |
|    curriculum_stage       | 0.66        |
|    episode_length         | 570         |
|    episode_return         | 786         |
|    fraction_at_goal       | 0.498       |
|    reward_collision       | -0.0099     |
|    reward_progress        | 0.0737      |
|    reward_zero_visibility | -0.00505    |
|    stray_count            | 0.54        |
|    success_rate           | 0.34        |
|    visibility_ratio       | 0.836       |
| rollout/                  |             |
|    ep_len_mean            | 570         |
|    ep_rew_mean            | 786         |
| time/                     |             |
|    fps                    | 126         |
|    iterations             | 128         |
|    time_elapsed           | 3097        |
|    total_timesteps        | 393216      |
| train/                    |             |
|    approx_kl              | 0.041770108 |
|    clip_fraction          | 0.26        |
|    clip_range             | 0.2         |
|    entropy_loss           | -2.23       |
|    explained_variance     | 0.78        |
|    learning_rate          | 0.000105    |
|    loss                   | -0.0641     |
|    n_updates              | 1270        |
|    policy_gradient_loss   | -0.0269     |
|    std                    | 0.739       |
|    value_loss             | 0.0264      |
-------------------------------------------
----------------------------------------
| curriculum/             |            |
|    stage                | 0.66       |
| rollout/                |            |
|    ep_len_mean          | 570        |
|    ep_rew_mean          | 786        |
| time/                   |            |
|    fps                  | 126        |
|    iterations           | 129        |
|    time_elapsed         | 3124       |
|    total_timesteps      | 396288     |
| train/                  |            |
|    approx_kl            | 0.04210568 |
|    clip_fraction        | 0.252      |
|    clip_range           | 0.2        |
|    entropy_loss         | -2.23      |
|    explained_variance   | 0.551      |
|    learning_rate        | 0.000103   |
|    loss                 | -0.0344    |
|    n_updates            | 1280       |
|    policy_gradient_loss | -0.0285    |
|    std                  | 0.738      |
|    value_loss           | 0.0439     |
----------------------------------------
[Step   399360] SR=0.320 | FracGoal=0.483 | Ret=801.36 | Vis=0.83 | Prog=0.069 | CollEvt=18.33 | Stage=0.66
-------------------------------------------
| curriculum/               |             |
|    stage                  | 0.66        |
| research/                 |             |
|    collision_count        | 102         |
|    collision_event_count  | 18.3        |
|    curriculum_stage       | 0.66        |
|    episode_length         | 581         |
|    episode_return         | 801         |
|    fraction_at_goal       | 0.483       |
|    reward_collision       | -0.0103     |
|    reward_progress        | 0.0689      |
|    reward_zero_visibility | -0.00505    |
|    stray_count            | 0.56        |
|    success_rate           | 0.32        |
|    visibility_ratio       | 0.834       |
| rollout/                  |             |
|    ep_len_mean            | 581         |
|    ep_rew_mean            | 801         |
| time/                     |             |
|    fps                    | 127         |
|    iterations             | 130         |
|    time_elapsed           | 3134        |
|    total_timesteps        | 399360      |
| train/                    |             |
|    approx_kl              | 0.032662414 |
|    clip_fraction          | 0.278       |
|    clip_range             | 0.2         |
|    entropy_loss           | -2.23       |
|    explained_variance     | 0.82        |
|    learning_rate          | 0.000102    |
|    loss                   | -0.00819    |
|    n_updates              | 1290        |
|    policy_gradient_loss   | -0.0222     |
|    std                    | 0.738       |
|    value_loss             | 0.00694     |
-------------------------------------------
[validation @ 400,128] SR=0.200 | FracGoal=0.344 | MeanDist=4.25 | best=0.375
-----------------------------------------
| curriculum/             |             |
|    stage                | 0.66        |
| rollout/                |             |
|    ep_len_mean          | 579         |
|    ep_rew_mean          | 805         |
| time/                   |             |
|    fps                  | 126         |
|    iterations           | 131         |
|    time_elapsed         | 3186        |
|    total_timesteps      | 402432      |
| train/                  |             |
|    approx_kl            | 0.040304452 |
|    clip_fraction        | 0.245       |
|    clip_range           | 0.2         |
|    entropy_loss         | -2.23       |
|    explained_variance   | 0.767       |
|    learning_rate        | 0.0001      |
|    loss                 | -0.0606     |
|    n_updates            | 1300        |
|    policy_gradient_loss | -0.033      |
|    std                  | 0.737       |
|    value_loss           | 0.0152      |
| validation/             |             |
|    episode_length       | 602         |
|    fraction_at_goal     | 0.344       |
|    mean_dist_to_goal    | 4.25        |
|    success_rate         | 0.2         |
-----------------------------------------
[Step   405504] SR=0.320 | FracGoal=0.488 | Ret=815.62 | Vis=0.84 | Prog=0.070 | CollEvt=18.19 | Stage=0.66
-------------------------------------------
| curriculum/               |             |
|    stage                  | 0.66        |
| research/                 |             |
|    collision_count        | 112         |
|    collision_event_count  | 18.2        |
|    curriculum_stage       | 0.66        |
|    episode_length         | 586         |
|    episode_return         | 816         |
|    fraction_at_goal       | 0.488       |
|    reward_collision       | -0.0106     |
|    reward_progress        | 0.0697      |
|    reward_zero_visibility | -0.00504    |
|    stray_count            | 0.43        |
|    success_rate           | 0.32        |
|    visibility_ratio       | 0.838       |
| rollout/                  |             |
|    ep_len_mean            | 586         |
|    ep_rew_mean            | 816         |
| time/                     |             |
|    fps                    | 126         |
|    iterations             | 132         |
|    time_elapsed           | 3203        |
|    total_timesteps        | 405504      |
| train/                    |             |
|    approx_kl              | 0.050398856 |
|    clip_fraction          | 0.256       |
|    clip_range             | 0.2         |
|    entropy_loss           | -2.23       |
|    explained_variance     | 0.643       |
|    learning_rate          | 9.88e-05    |
|    loss                   | -0.0498     |
|    n_updates              | 1310        |
|    policy_gradient_loss   | -0.04       |
|    std                    | 0.736       |
|    value_loss             | 0.0436      |
-------------------------------------------
----------------------------------------
| curriculum/             |            |
|    stage                | 0.66       |
| rollout/                |            |
|    ep_len_mean          | 578        |
|    ep_rew_mean          | 800        |
| time/                   |            |
|    fps                  | 126        |
|    iterations           | 133        |
|    time_elapsed         | 3219       |
|    total_timesteps      | 408576     |
| train/                  |            |
|    approx_kl            | 0.04701741 |
|    clip_fraction        | 0.287      |
|    clip_range           | 0.2        |
|    entropy_loss         | -2.22      |
|    explained_variance   | 0.679      |
|    learning_rate        | 9.72e-05   |
|    loss                 | -0.0743    |
|    n_updates            | 1320       |
|    policy_gradient_loss | -0.0342    |
|    std                  | 0.734      |
|    value_loss           | 0.0298     |
----------------------------------------
[Step   411648] SR=0.330 | FracGoal=0.481 | Ret=797.57 | Vis=0.84 | Prog=0.076 | CollEvt=17.26 | Stage=0.66
-------------------------------------------
| curriculum/               |             |
|    stage                  | 0.66        |
| research/                 |             |
|    collision_count        | 109         |
|    collision_event_count  | 17.3        |
|    curriculum_stage       | 0.66        |
|    episode_length         | 577         |
|    episode_return         | 798         |
|    fraction_at_goal       | 0.481       |
|    reward_collision       | -0.01       |
|    reward_progress        | 0.0759      |
|    reward_zero_visibility | -0.00306    |
|    stray_count            | 0.54        |
|    success_rate           | 0.33        |
|    visibility_ratio       | 0.842       |
| rollout/                  |             |
|    ep_len_mean            | 577         |
|    ep_rew_mean            | 798         |
| time/                     |             |
|    fps                    | 126         |
|    iterations             | 134         |
|    time_elapsed           | 3244        |
|    total_timesteps        | 411648      |
| train/                    |             |
|    approx_kl              | 0.054073993 |
|    clip_fraction          | 0.253       |
|    clip_range             | 0.2         |
|    entropy_loss           | -2.22       |
|    explained_variance     | 0.619       |
|    learning_rate          | 9.57e-05    |
|    loss                   | -0.0428     |
|    n_updates              | 1330        |
|    policy_gradient_loss   | -0.036      |
|    std                    | 0.734       |
|    value_loss             | 0.0384      |
-------------------------------------------
----------------------------------------
| curriculum/             |            |
|    stage                | 0.66       |
| rollout/                |            |
|    ep_len_mean          | 577        |
|    ep_rew_mean          | 797        |
| time/                   |            |
|    fps                  | 126        |
|    iterations           | 135        |
|    time_elapsed         | 3272       |
|    total_timesteps      | 414720     |
| train/                  |            |
|    approx_kl            | 0.04427715 |
|    clip_fraction        | 0.246      |
|    clip_range           | 0.2        |
|    entropy_loss         | -2.22      |
|    explained_variance   | 0.5        |
|    learning_rate        | 9.42e-05   |
|    loss                 | -0.0425    |
|    n_updates            | 1340       |
|    policy_gradient_loss | -0.0344    |
|    std                  | 0.732      |
|    value_loss           | 0.0383     |
----------------------------------------
[Step   417792] SR=0.330 | FracGoal=0.495 | Ret=796.47 | Vis=0.85 | Prog=0.078 | CollEvt=19.29 | Stage=0.66
-------------------------------------------
| curriculum/               |             |
|    stage                  | 0.66        |
| research/                 |             |
|    collision_count        | 110         |
|    collision_event_count  | 19.3        |
|    curriculum_stage       | 0.66        |
|    episode_length         | 574         |
|    episode_return         | 796         |
|    fraction_at_goal       | 0.495       |
|    reward_collision       | -0.0105     |
|    reward_progress        | 0.0777      |
|    reward_zero_visibility | -0.000948   |
|    stray_count            | 0.58        |
|    success_rate           | 0.33        |
|    visibility_ratio       | 0.847       |
| rollout/                  |             |
|    ep_len_mean            | 574         |
|    ep_rew_mean            | 796         |
| time/                     |             |
|    fps                    | 127         |
|    iterations             | 136         |
|    time_elapsed           | 3286        |
|    total_timesteps        | 417792      |
| train/                    |             |
|    approx_kl              | 0.041501727 |
|    clip_fraction          | 0.27        |
|    clip_range             | 0.2         |
|    entropy_loss           | -2.21       |
|    explained_variance     | 0.684       |
|    learning_rate          | 9.26e-05    |
|    loss                   | -0.0291     |
|    n_updates              | 1350        |
|    policy_gradient_loss   | -0.0354     |
|    std                    | 0.73        |
|    value_loss             | 0.0226      |
-------------------------------------------
-----------------------------------------
| curriculum/             |             |
|    stage                | 0.66        |
| rollout/                |             |
|    ep_len_mean          | 588         |
|    ep_rew_mean          | 809         |
| time/                   |             |
|    fps                  | 127         |
|    iterations           | 137         |
|    time_elapsed         | 3303        |
|    total_timesteps      | 420864      |
| train/                  |             |
|    approx_kl            | 0.032891206 |
|    clip_fraction        | 0.229       |
|    clip_range           | 0.2         |
|    entropy_loss         | -2.21       |
|    explained_variance   | 0.693       |
|    learning_rate        | 9.11e-05    |
|    loss                 | -0.0736     |
|    n_updates            | 1360        |
|    policy_gradient_loss | -0.0355     |
|    std                  | 0.729       |
|    value_loss           | 0.0188      |
-----------------------------------------
[Step   423936] SR=0.320 | FracGoal=0.486 | Ret=802.14 | Vis=0.83 | Prog=0.070 | CollEvt=18.06 | Stage=0.66
-------------------------------------------
| curriculum/               |             |
|    stage                  | 0.66        |
| research/                 |             |
|    collision_count        | 113         |
|    collision_event_count  | 18.1        |
|    curriculum_stage       | 0.66        |
|    episode_length         | 583         |
|    episode_return         | 802         |
|    fraction_at_goal       | 0.486       |
|    reward_collision       | -0.0104     |
|    reward_progress        | 0.0696      |
|    reward_zero_visibility | -0.00109    |
|    stray_count            | 0.69        |
|    success_rate           | 0.32        |
|    visibility_ratio       | 0.826       |
| rollout/                  |             |
|    ep_len_mean            | 583         |
|    ep_rew_mean            | 802         |
| time/                     |             |
|    fps                    | 127         |
|    iterations             | 138         |
|    time_elapsed           | 3327        |
|    total_timesteps        | 423936      |
| train/                    |             |
|    approx_kl              | 0.046013664 |
|    clip_fraction          | 0.258       |
|    clip_range             | 0.2         |
|    entropy_loss           | -2.2        |
|    explained_variance     | 0.617       |
|    learning_rate          | 8.96e-05    |
|    loss                   | -0.0569     |
|    n_updates              | 1370        |
|    policy_gradient_loss   | -0.0384     |
|    std                    | 0.727       |
|    value_loss             | 0.0173      |
-------------------------------------------
[validation @ 425,136] SR=0.200 | FracGoal=0.322 | MeanDist=4.04 | best=0.375
----------------------------------------
| curriculum/             |            |
|    stage                | 0.66       |
| rollout/                |            |
|    ep_len_mean          | 594        |
|    ep_rew_mean          | 812        |
| time/                   |            |
|    fps                  | 126        |
|    iterations           | 139        |
|    time_elapsed         | 3384       |
|    total_timesteps      | 427008     |
| train/                  |            |
|    approx_kl            | 0.04499475 |
|    clip_fraction        | 0.244      |
|    clip_range           | 0.2        |
|    entropy_loss         | -2.2       |
|    explained_variance   | 0.651      |
|    learning_rate        | 8.8e-05    |
|    loss                 | -0.0449    |
|    n_updates            | 1380       |
|    policy_gradient_loss | -0.0355    |
|    std                  | 0.727      |
|    value_loss           | 0.0364     |
| validation/             |            |
|    episode_length       | 616        |
|    fraction_at_goal     | 0.322      |
|    mean_dist_to_goal    | 4.04       |
|    success_rate         | 0.2        |
----------------------------------------
[Step   430080] SR=0.310 | FracGoal=0.467 | Ret=805.55 | Vis=0.83 | Prog=0.069 | CollEvt=18.35 | Stage=0.66
-------------------------------------------
| curriculum/               |             |
|    stage                  | 0.66        |
| research/                 |             |
|    collision_count        | 117         |
|    collision_event_count  | 18.4        |
|    curriculum_stage       | 0.66        |
|    episode_length         | 590         |
|    episode_return         | 806         |
|    fraction_at_goal       | 0.467       |
|    reward_collision       | -0.0106     |
|    reward_progress        | 0.0687      |
|    reward_zero_visibility | -0.00104    |
|    stray_count            | 0.77        |
|    success_rate           | 0.31        |
|    visibility_ratio       | 0.832       |
| rollout/                  |             |
|    ep_len_mean            | 590         |
|    ep_rew_mean            | 806         |
| time/                     |             |
|    fps                    | 126         |
|    iterations             | 140         |
|    time_elapsed           | 3407        |
|    total_timesteps        | 430080      |
| train/                    |             |
|    approx_kl              | 0.031351935 |
|    clip_fraction          | 0.22        |
|    clip_range             | 0.2         |
|    entropy_loss           | -2.2        |
|    explained_variance     | 0.652       |
|    learning_rate          | 8.65e-05    |
|    loss                   | -0.0532     |
|    n_updates              | 1390        |
|    policy_gradient_loss   | -0.0335     |
|    std                    | 0.726       |
|    value_loss             | 0.027       |
-------------------------------------------
-----------------------------------------
| curriculum/             |             |
|    stage                | 0.66        |
| rollout/                |             |
|    ep_len_mean          | 590         |
|    ep_rew_mean          | 802         |
| time/                   |             |
|    fps                  | 126         |
|    iterations           | 141         |
|    time_elapsed         | 3424        |
|    total_timesteps      | 433152      |
| train/                  |             |
|    approx_kl            | 0.038835935 |
|    clip_fraction        | 0.242       |
|    clip_range           | 0.2         |
|    entropy_loss         | -2.2        |
|    explained_variance   | 0.579       |
|    learning_rate        | 8.5e-05     |
|    loss                 | -0.0639     |
|    n_updates            | 1400        |
|    policy_gradient_loss | -0.023      |
|    std                  | 0.726       |
|    value_loss           | 0.0383      |
-----------------------------------------
[Step   436224] SR=0.300 | FracGoal=0.440 | Ret=802.50 | Vis=0.84 | Prog=0.068 | CollEvt=17.93 | Stage=0.66
-------------------------------------------
| curriculum/               |             |
|    stage                  | 0.66        |
| research/                 |             |
|    collision_count        | 125         |
|    collision_event_count  | 17.9        |
|    curriculum_stage       | 0.66        |
|    episode_length         | 592         |
|    episode_return         | 802         |
|    fraction_at_goal       | 0.44        |
|    reward_collision       | -0.0108     |
|    reward_progress        | 0.068       |
|    reward_zero_visibility | -0.000874   |
|    stray_count            | 0.77        |
|    success_rate           | 0.3         |
|    visibility_ratio       | 0.843       |
| rollout/                  |             |
|    ep_len_mean            | 592         |
|    ep_rew_mean            | 802         |
| time/                     |             |
|    fps                    | 126         |
|    iterations             | 142         |
|    time_elapsed           | 3443        |
|    total_timesteps        | 436224      |
| train/                    |             |
|    approx_kl              | 0.039775304 |
|    clip_fraction          | 0.241       |
|    clip_range             | 0.2         |
|    entropy_loss           | -2.2        |
|    explained_variance     | 0.771       |
|    learning_rate          | 8.34e-05    |
|    loss                   | -0.0595     |
|    n_updates              | 1410        |
|    policy_gradient_loss   | -0.0375     |
|    std                    | 0.724       |
|    value_loss             | 0.0267      |
-------------------------------------------
----------------------------------------
| curriculum/             |            |
|    stage                | 0.66       |
| rollout/                |            |
|    ep_len_mean          | 585        |
|    ep_rew_mean          | 791        |
| time/                   |            |
|    fps                  | 126        |
|    iterations           | 143        |
|    time_elapsed         | 3465       |
|    total_timesteps      | 439296     |
| train/                  |            |
|    approx_kl            | 0.05302973 |
|    clip_fraction        | 0.276      |
|    clip_range           | 0.2        |
|    entropy_loss         | -2.19      |
|    explained_variance   | 0.835      |
|    learning_rate        | 8.19e-05   |
|    loss                 | -0.0802    |
|    n_updates            | 1420       |
|    policy_gradient_loss | -0.0373    |
|    std                  | 0.723      |
|    value_loss           | 0.0139     |
----------------------------------------
[Step   442368] SR=0.310 | FracGoal=0.445 | Ret=790.72 | Vis=0.85 | Prog=0.069 | CollEvt=17.82 | Stage=0.66
-------------------------------------------
| curriculum/               |             |
|    stage                  | 0.66        |
| research/                 |             |
|    collision_count        | 129         |
|    collision_event_count  | 17.8        |
|    curriculum_stage       | 0.66        |
|    episode_length         | 585         |
|    episode_return         | 791         |
|    fraction_at_goal       | 0.445       |
|    reward_collision       | -0.011      |
|    reward_progress        | 0.0695      |
|    reward_zero_visibility | -0.000938   |
|    stray_count            | 0.71        |
|    success_rate           | 0.31        |
|    visibility_ratio       | 0.853       |
| rollout/                  |             |
|    ep_len_mean            | 585         |
|    ep_rew_mean            | 791         |
| time/                     |             |
|    fps                    | 126         |
|    iterations             | 144         |
|    time_elapsed           | 3491        |
|    total_timesteps        | 442368      |
| train/                    |             |
|    approx_kl              | 0.030454967 |
|    clip_fraction          | 0.221       |
|    clip_range             | 0.2         |
|    entropy_loss           | -2.19       |
|    explained_variance     | 0.711       |
|    learning_rate          | 8.04e-05    |
|    loss                   | -0.0379     |
|    n_updates              | 1430        |
|    policy_gradient_loss   | -0.0334     |
|    std                    | 0.722       |
|    value_loss             | 0.0255      |
-------------------------------------------
----------------------------------------
| curriculum/             |            |
|    stage                | 0.66       |
| rollout/                |            |
|    ep_len_mean          | 583        |
|    ep_rew_mean          | 783        |
| time/                   |            |
|    fps                  | 127        |
|    iterations           | 145        |
|    time_elapsed         | 3500       |
|    total_timesteps      | 445440     |
| train/                  |            |
|    approx_kl            | 0.03597202 |
|    clip_fraction        | 0.239      |
|    clip_range           | 0.2        |
|    entropy_loss         | -2.18      |
|    explained_variance   | 0.667      |
|    learning_rate        | 7.88e-05   |
|    loss                 | -0.0851    |
|    n_updates            | 1440       |
|    policy_gradient_loss | -0.0334    |
|    std                  | 0.721      |
|    value_loss           | 0.0168     |
----------------------------------------
[Step   448512] SR=0.310 | FracGoal=0.447 | Ret=779.74 | Vis=0.85 | Prog=0.073 | CollEvt=17.29 | Stage=0.66
------------------------------------------
| curriculum/               |            |
|    stage                  | 0.66       |
| research/                 |            |
|    collision_count        | 123        |
|    collision_event_count  | 17.3       |
|    curriculum_stage       | 0.66       |
|    episode_length         | 583        |
|    episode_return         | 780        |
|    fraction_at_goal       | 0.447      |
|    reward_collision       | -0.0105    |
|    reward_progress        | 0.0728     |
|    reward_zero_visibility | -0.00109   |
|    stray_count            | 0.86       |
|    success_rate           | 0.31       |
|    visibility_ratio       | 0.847      |
| rollout/                  |            |
|    ep_len_mean            | 583        |
|    ep_rew_mean            | 780        |
| time/                     |            |
|    fps                    | 127        |
|    iterations             | 146        |
|    time_elapsed           | 3526       |
|    total_timesteps        | 448512     |
| train/                    |            |
|    approx_kl              | 0.03316602 |
|    clip_fraction          | 0.221      |
|    clip_range             | 0.2        |
|    entropy_loss           | -2.18      |
|    explained_variance     | 0.603      |
|    learning_rate          | 7.73e-05   |
|    loss                   | -0.0542    |
|    n_updates              | 1450       |
|    policy_gradient_loss   | -0.0327    |
|    std                    | 0.72       |
|    value_loss             | 0.035      |
------------------------------------------
[validation @ 450,144] SR=0.167 | FracGoal=0.287 | MeanDist=4.66 | best=0.375
-----------------------------------------
| curriculum/             |             |
|    stage                | 0.66        |
| rollout/                |             |
|    ep_len_mean          | 588         |
|    ep_rew_mean          | 785         |
| time/                   |             |
|    fps                  | 125         |
|    iterations           | 147         |
|    time_elapsed         | 3591        |
|    total_timesteps      | 451584      |
| train/                  |             |
|    approx_kl            | 0.047412287 |
|    clip_fraction        | 0.274       |
|    clip_range           | 0.2         |
|    entropy_loss         | -2.18       |
|    explained_variance   | 0.785       |
|    learning_rate        | 7.57e-05    |
|    loss                 | -0.0353     |
|    n_updates            | 1460        |
|    policy_gradient_loss | -0.0253     |
|    std                  | 0.72        |
|    value_loss           | 0.0295      |
| validation/             |             |
|    episode_length       | 643         |
|    fraction_at_goal     | 0.287       |
|    mean_dist_to_goal    | 4.66        |
|    success_rate         | 0.167       |
-----------------------------------------
[Step   454656] SR=0.290 | FracGoal=0.430 | Ret=783.36 | Vis=0.85 | Prog=0.067 | CollEvt=16.91 | Stage=0.66
------------------------------------------
| curriculum/               |            |
|    stage                  | 0.66       |
| research/                 |            |
|    collision_count        | 126        |
|    collision_event_count  | 16.9       |
|    curriculum_stage       | 0.66       |
|    episode_length         | 589        |
|    episode_return         | 783        |
|    fraction_at_goal       | 0.43       |
|    reward_collision       | -0.0104    |
|    reward_progress        | 0.0673     |
|    reward_zero_visibility | -0.00197   |
|    stray_count            | 0.9        |
|    success_rate           | 0.29       |
|    visibility_ratio       | 0.849      |
| rollout/                  |            |
|    ep_len_mean            | 589        |
|    ep_rew_mean            | 783        |
| time/                     |            |
|    fps                    | 125        |
|    iterations             | 148        |
|    time_elapsed           | 3611       |
|    total_timesteps        | 454656     |
| train/                    |            |
|    approx_kl              | 0.03772601 |
|    clip_fraction          | 0.223      |
|    clip_range             | 0.2        |
|    entropy_loss           | -2.18      |
|    explained_variance     | 0.74       |
|    learning_rate          | 7.42e-05   |
|    loss                   | -0.0238    |
|    n_updates              | 1470       |
|    policy_gradient_loss   | -0.0281    |
|    std                    | 0.72       |
|    value_loss             | 0.0227     |
------------------------------------------
-----------------------------------------
| curriculum/             |             |
|    stage                | 0.66        |
| rollout/                |             |
|    ep_len_mean          | 576         |
|    ep_rew_mean          | 770         |
| time/                   |             |
|    fps                  | 126         |
|    iterations           | 149         |
|    time_elapsed         | 3629        |
|    total_timesteps      | 457728      |
| train/                  |             |
|    approx_kl            | 0.049754683 |
|    clip_fraction        | 0.231       |
|    clip_range           | 0.2         |
|    entropy_loss         | -2.18       |
|    explained_variance   | 0.831       |
|    learning_rate        | 7.27e-05    |
|    loss                 | -0.0681     |
|    n_updates            | 1480        |
|    policy_gradient_loss | -0.0279     |
|    std                  | 0.718       |
|    value_loss           | 0.0125      |
-----------------------------------------
[Step   460800] SR=0.320 | FracGoal=0.446 | Ret=768.68 | Vis=0.85 | Prog=0.070 | CollEvt=16.66 | Stage=0.66
-------------------------------------------
| curriculum/               |             |
|    stage                  | 0.66        |
| research/                 |             |
|    collision_count        | 117         |
|    collision_event_count  | 16.7        |
|    curriculum_stage       | 0.66        |
|    episode_length         | 576         |
|    episode_return         | 769         |
|    fraction_at_goal       | 0.446       |
|    reward_collision       | -0.0102     |
|    reward_progress        | 0.0695      |
|    reward_zero_visibility | -0.00197    |
|    stray_count            | 0.9         |
|    success_rate           | 0.32        |
|    visibility_ratio       | 0.846       |
| rollout/                  |             |
|    ep_len_mean            | 576         |
|    ep_rew_mean            | 769         |
| time/                     |             |
|    fps                    | 126         |
|    iterations             | 150         |
|    time_elapsed           | 3655        |
|    total_timesteps        | 460800      |
| train/                    |             |
|    approx_kl              | 0.032038428 |
|    clip_fraction          | 0.215       |
|    clip_range             | 0.2         |
|    entropy_loss           | -2.17       |
|    explained_variance     | 0.761       |
|    learning_rate          | 7.11e-05    |
|    loss                   | -0.0577     |
|    n_updates              | 1490        |
|    policy_gradient_loss   | -0.0275     |
|    std                    | 0.717       |
|    value_loss             | 0.0374      |
-------------------------------------------
-----------------------------------------
| curriculum/             |             |
|    stage                | 0.66        |
| rollout/                |             |
|    ep_len_mean          | 578         |
|    ep_rew_mean          | 771         |
| time/                   |             |
|    fps                  | 126         |
|    iterations           | 151         |
|    time_elapsed         | 3670        |
|    total_timesteps      | 463872      |
| train/                  |             |
|    approx_kl            | 0.033968955 |
|    clip_fraction        | 0.212       |
|    clip_range           | 0.2         |
|    entropy_loss         | -2.17       |
|    explained_variance   | 0.586       |
|    learning_rate        | 6.96e-05    |
|    loss                 | -0.0472     |
|    n_updates            | 1500        |
|    policy_gradient_loss | -0.0208     |
|    std                  | 0.718       |
|    value_loss           | 0.0316      |
-----------------------------------------
[Step   466944] SR=0.300 | FracGoal=0.430 | Ret=776.11 | Vis=0.85 | Prog=0.071 | CollEvt=16.66 | Stage=0.66
-------------------------------------------
| curriculum/               |             |
|    stage                  | 0.66        |
| research/                 |             |
|    collision_count        | 114         |
|    collision_event_count  | 16.7        |
|    curriculum_stage       | 0.66        |
|    episode_length         | 581         |
|    episode_return         | 776         |
|    fraction_at_goal       | 0.43        |
|    reward_collision       | -0.00997    |
|    reward_progress        | 0.0705      |
|    reward_zero_visibility | -0.00199    |
|    stray_count            | 0.86        |
|    success_rate           | 0.3         |
|    visibility_ratio       | 0.847       |
| rollout/                  |             |
|    ep_len_mean            | 581         |
|    ep_rew_mean            | 776         |
| time/                     |             |
|    fps                    | 126         |
|    iterations             | 152         |
|    time_elapsed           | 3691        |
|    total_timesteps        | 466944      |
| train/                    |             |
|    approx_kl              | 0.029429484 |
|    clip_fraction          | 0.216       |
|    clip_range             | 0.2         |
|    entropy_loss           | -2.17       |
|    explained_variance     | 0.728       |
|    learning_rate          | 6.81e-05    |
|    loss                   | -0.0581     |
|    n_updates              | 1510        |
|    policy_gradient_loss   | -0.0304     |
|    std                    | 0.717       |
|    value_loss             | 0.0318      |
-------------------------------------------
-----------------------------------------
| curriculum/             |             |
|    stage                | 0.66        |
| rollout/                |             |
|    ep_len_mean          | 594         |
|    ep_rew_mean          | 793         |
| time/                   |             |
|    fps                  | 126         |
|    iterations           | 153         |
|    time_elapsed         | 3707        |
|    total_timesteps      | 470016      |
| train/                  |             |
|    approx_kl            | 0.033648424 |
|    clip_fraction        | 0.237       |
|    clip_range           | 0.2         |
|    entropy_loss         | -2.17       |
|    explained_variance   | 0.765       |
|    learning_rate        | 6.65e-05    |
|    loss                 | -0.0471     |
|    n_updates            | 1520        |
|    policy_gradient_loss | -0.0306     |
|    std                  | 0.716       |
|    value_loss           | 0.0157      |
-----------------------------------------
[Step   473088] SR=0.270 | FracGoal=0.414 | Ret=794.96 | Vis=0.84 | Prog=0.067 | CollEvt=16.92 | Stage=0.66
-------------------------------------------
| curriculum/               |             |
|    stage                  | 0.66        |
| research/                 |             |
|    collision_count        | 112         |
|    collision_event_count  | 16.9        |
|    curriculum_stage       | 0.66        |
|    episode_length         | 593         |
|    episode_return         | 795         |
|    fraction_at_goal       | 0.414       |
|    reward_collision       | -0.00995    |
|    reward_progress        | 0.0668      |
|    reward_zero_visibility | -0.00409    |
|    stray_count            | 0.87        |
|    success_rate           | 0.27        |
|    visibility_ratio       | 0.842       |
| rollout/                  |             |
|    ep_len_mean            | 593         |
|    ep_rew_mean            | 795         |
| time/                     |             |
|    fps                    | 126         |
|    iterations             | 154         |
|    time_elapsed           | 3729        |
|    total_timesteps        | 473088      |
| train/                    |             |
|    approx_kl              | 0.029081706 |
|    clip_fraction          | 0.223       |
|    clip_range             | 0.2         |
|    entropy_loss           | -2.17       |
|    explained_variance     | 0.821       |
|    learning_rate          | 6.5e-05     |
|    loss                   | -0.057      |
|    n_updates              | 1530        |
|    policy_gradient_loss   | -0.0211     |
|    std                    | 0.715       |
|    value_loss             | 0.0134      |
-------------------------------------------
[validation @ 475,152] SR=0.267 | FracGoal=0.370 | MeanDist=4.03 | best=0.375
-----------------------------------------
| curriculum/             |             |
|    stage                | 0.66        |
| rollout/                |             |
|    ep_len_mean          | 602         |
|    ep_rew_mean          | 805         |
| time/                   |             |
|    fps                  | 125         |
|    iterations           | 155         |
|    time_elapsed         | 3780        |
|    total_timesteps      | 476160      |
| train/                  |             |
|    approx_kl            | 0.048592314 |
|    clip_fraction        | 0.219       |
|    clip_range           | 0.2         |
|    entropy_loss         | -2.17       |
|    explained_variance   | 0.663       |
|    learning_rate        | 6.35e-05    |
|    loss                 | 0.0274      |
|    n_updates            | 1540        |
|    policy_gradient_loss | -0.0256     |
|    std                  | 0.715       |
|    value_loss           | 0.0251      |
| validation/             |             |
|    episode_length       | 593         |
|    fraction_at_goal     | 0.37        |
|    mean_dist_to_goal    | 4.03        |
|    success_rate         | 0.267       |
-----------------------------------------
[Step   479232] SR=0.260 | FracGoal=0.393 | Ret=799.60 | Vis=0.85 | Prog=0.066 | CollEvt=15.48 | Stage=0.66
-------------------------------------------
| curriculum/               |             |
|    stage                  | 0.66        |
| research/                 |             |
|    collision_count        | 114         |
|    collision_event_count  | 15.5        |
|    curriculum_stage       | 0.66        |
|    episode_length         | 596         |
|    episode_return         | 800         |
|    fraction_at_goal       | 0.393       |
|    reward_collision       | -0.00963    |
|    reward_progress        | 0.0657      |
|    reward_zero_visibility | -0.00438    |
|    stray_count            | 0.84        |
|    success_rate           | 0.26        |
|    visibility_ratio       | 0.846       |
| rollout/                  |             |
|    ep_len_mean            | 596         |
|    ep_rew_mean            | 800         |
| time/                     |             |
|    fps                    | 125         |
|    iterations             | 156         |
|    time_elapsed           | 3806        |
|    total_timesteps        | 479232      |
| train/                    |             |
|    approx_kl              | 0.037980188 |
|    clip_fraction          | 0.236       |
|    clip_range             | 0.2         |
|    entropy_loss           | -2.17       |
|    explained_variance     | 0.669       |
|    learning_rate          | 6.19e-05    |
|    loss                   | -0.0782     |
|    n_updates              | 1550        |
|    policy_gradient_loss   | -0.0331     |
|    std                    | 0.715       |
|    value_loss             | 0.0149      |
-------------------------------------------
Adaptive curriculum fell back to stage 0.33 at timestep 481,704
----------------------------------------
| curriculum/             |            |
|    stage                | 0.33       |
| rollout/                |            |
|    ep_len_mean          | 598        |
|    ep_rew_mean          | 797        |
| time/                   |            |
|    fps                  | 126        |
|    iterations           | 157        |
|    time_elapsed         | 3826       |
|    total_timesteps      | 482304     |
| train/                  |            |
|    approx_kl            | 0.03513079 |
|    clip_fraction        | 0.222      |
|    clip_range           | 0.2        |
|    entropy_loss         | -2.17      |
|    explained_variance   | 0.601      |
|    learning_rate        | 6.04e-05   |
|    loss                 | -0.0713    |
|    n_updates            | 1560       |
|    policy_gradient_loss | -0.038     |
|    std                  | 0.714      |
|    value_loss           | 0.0342     |
----------------------------------------
[Step   485376] SR=0.270 | FracGoal=0.402 | Ret=775.92 | Vis=0.87 | Prog=0.074 | CollEvt=14.58 | Stage=0.40
-------------------------------------------
| curriculum/               |             |
|    stage                  | 0.33        |
| research/                 |             |
|    collision_count        | 110         |
|    collision_event_count  | 14.6        |
|    curriculum_stage       | 0.396       |
|    episode_length         | 583         |
|    episode_return         | 776         |
|    fraction_at_goal       | 0.402       |
|    reward_collision       | -0.00914    |
|    reward_progress        | 0.0737      |
|    reward_zero_visibility | -0.00583    |
|    stray_count            | 0.8         |
|    success_rate           | 0.27        |
|    visibility_ratio       | 0.866       |
| rollout/                  |             |
|    ep_len_mean            | 583         |
|    ep_rew_mean            | 776         |
| time/                     |             |
|    fps                    | 126         |
|    iterations             | 158         |
|    time_elapsed           | 3847        |
|    total_timesteps        | 485376      |
| train/                    |             |
|    approx_kl              | 0.027975745 |
|    clip_fraction          | 0.192       |
|    clip_range             | 0.2         |
|    entropy_loss           | -2.16       |
|    explained_variance     | 0.72        |
|    learning_rate          | 5.88e-05    |
|    loss                   | -0.0418     |
|    n_updates              | 1570        |
|    policy_gradient_loss   | -0.0329     |
|    std                    | 0.713       |
|    value_loss             | 0.0269      |
-------------------------------------------
-----------------------------------------
| curriculum/             |             |
|    stage                | 0.33        |
| rollout/                |             |
|    ep_len_mean          | 588         |
|    ep_rew_mean          | 779         |
| time/                   |             |
|    fps                  | 126         |
|    iterations           | 159         |
|    time_elapsed         | 3863        |
|    total_timesteps      | 488448      |
| train/                  |             |
|    approx_kl            | 0.036049783 |
|    clip_fraction        | 0.205       |
|    clip_range           | 0.2         |
|    entropy_loss         | -2.16       |
|    explained_variance   | 0.685       |
|    learning_rate        | 5.73e-05    |
|    loss                 | -0.0467     |
|    n_updates            | 1580        |
|    policy_gradient_loss | -0.0384     |
|    std                  | 0.712       |
|    value_loss           | 0.0525      |
-----------------------------------------
[Step   491520] SR=0.280 | FracGoal=0.411 | Ret=771.85 | Vis=0.85 | Prog=0.073 | CollEvt=15.31 | Stage=0.33
-------------------------------------------
| curriculum/               |             |
|    stage                  | 0.33        |
| research/                 |             |
|    collision_count        | 103         |
|    collision_event_count  | 15.3        |
|    curriculum_stage       | 0.33        |
|    episode_length         | 580         |
|    episode_return         | 772         |
|    fraction_at_goal       | 0.411       |
|    reward_collision       | -0.00904    |
|    reward_progress        | 0.0727      |
|    reward_zero_visibility | -0.00593    |
|    stray_count            | 0.86        |
|    success_rate           | 0.28        |
|    visibility_ratio       | 0.854       |
| rollout/                  |             |
|    ep_len_mean            | 580         |
|    ep_rew_mean            | 772         |
| time/                     |             |
|    fps                    | 126         |
|    iterations             | 160         |
|    time_elapsed           | 3880        |
|    total_timesteps        | 491520      |
| train/                    |             |
|    approx_kl              | 0.025992366 |
|    clip_fraction          | 0.197       |
|    clip_range             | 0.2         |
|    entropy_loss           | -2.16       |
|    explained_variance     | 0.796       |
|    learning_rate          | 5.58e-05    |
|    loss                   | -0.0552     |
|    n_updates              | 1590        |
|    policy_gradient_loss   | -0.0348     |
|    std                    | 0.711       |
|    value_loss             | 0.0164      |
-------------------------------------------
-----------------------------------------
| curriculum/             |             |
|    stage                | 0.33        |
| rollout/                |             |
|    ep_len_mean          | 571         |
|    ep_rew_mean          | 763         |
| time/                   |             |
|    fps                  | 126         |
|    iterations           | 161         |
|    time_elapsed         | 3898        |
|    total_timesteps      | 494592      |
| train/                  |             |
|    approx_kl            | 0.030059356 |
|    clip_fraction        | 0.18        |
|    clip_range           | 0.2         |
|    entropy_loss         | -2.15       |
|    explained_variance   | 0.557       |
|    learning_rate        | 5.42e-05    |
|    loss                 | 0.0046      |
|    n_updates            | 1600        |
|    policy_gradient_loss | -0.0282     |
|    std                  | 0.71        |
|    value_loss           | 0.0468      |
-----------------------------------------
[Step   497664] SR=0.300 | FracGoal=0.436 | Ret=766.12 | Vis=0.86 | Prog=0.076 | CollEvt=17.25 | Stage=0.33
-------------------------------------------
| curriculum/               |             |
|    stage                  | 0.33        |
| research/                 |             |
|    collision_count        | 105         |
|    collision_event_count  | 17.2        |
|    curriculum_stage       | 0.33        |
|    episode_length         | 571         |
|    episode_return         | 766         |
|    fraction_at_goal       | 0.436       |
|    reward_collision       | -0.00964    |
|    reward_progress        | 0.0762      |
|    reward_zero_visibility | -0.00584    |
|    stray_count            | 0.83        |
|    success_rate           | 0.3         |
|    visibility_ratio       | 0.862       |
| rollout/                  |             |
|    ep_len_mean            | 571         |
|    ep_rew_mean            | 766         |
| time/                     |             |
|    fps                    | 127         |
|    iterations             | 162         |
|    time_elapsed           | 3916        |
|    total_timesteps        | 497664      |
| train/                    |             |
|    approx_kl              | 0.021983914 |
|    clip_fraction          | 0.178       |
|    clip_range             | 0.2         |
|    entropy_loss           | -2.15       |
|    explained_variance     | 0.587       |
|    learning_rate          | 5.27e-05    |
|    loss                   | -0.0643     |
|    n_updates              | 1610        |
|    policy_gradient_loss   | -0.0315     |
|    std                    | 0.71        |
|    value_loss             | 0.0536      |
-------------------------------------------
[validation @ 500,160] SR=0.233 | FracGoal=0.401 | MeanDist=3.64 | best=0.401
-----------------------------------------
| curriculum/             |             |
|    stage                | 0.33        |
| rollout/                |             |
|    ep_len_mean          | 572         |
|    ep_rew_mean          | 774         |
| time/                   |             |
|    fps                  | 126         |
|    iterations           | 163         |
|    time_elapsed         | 3955        |
|    total_timesteps      | 500736      |
| train/                  |             |
|    approx_kl            | 0.027557466 |
|    clip_fraction        | 0.198       |
|    clip_range           | 0.2         |
|    entropy_loss         | -2.15       |
|    explained_variance   | 0.746       |
|    learning_rate        | 5.12e-05    |
|    loss                 | -0.0581     |
|    n_updates            | 1620        |
|    policy_gradient_loss | -0.0337     |
|    std                  | 0.71        |
|    value_loss           | 0.031       |
| validation/             |             |
|    episode_length       | 608         |
|    fraction_at_goal     | 0.401       |
|    mean_dist_to_goal    | 3.64        |
|    success_rate         | 0.233       |
-----------------------------------------
[Step   503808] SR=0.300 | FracGoal=0.439 | Ret=780.84 | Vis=0.86 | Prog=0.072 | CollEvt=17.84 | Stage=0.33
-------------------------------------------
| curriculum/               |             |
|    stage                  | 0.33        |
| research/                 |             |
|    collision_count        | 111         |
|    collision_event_count  | 17.8        |
|    curriculum_stage       | 0.33        |
|    episode_length         | 578         |
|    episode_return         | 781         |
|    fraction_at_goal       | 0.439       |
|    reward_collision       | -0.01       |
|    reward_progress        | 0.0723      |
|    reward_zero_visibility | -0.00581    |
|    stray_count            | 0.68        |
|    success_rate           | 0.3         |
|    visibility_ratio       | 0.858       |
| rollout/                  |             |
|    ep_len_mean            | 578         |
|    ep_rew_mean            | 781         |
| time/                     |             |
|    fps                    | 126         |
|    iterations             | 164         |
|    time_elapsed           | 3974        |
|    total_timesteps        | 503808      |
| train/                    |             |
|    approx_kl              | 0.023998205 |
|    clip_fraction          | 0.175       |
|    clip_range             | 0.2         |
|    entropy_loss           | -2.15       |
|    explained_variance     | 0.845       |
|    learning_rate          | 4.96e-05    |
|    loss                   | -0.0502     |
|    n_updates              | 1630        |
|    policy_gradient_loss   | -0.0276     |
|    std                    | 0.709       |
|    value_loss             | 0.0478      |
-------------------------------------------
-----------------------------------------
| curriculum/             |             |
|    stage                | 0.33        |
| rollout/                |             |
|    ep_len_mean          | 575         |
|    ep_rew_mean          | 783         |
| time/                   |             |
|    fps                  | 127         |
|    iterations           | 165         |
|    time_elapsed         | 3986        |
|    total_timesteps      | 506880      |
| train/                  |             |
|    approx_kl            | 0.021209022 |
|    clip_fraction        | 0.175       |
|    clip_range           | 0.2         |
|    entropy_loss         | -2.15       |
|    explained_variance   | 0.908       |
|    learning_rate        | 4.81e-05    |
|    loss                 | -0.0347     |
|    n_updates            | 1640        |
|    policy_gradient_loss | -0.0271     |
|    std                  | 0.709       |
|    value_loss           | 0.042       |
-----------------------------------------
[Step   509952] SR=0.350 | FracGoal=0.472 | Ret=774.60 | Vis=0.87 | Prog=0.074 | CollEvt=17.39 | Stage=0.33
-------------------------------------------
| curriculum/               |             |
|    stage                  | 0.33        |
| research/                 |             |
|    collision_count        | 119         |
|    collision_event_count  | 17.4        |
|    curriculum_stage       | 0.33        |
|    episode_length         | 565         |
|    episode_return         | 775         |
|    fraction_at_goal       | 0.472       |
|    reward_collision       | -0.0104     |
|    reward_progress        | 0.0743      |
|    reward_zero_visibility | -0.00469    |
|    stray_count            | 0.59        |
|    success_rate           | 0.35        |
|    visibility_ratio       | 0.87        |
| rollout/                  |             |
|    ep_len_mean            | 565         |
|    ep_rew_mean            | 775         |
| time/                     |             |
|    fps                    | 127         |
|    iterations             | 166         |
|    time_elapsed           | 4002        |
|    total_timesteps        | 509952      |
| train/                    |             |
|    approx_kl              | 0.025011469 |
|    clip_fraction          | 0.187       |
|    clip_range             | 0.2         |
|    entropy_loss           | -2.15       |
|    explained_variance     | 0.639       |
|    learning_rate          | 4.66e-05    |
|    loss                   | -0.0472     |
|    n_updates              | 1650        |
|    policy_gradient_loss   | -0.0261     |
|    std                    | 0.708       |
|    value_loss             | 0.0629      |
-------------------------------------------
-----------------------------------------
| curriculum/             |             |
|    stage                | 0.33        |
| rollout/                |             |
|    ep_len_mean          | 558         |
|    ep_rew_mean          | 768         |
| time/                   |             |
|    fps                  | 127         |
|    iterations           | 167         |
|    time_elapsed         | 4026        |
|    total_timesteps      | 513024      |
| train/                  |             |
|    approx_kl            | 0.020231511 |
|    clip_fraction        | 0.172       |
|    clip_range           | 0.2         |
|    entropy_loss         | -2.15       |
|    explained_variance   | 0.581       |
|    learning_rate        | 4.5e-05     |
|    loss                 | -0.0544     |
|    n_updates            | 1660        |
|    policy_gradient_loss | -0.0265     |
|    std                  | 0.707       |
|    value_loss           | 0.0799      |
-----------------------------------------
[Step   516096] SR=0.340 | FracGoal=0.465 | Ret=787.92 | Vis=0.87 | Prog=0.072 | CollEvt=18.07 | Stage=0.33
-------------------------------------------
| curriculum/               |             |
|    stage                  | 0.33        |
| research/                 |             |
|    collision_count        | 128         |
|    collision_event_count  | 18.1        |
|    curriculum_stage       | 0.33        |
|    episode_length         | 574         |
|    episode_return         | 788         |
|    fraction_at_goal       | 0.465       |
|    reward_collision       | -0.011      |
|    reward_progress        | 0.0723      |
|    reward_zero_visibility | -0.00475    |
|    stray_count            | 0.57        |
|    success_rate           | 0.34        |
|    visibility_ratio       | 0.869       |
| rollout/                  |             |
|    ep_len_mean            | 574         |
|    ep_rew_mean            | 788         |
| time/                     |             |
|    fps                    | 127         |
|    iterations             | 168         |
|    time_elapsed           | 4039        |
|    total_timesteps        | 516096      |
| train/                    |             |
|    approx_kl              | 0.021280762 |
|    clip_fraction          | 0.17        |
|    clip_range             | 0.2         |
|    entropy_loss           | -2.14       |
|    explained_variance     | 0.516       |
|    learning_rate          | 4.35e-05    |
|    loss                   | -0.0521     |
|    n_updates              | 1670        |
|    policy_gradient_loss   | -0.0305     |
|    std                    | 0.707       |
|    value_loss             | 0.0512      |
-------------------------------------------
Adaptive curriculum advanced to stage 0.66 at timestep 517,476
-----------------------------------------
| curriculum/             |             |
|    stage                | 0.66        |
| rollout/                |             |
|    ep_len_mean          | 575         |
|    ep_rew_mean          | 792         |
| time/                   |             |
|    fps                  | 127         |
|    iterations           | 169         |
|    time_elapsed         | 4057        |
|    total_timesteps      | 519168      |
| train/                  |             |
|    approx_kl            | 0.023866177 |
|    clip_fraction        | 0.181       |
|    clip_range           | 0.2         |
|    entropy_loss         | -2.14       |
|    explained_variance   | 0.688       |
|    learning_rate        | 4.2e-05     |
|    loss                 | -0.0623     |
|    n_updates            | 1680        |
|    policy_gradient_loss | -0.0347     |
|    std                  | 0.706       |
|    value_loss           | 0.0352      |
-----------------------------------------
[Step   522240] SR=0.360 | FracGoal=0.494 | Ret=791.16 | Vis=0.88 | Prog=0.068 | CollEvt=19.22 | Stage=0.56
-------------------------------------------
| curriculum/               |             |
|    stage                  | 0.66        |
| research/                 |             |
|    collision_count        | 134         |
|    collision_event_count  | 19.2        |
|    curriculum_stage       | 0.561       |
|    episode_length         | 573         |
|    episode_return         | 791         |
|    fraction_at_goal       | 0.494       |
|    reward_collision       | -0.0116     |
|    reward_progress        | 0.068       |
|    reward_zero_visibility | -0.00456    |
|    stray_count            | 0.52        |
|    success_rate           | 0.36        |
|    visibility_ratio       | 0.875       |
| rollout/                  |             |
|    ep_len_mean            | 573         |
|    ep_rew_mean            | 791         |
| time/                     |             |
|    fps                    | 128         |
|    iterations             | 170         |
|    time_elapsed           | 4079        |
|    total_timesteps        | 522240      |
| train/                    |             |
|    approx_kl              | 0.024146628 |
|    clip_fraction          | 0.18        |
|    clip_range             | 0.2         |
|    entropy_loss           | -2.14       |
|    explained_variance     | 0.683       |
|    learning_rate          | 4.04e-05    |
|    loss                   | -0.0507     |
|    n_updates              | 1690        |
|    policy_gradient_loss   | -0.0306     |
|    std                    | 0.706       |
|    value_loss             | 0.0508      |
-------------------------------------------
[validation @ 525,168] SR=0.067 | FracGoal=0.234 | MeanDist=4.40 | best=0.401
----------------------------------------
| curriculum/             |            |
|    stage                | 0.66       |
| rollout/                |            |
|    ep_len_mean          | 563        |
|    ep_rew_mean          | 780        |
| time/                   |            |
|    fps                  | 127        |
|    iterations           | 171        |
|    time_elapsed         | 4128       |
|    total_timesteps      | 525312     |
| train/                  |            |
|    approx_kl            | 0.02296774 |
|    clip_fraction        | 0.153      |
|    clip_range           | 0.2        |
|    entropy_loss         | -2.14      |
|    explained_variance   | 0.533      |
|    learning_rate        | 3.89e-05   |
|    loss                 | -0.0563    |
|    n_updates            | 1700       |
|    policy_gradient_loss | -0.0322    |
|    std                  | 0.705      |
|    value_loss           | 0.051      |
| validation/             |            |
|    episode_length       | 675        |
|    fraction_at_goal     | 0.234      |
|    mean_dist_to_goal    | 4.4        |
|    success_rate         | 0.0667     |
----------------------------------------
[Step   528384] SR=0.420 | FracGoal=0.544 | Ret=771.87 | Vis=0.89 | Prog=0.074 | CollEvt=20.46 | Stage=0.66
-------------------------------------------
| curriculum/               |             |
|    stage                  | 0.66        |
| research/                 |             |
|    collision_count        | 143         |
|    collision_event_count  | 20.5        |
|    curriculum_stage       | 0.66        |
|    episode_length         | 560         |
|    episode_return         | 772         |
|    fraction_at_goal       | 0.544       |
|    reward_collision       | -0.0123     |
|    reward_progress        | 0.0735      |
|    reward_zero_visibility | -0.00244    |
|    stray_count            | 0.46        |
|    success_rate           | 0.42        |
|    visibility_ratio       | 0.886       |
| rollout/                  |             |
|    ep_len_mean            | 560         |
|    ep_rew_mean            | 772         |
| time/                     |             |
|    fps                    | 127         |
|    iterations             | 172         |
|    time_elapsed           | 4147        |
|    total_timesteps        | 528384      |
| train/                    |             |
|    approx_kl              | 0.020901881 |
|    clip_fraction          | 0.16        |
|    clip_range             | 0.2         |
|    entropy_loss           | -2.14       |
|    explained_variance     | 0.593       |
|    learning_rate          | 3.73e-05    |
|    loss                   | -0.0137     |
|    n_updates              | 1710        |
|    policy_gradient_loss   | -0.0345     |
|    std                    | 0.705       |
|    value_loss             | 0.0515      |
-------------------------------------------
-----------------------------------------
| curriculum/             |             |
|    stage                | 0.66        |
| rollout/                |             |
|    ep_len_mean          | 560         |
|    ep_rew_mean          | 772         |
| time/                   |             |
|    fps                  | 127         |
|    iterations           | 173         |
|    time_elapsed         | 4168        |
|    total_timesteps      | 531456      |
| train/                  |             |
|    approx_kl            | 0.026683664 |
|    clip_fraction        | 0.162       |
|    clip_range           | 0.2         |
|    entropy_loss         | -2.14       |
|    explained_variance   | 0.581       |
|    learning_rate        | 3.58e-05    |
|    loss                 | -0.026      |
|    n_updates            | 1720        |
|    policy_gradient_loss | -0.0355     |
|    std                  | 0.705       |
|    value_loss           | 0.0913      |
-----------------------------------------
[Step   534528] SR=0.440 | FracGoal=0.563 | Ret=772.59 | Vis=0.87 | Prog=0.076 | CollEvt=19.85 | Stage=0.66
-------------------------------------------
| curriculum/               |             |
|    stage                  | 0.66        |
| research/                 |             |
|    collision_count        | 136         |
|    collision_event_count  | 19.9        |
|    curriculum_stage       | 0.66        |
|    episode_length         | 556         |
|    episode_return         | 773         |
|    fraction_at_goal       | 0.563       |
|    reward_collision       | -0.0119     |
|    reward_progress        | 0.0757      |
|    reward_zero_visibility | -0.00299    |
|    stray_count            | 0.38        |
|    success_rate           | 0.44        |
|    visibility_ratio       | 0.871       |
| rollout/                  |             |
|    ep_len_mean            | 556         |
|    ep_rew_mean            | 773         |
| time/                     |             |
|    fps                    | 127         |
|    iterations             | 174         |
|    time_elapsed           | 4176        |
|    total_timesteps        | 534528      |
| train/                    |             |
|    approx_kl              | 0.021267988 |
|    clip_fraction          | 0.155       |
|    clip_range             | 0.2         |
|    entropy_loss           | -2.14       |
|    explained_variance     | 0.719       |
|    learning_rate          | 3.43e-05    |
|    loss                   | -0.0658     |
|    n_updates              | 1730        |
|    policy_gradient_loss   | -0.038      |
|    std                    | 0.704       |
|    value_loss             | 0.0161      |
-------------------------------------------
-----------------------------------------
| curriculum/             |             |
|    stage                | 0.66        |
| rollout/                |             |
|    ep_len_mean          | 551         |
|    ep_rew_mean          | 768         |
| time/                   |             |
|    fps                  | 128         |
|    iterations           | 175         |
|    time_elapsed         | 4196        |
|    total_timesteps      | 537600      |
| train/                  |             |
|    approx_kl            | 0.021349907 |
|    clip_fraction        | 0.161       |
|    clip_range           | 0.2         |
|    entropy_loss         | -2.14       |
|    explained_variance   | 0.664       |
|    learning_rate        | 3.27e-05    |
|    loss                 | -0.0298     |
|    n_updates            | 1740        |
|    policy_gradient_loss | -0.0338     |
|    std                  | 0.704       |
|    value_loss           | 0.0406      |
-----------------------------------------
[Step   540672] SR=0.430 | FracGoal=0.564 | Ret=788.75 | Vis=0.87 | Prog=0.070 | CollEvt=20.93 | Stage=0.66
-------------------------------------------
| curriculum/               |             |
|    stage                  | 0.66        |
| research/                 |             |
|    collision_count        | 139         |
|    collision_event_count  | 20.9        |
|    curriculum_stage       | 0.66        |
|    episode_length         | 562         |
|    episode_return         | 789         |
|    fraction_at_goal       | 0.564       |
|    reward_collision       | -0.0122     |
|    reward_progress        | 0.0697      |
|    reward_zero_visibility | -0.00239    |
|    stray_count            | 0.45        |
|    success_rate           | 0.43        |
|    visibility_ratio       | 0.872       |
| rollout/                  |             |
|    ep_len_mean            | 562         |
|    ep_rew_mean            | 789         |
| time/                     |             |
|    fps                    | 128         |
|    iterations             | 176         |
|    time_elapsed           | 4213        |
|    total_timesteps        | 540672      |
| train/                    |             |
|    approx_kl              | 0.018353932 |
|    clip_fraction          | 0.142       |
|    clip_range             | 0.2         |
|    entropy_loss           | -2.14       |
|    explained_variance     | 0.793       |
|    learning_rate          | 3.12e-05    |
|    loss                   | -0.0632     |
|    n_updates              | 1750        |
|    policy_gradient_loss   | -0.0303     |
|    std                    | 0.704       |
|    value_loss             | 0.027       |
-------------------------------------------
-----------------------------------------
| curriculum/             |             |
|    stage                | 0.66        |
| rollout/                |             |
|    ep_len_mean          | 561         |
|    ep_rew_mean          | 791         |
| time/                   |             |
|    fps                  | 128         |
|    iterations           | 177         |
|    time_elapsed         | 4236        |
|    total_timesteps      | 543744      |
| train/                  |             |
|    approx_kl            | 0.016525712 |
|    clip_fraction        | 0.141       |
|    clip_range           | 0.2         |
|    entropy_loss         | -2.13       |
|    explained_variance   | 0.678       |
|    learning_rate        | 2.97e-05    |
|    loss                 | -0.0484     |
|    n_updates            | 1760        |
|    policy_gradient_loss | -0.0303     |
|    std                  | 0.704       |
|    value_loss           | 0.0518      |
-----------------------------------------
[Step   546816] SR=0.420 | FracGoal=0.552 | Ret=790.69 | Vis=0.87 | Prog=0.070 | CollEvt=20.51 | Stage=0.66
-------------------------------------------
| curriculum/               |             |
|    stage                  | 0.66        |
| research/                 |             |
|    collision_count        | 142         |
|    collision_event_count  | 20.5        |
|    curriculum_stage       | 0.66        |
|    episode_length         | 561         |
|    episode_return         | 791         |
|    fraction_at_goal       | 0.552       |
|    reward_collision       | -0.0122     |
|    reward_progress        | 0.0697      |
|    reward_zero_visibility | -0.00304    |
|    stray_count            | 0.36        |
|    success_rate           | 0.42        |
|    visibility_ratio       | 0.87        |
| rollout/                  |             |
|    ep_len_mean            | 561         |
|    ep_rew_mean            | 791         |
| time/                     |             |
|    fps                    | 128         |
|    iterations             | 178         |
|    time_elapsed           | 4253        |
|    total_timesteps        | 546816      |
| train/                    |             |
|    approx_kl              | 0.019326415 |
|    clip_fraction          | 0.143       |
|    clip_range             | 0.2         |
|    entropy_loss           | -2.14       |
|    explained_variance     | 0.766       |
|    learning_rate          | 2.81e-05    |
|    loss                   | -0.0487     |
|    n_updates              | 1770        |
|    policy_gradient_loss   | -0.0293     |
|    std                    | 0.704       |
|    value_loss             | 0.0274      |
-------------------------------------------
-----------------------------------------
| curriculum/             |             |
|    stage                | 0.66        |
| rollout/                |             |
|    ep_len_mean          | 573         |
|    ep_rew_mean          | 802         |
| time/                   |             |
|    fps                  | 128         |
|    iterations           | 179         |
|    time_elapsed         | 4263        |
|    total_timesteps      | 549888      |
| train/                  |             |
|    approx_kl            | 0.017715009 |
|    clip_fraction        | 0.154       |
|    clip_range           | 0.2         |
|    entropy_loss         | -2.13       |
|    explained_variance   | 0.878       |
|    learning_rate        | 2.66e-05    |
|    loss                 | -0.0421     |
|    n_updates            | 1780        |
|    policy_gradient_loss | -0.0277     |
|    std                  | 0.704       |
|    value_loss           | 0.0158      |
-----------------------------------------
[validation @ 550,176] SR=0.233 | FracGoal=0.359 | MeanDist=4.13 | best=0.401
[Step   552960] SR=0.400 | FracGoal=0.545 | Ret=788.30 | Vis=0.85 | Prog=0.070 | CollEvt=19.78 | Stage=0.66
-------------------------------------------
| curriculum/               |             |
|    stage                  | 0.66        |
| research/                 |             |
|    collision_count        | 141         |
|    collision_event_count  | 19.8        |
|    curriculum_stage       | 0.66        |
|    episode_length         | 568         |
|    episode_return         | 788         |
|    fraction_at_goal       | 0.545       |
|    reward_collision       | -0.012      |
|    reward_progress        | 0.0696      |
|    reward_zero_visibility | -0.00352    |
|    stray_count            | 0.42        |
|    success_rate           | 0.4         |
|    visibility_ratio       | 0.846       |
| rollout/                  |             |
|    ep_len_mean            | 568         |
|    ep_rew_mean            | 788         |
| time/                     |             |
|    fps                    | 128         |
|    iterations             | 180         |
|    time_elapsed           | 4309        |
|    total_timesteps        | 552960      |
| train/                    |             |
|    approx_kl              | 0.019388013 |
|    clip_fraction          | 0.127       |
|    clip_range             | 0.2         |
|    entropy_loss           | -2.13       |
|    explained_variance     | 0.819       |
|    learning_rate          | 2.51e-05    |
|    loss                   | -0.0354     |
|    n_updates              | 1790        |
|    policy_gradient_loss   | -0.0274     |
|    std                    | 0.703       |
|    value_loss             | 0.0257      |
| validation/               |             |
|    episode_length         | 600         |
|    fraction_at_goal       | 0.359       |
|    mean_dist_to_goal      | 4.13        |
|    success_rate           | 0.233       |
-------------------------------------------
-----------------------------------------
| curriculum/             |             |
|    stage                | 0.66        |
| rollout/                |             |
|    ep_len_mean          | 568         |
|    ep_rew_mean          | 787         |
| time/                   |             |
|    fps                  | 128         |
|    iterations           | 181         |
|    time_elapsed         | 4326        |
|    total_timesteps      | 556032      |
| train/                  |             |
|    approx_kl            | 0.015212649 |
|    clip_fraction        | 0.111       |
|    clip_range           | 0.2         |
|    entropy_loss         | -2.13       |
|    explained_variance   | 0.658       |
|    learning_rate        | 2.35e-05    |
|    loss                 | -0.0212     |
|    n_updates            | 1800        |
|    policy_gradient_loss | -0.0257     |
|    std                  | 0.703       |
|    value_loss           | 0.0817      |
-----------------------------------------
[Step   559104] SR=0.370 | FracGoal=0.518 | Ret=789.53 | Vis=0.84 | Prog=0.069 | CollEvt=19.18 | Stage=0.66
-------------------------------------------
| curriculum/               |             |
|    stage                  | 0.66        |
| research/                 |             |
|    collision_count        | 130         |
|    collision_event_count  | 19.2        |
|    curriculum_stage       | 0.66        |
|    episode_length         | 574         |
|    episode_return         | 790         |
|    fraction_at_goal       | 0.518       |
|    reward_collision       | -0.0113     |
|    reward_progress        | 0.069       |
|    reward_zero_visibility | -0.00589    |
|    stray_count            | 0.47        |
|    success_rate           | 0.37        |
|    visibility_ratio       | 0.841       |
| rollout/                  |             |
|    ep_len_mean            | 574         |
|    ep_rew_mean            | 790         |
| time/                     |             |
|    fps                    | 129         |
|    iterations             | 182         |
|    time_elapsed           | 4333        |
|    total_timesteps        | 559104      |
| train/                    |             |
|    approx_kl              | 0.015032025 |
|    clip_fraction          | 0.12        |
|    clip_range             | 0.2         |
|    entropy_loss           | -2.13       |
|    explained_variance     | 0.873       |
|    learning_rate          | 2.2e-05     |
|    loss                   | -0.0368     |
|    n_updates              | 1810        |
|    policy_gradient_loss   | -0.0266     |
|    std                    | 0.703       |
|    value_loss             | 0.0239      |
-------------------------------------------
-----------------------------------------
| curriculum/             |             |
|    stage                | 0.66        |
| rollout/                |             |
|    ep_len_mean          | 576         |
|    ep_rew_mean          | 777         |
| time/                   |             |
|    fps                  | 129         |
|    iterations           | 183         |
|    time_elapsed         | 4350        |
|    total_timesteps      | 562176      |
| train/                  |             |
|    approx_kl            | 0.014134027 |
|    clip_fraction        | 0.111       |
|    clip_range           | 0.2         |
|    entropy_loss         | -2.13       |
|    explained_variance   | 0.933       |
|    learning_rate        | 2.04e-05    |
|    loss                 | -0.0501     |
|    n_updates            | 1820        |
|    policy_gradient_loss | -0.022      |
|    std                  | 0.702       |
|    value_loss           | 0.0185      |
-----------------------------------------
[Step   565248] SR=0.370 | FracGoal=0.500 | Ret=770.92 | Vis=0.82 | Prog=0.071 | CollEvt=19.38 | Stage=0.66
-------------------------------------------
| curriculum/               |             |
|    stage                  | 0.66        |
| research/                 |             |
|    collision_count        | 134         |
|    collision_event_count  | 19.4        |
|    curriculum_stage       | 0.66        |
|    episode_length         | 573         |
|    episode_return         | 771         |
|    fraction_at_goal       | 0.5         |
|    reward_collision       | -0.0116     |
|    reward_progress        | 0.0712      |
|    reward_zero_visibility | -0.00915    |
|    stray_count            | 0.48        |
|    success_rate           | 0.37        |
|    visibility_ratio       | 0.824       |
| rollout/                  |             |
|    ep_len_mean            | 573         |
|    ep_rew_mean            | 771         |
| time/                     |             |
|    fps                    | 129         |
|    iterations             | 184         |
|    time_elapsed           | 4372        |
|    total_timesteps        | 565248      |
| train/                    |             |
|    approx_kl              | 0.012962613 |
|    clip_fraction          | 0.105       |
|    clip_range             | 0.2         |
|    entropy_loss           | -2.13       |
|    explained_variance     | 0.835       |
|    learning_rate          | 1.89e-05    |
|    loss                   | -0.0509     |
|    n_updates              | 1830        |
|    policy_gradient_loss   | -0.0272     |
|    std                    | 0.702       |
|    value_loss             | 0.0359      |
-------------------------------------------
Adaptive curriculum fell back to stage 0.33 at timestep 565,464
-----------------------------------------
| curriculum/             |             |
|    stage                | 0.33        |
| rollout/                |             |
|    ep_len_mean          | 578         |
|    ep_rew_mean          | 776         |
| time/                   |             |
|    fps                  | 129         |
|    iterations           | 185         |
|    time_elapsed         | 4383        |
|    total_timesteps      | 568320      |
| train/                  |             |
|    approx_kl            | 0.012151344 |
|    clip_fraction        | 0.0825      |
|    clip_range           | 0.2         |
|    entropy_loss         | -2.13       |
|    explained_variance   | 0.636       |
|    learning_rate        | 1.74e-05    |
|    loss                 | -0.0545     |
|    n_updates            | 1840        |
|    policy_gradient_loss | -0.0251     |
|    std                  | 0.702       |
|    value_loss           | 0.0589      |
-----------------------------------------
[Step   571392] SR=0.320 | FracGoal=0.460 | Ret=774.79 | Vis=0.81 | Prog=0.070 | CollEvt=18.88 | Stage=0.33
-------------------------------------------
| curriculum/               |             |
|    stage                  | 0.33        |
| research/                 |             |
|    collision_count        | 127         |
|    collision_event_count  | 18.9        |
|    curriculum_stage       | 0.33        |
|    episode_length         | 582         |
|    episode_return         | 775         |
|    fraction_at_goal       | 0.46        |
|    reward_collision       | -0.011      |
|    reward_progress        | 0.0696      |
|    reward_zero_visibility | -0.00993    |
|    stray_count            | 0.55        |
|    success_rate           | 0.32        |
|    visibility_ratio       | 0.807       |
| rollout/                  |             |
|    ep_len_mean            | 582         |
|    ep_rew_mean            | 775         |
| time/                     |             |
|    fps                    | 129         |
|    iterations             | 186         |
|    time_elapsed           | 4402        |
|    total_timesteps        | 571392      |
| train/                    |             |
|    approx_kl              | 0.010693431 |
|    clip_fraction          | 0.0854      |
|    clip_range             | 0.2         |
|    entropy_loss           | -2.13       |
|    explained_variance     | 0.681       |
|    learning_rate          | 1.58e-05    |
|    loss                   | -0.0429     |
|    n_updates              | 1850        |
|    policy_gradient_loss   | -0.0235     |
|    std                    | 0.701       |
|    value_loss             | 0.0275      |
-------------------------------------------
-----------------------------------------
| curriculum/             |             |
|    stage                | 0.33        |
| rollout/                |             |
|    ep_len_mean          | 575         |
|    ep_rew_mean          | 765         |
| time/                   |             |
|    fps                  | 129         |
|    iterations           | 187         |
|    time_elapsed         | 4421        |
|    total_timesteps      | 574464      |
| train/                  |             |
|    approx_kl            | 0.009008074 |
|    clip_fraction        | 0.0662      |
|    clip_range           | 0.2         |
|    entropy_loss         | -2.13       |
|    explained_variance   | 0.594       |
|    learning_rate        | 1.43e-05    |
|    loss                 | 0.0344      |
|    n_updates            | 1860        |
|    policy_gradient_loss | -0.0177     |
|    std                  | 0.702       |
|    value_loss           | 0.0602      |
-----------------------------------------
[validation @ 575,184] SR=0.267 | FracGoal=0.418 | MeanDist=3.36 | best=0.418
[Step   577536] SR=0.330 | FracGoal=0.468 | Ret=770.36 | Vis=0.81 | Prog=0.073 | CollEvt=17.43 | Stage=0.33
-------------------------------------------
| curriculum/               |             |
|    stage                  | 0.33        |
| research/                 |             |
|    collision_count        | 132         |
|    collision_event_count  | 17.4        |
|    curriculum_stage       | 0.33        |
|    episode_length         | 576         |
|    episode_return         | 770         |
|    fraction_at_goal       | 0.468       |
|    reward_collision       | -0.0109     |
|    reward_progress        | 0.0725      |
|    reward_zero_visibility | -0.00986    |
|    stray_count            | 0.53        |
|    success_rate           | 0.33        |
|    visibility_ratio       | 0.805       |
| rollout/                  |             |
|    ep_len_mean            | 576         |
|    ep_rew_mean            | 770         |
| time/                     |             |
|    fps                    | 129         |
|    iterations             | 188         |
|    time_elapsed           | 4469        |
|    total_timesteps        | 577536      |
| train/                    |             |
|    approx_kl              | 0.011084585 |
|    clip_fraction          | 0.085       |
|    clip_range             | 0.2         |
|    entropy_loss           | -2.13       |
|    explained_variance     | 0.618       |
|    learning_rate          | 1.28e-05    |
|    loss                   | -0.0503     |
|    n_updates              | 1870        |
|    policy_gradient_loss   | -0.0245     |
|    std                    | 0.702       |
|    value_loss             | 0.0424      |
| validation/               |             |
|    episode_length         | 559         |
|    fraction_at_goal       | 0.418       |
|    mean_dist_to_goal      | 3.36        |
|    success_rate           | 0.267       |
-------------------------------------------
-----------------------------------------
| curriculum/             |             |
|    stage                | 0.33        |
| rollout/                |             |
|    ep_len_mean          | 579         |
|    ep_rew_mean          | 772         |
| time/                   |             |
|    fps                  | 129         |
|    iterations           | 189         |
|    time_elapsed         | 4488        |
|    total_timesteps      | 580608      |
| train/                  |             |
|    approx_kl            | 0.008867728 |
|    clip_fraction        | 0.0618      |
|    clip_range           | 0.2         |
|    entropy_loss         | -2.13       |
|    explained_variance   | 0.529       |
|    learning_rate        | 1.12e-05    |
|    loss                 | -0.0385     |
|    n_updates            | 1880        |
|    policy_gradient_loss | -0.0189     |
|    std                  | 0.702       |
|    value_loss           | 0.0698      |
-----------------------------------------
[Step   583680] SR=0.320 | FracGoal=0.458 | Ret=752.23 | Vis=0.81 | Prog=0.081 | CollEvt=15.74 | Stage=0.33
--------------------------------------------
| curriculum/               |              |
|    stage                  | 0.33         |
| research/                 |              |
|    collision_count        | 133          |
|    collision_event_count  | 15.7         |
|    curriculum_stage       | 0.33         |
|    episode_length         | 560          |
|    episode_return         | 752          |
|    fraction_at_goal       | 0.458        |
|    reward_collision       | -0.0106      |
|    reward_progress        | 0.0813       |
|    reward_zero_visibility | -0.00981     |
|    stray_count            | 0.51         |
|    success_rate           | 0.32         |
|    visibility_ratio       | 0.811        |
| rollout/                  |              |
|    ep_len_mean            | 560          |
|    ep_rew_mean            | 752          |
| time/                     |              |
|    fps                    | 129          |
|    iterations             | 190          |
|    time_elapsed           | 4504         |
|    total_timesteps        | 583680       |
| train/                    |              |
|    approx_kl              | 0.0087936465 |
|    clip_fraction          | 0.0579       |
|    clip_range             | 0.2          |
|    entropy_loss           | -2.13        |
|    explained_variance     | 0.666        |
|    learning_rate          | 9.7e-06      |
|    loss                   | -0.000921    |
|    n_updates              | 1890         |
|    policy_gradient_loss   | -0.0176      |
|    std                    | 0.701        |
|    value_loss             | 0.0362       |
--------------------------------------------
-----------------------------------------
| curriculum/             |             |
|    stage                | 0.33        |
| rollout/                |             |
|    ep_len_mean          | 565         |
|    ep_rew_mean          | 758         |
| time/                   |             |
|    fps                  | 129         |
|    iterations           | 191         |
|    time_elapsed         | 4524        |
|    total_timesteps      | 586752      |
| train/                  |             |
|    approx_kl            | 0.007070208 |
|    clip_fraction        | 0.0465      |
|    clip_range           | 0.2         |
|    entropy_loss         | -2.13       |
|    explained_variance   | 0.641       |
|    learning_rate        | 8.16e-06    |
|    loss                 | -0.0117     |
|    n_updates            | 1900        |
|    policy_gradient_loss | -0.015      |
|    std                  | 0.701       |
|    value_loss           | 0.109       |
-----------------------------------------
[Step   589824] SR=0.320 | FracGoal=0.463 | Ret=758.50 | Vis=0.82 | Prog=0.077 | CollEvt=16.72 | Stage=0.33
-------------------------------------------
| curriculum/               |             |
|    stage                  | 0.33        |
| research/                 |             |
|    collision_count        | 152         |
|    collision_event_count  | 16.7        |
|    curriculum_stage       | 0.33        |
|    episode_length         | 563         |
|    episode_return         | 758         |
|    fraction_at_goal       | 0.463       |
|    reward_collision       | -0.0119     |
|    reward_progress        | 0.0769      |
|    reward_zero_visibility | -0.00884    |
|    stray_count            | 0.53        |
|    success_rate           | 0.32        |
|    visibility_ratio       | 0.817       |
| rollout/                  |             |
|    ep_len_mean            | 563         |
|    ep_rew_mean            | 758         |
| time/                     |             |
|    fps                    | 129         |
|    iterations             | 192         |
|    time_elapsed           | 4541        |
|    total_timesteps        | 589824      |
| train/                    |             |
|    approx_kl              | 0.006444663 |
|    clip_fraction          | 0.0384      |
|    clip_range             | 0.2         |
|    entropy_loss           | -2.13       |
|    explained_variance     | 0.71        |
|    learning_rate          | 6.62e-06    |
|    loss                   | 0.0506      |
|    n_updates              | 1910        |
|    policy_gradient_loss   | -0.0142     |
|    std                    | 0.701       |
|    value_loss             | 0.0501      |
-------------------------------------------
Adaptive curriculum advanced to stage 0.66 at timestep 590,472
------------------------------------------
| curriculum/             |              |
|    stage                | 0.66         |
| rollout/                |              |
|    ep_len_mean          | 559          |
|    ep_rew_mean          | 757          |
| time/                   |              |
|    fps                  | 130          |
|    iterations           | 193          |
|    time_elapsed         | 4555         |
|    total_timesteps      | 592896       |
| train/                  |              |
|    approx_kl            | 0.0049934313 |
|    clip_fraction        | 0.0275       |
|    clip_range           | 0.2          |
|    entropy_loss         | -2.13        |
|    explained_variance   | 0.611        |
|    learning_rate        | 5.09e-06     |
|    loss                 | 0.0431       |
|    n_updates            | 1920         |
|    policy_gradient_loss | -0.0116      |
|    std                  | 0.701        |
|    value_loss           | 0.0643       |
------------------------------------------
[Step   595968] SR=0.340 | FracGoal=0.480 | Ret=754.74 | Vis=0.82 | Prog=0.079 | CollEvt=15.96 | Stage=0.66
-------------------------------------------
| curriculum/               |             |
|    stage                  | 0.66        |
| research/                 |             |
|    collision_count        | 148         |
|    collision_event_count  | 16          |
|    curriculum_stage       | 0.66        |
|    episode_length         | 557         |
|    episode_return         | 755         |
|    fraction_at_goal       | 0.48        |
|    reward_collision       | -0.0116     |
|    reward_progress        | 0.0785      |
|    reward_zero_visibility | -0.00779    |
|    stray_count            | 0.38        |
|    success_rate           | 0.34        |
|    visibility_ratio       | 0.824       |
| rollout/                  |             |
|    ep_len_mean            | 557         |
|    ep_rew_mean            | 755         |
| time/                     |             |
|    fps                    | 130         |
|    iterations             | 194         |
|    time_elapsed           | 4573        |
|    total_timesteps        | 595968      |
| train/                    |             |
|    approx_kl              | 0.004757628 |
|    clip_fraction          | 0.0234      |
|    clip_range             | 0.2         |
|    entropy_loss           | -2.13       |
|    explained_variance     | 0.628       |
|    learning_rate          | 3.55e-06    |
|    loss                   | -0.0175     |
|    n_updates              | 1930        |
|    policy_gradient_loss   | -0.0105     |
|    std                    | 0.701       |
|    value_loss             | 0.0428      |
-------------------------------------------
------------------------------------------
| curriculum/             |              |
|    stage                | 0.66         |
| rollout/                |              |
|    ep_len_mean          | 566          |
|    ep_rew_mean          | 766          |
| time/                   |              |
|    fps                  | 130          |
|    iterations           | 195          |
|    time_elapsed         | 4592         |
|    total_timesteps      | 599040       |
| train/                  |              |
|    approx_kl            | 0.0025790236 |
|    clip_fraction        | 0.00947      |
|    clip_range           | 0.2          |
|    entropy_loss         | -2.13        |
|    explained_variance   | 0.65         |
|    learning_rate        | 2.02e-06     |
|    loss                 | -0.0155      |
|    n_updates            | 1940         |
|    policy_gradient_loss | -0.00717     |
|    std                  | 0.701        |
|    value_loss           | 0.0605       |
------------------------------------------
[validation @ 600,192] SR=0.300 | FracGoal=0.380 | MeanDist=3.74 | best=0.418
[Step   602112] SR=0.340 | FracGoal=0.496 | Ret=755.23 | Vis=0.84 | Prog=0.080 | CollEvt=16.57 | Stage=0.66
--------------------------------------------
| curriculum/               |              |
|    stage                  | 0.66         |
| research/                 |              |
|    collision_count        | 147          |
|    collision_event_count  | 16.6         |
|    curriculum_stage       | 0.66         |
|    episode_length         | 558          |
|    episode_return         | 755          |
|    fraction_at_goal       | 0.496        |
|    reward_collision       | -0.0118      |
|    reward_progress        | 0.0796       |
|    reward_zero_visibility | -0.00744     |
|    stray_count            | 0.38         |
|    success_rate           | 0.34         |
|    visibility_ratio       | 0.836        |
| rollout/                  |              |
|    ep_len_mean            | 558          |
|    ep_rew_mean            | 755          |
| time/                     |              |
|    fps                    | 129          |
|    iterations             | 196          |
|    time_elapsed           | 4634         |
|    total_timesteps        | 602112       |
| train/                    |              |
|    approx_kl              | 0.0001599718 |
|    clip_fraction          | 0            |
|    clip_range             | 0.2          |
|    entropy_loss           | -2.13        |
|    explained_variance     | 0.759        |
|    learning_rate          | 4.8e-07      |
|    loss                   | 0.0022       |
|    n_updates              | 1950         |
|    policy_gradient_loss   | -0.00154     |
|    std                    | 0.701        |
|    value_loss             | 0.0233       |
| validation/               |              |
|    episode_length         | 576          |
|    fraction_at_goal       | 0.38         |
|    mean_dist_to_goal      | 3.74         |
|    success_rate           | 0.3          |
--------------------------------------------

[warning] The curriculum finished at stage 0.66 (< 1.0). Earlier stages narrow the obstacle topologies and shrink the dynamics ranges, so this run trained on less randomization than the config asks for. Check curriculum.fraction_per_stage in this metadata file, then loosen training.curriculum.stages or train for longer.

Saved model to models/research_v3_gate045/recurrent/recurrent_seed1.zip
